"nflId_def","Pos","Player","G","Pass Snaps","%Man","route","Man EPS","Man EPS Tracking","Man EPS Closing","Man EPS Ball Skills","Man EPS Tackling","Covers","Accurate TAR","C","INT","PB","T","FF"
2552568,"CB","Byron Jones (DAL)",16,594,0.72,"GO",11.72,3.43,-0.05,6.26,2.08,148,13,5,0,5,3,0
2540288,"CB","Darius Slay (DET)",15,499,0.63,"GO",10.76,1.71,-0.69,9.62,0.12,81,9,1,0,5,1,0
2556367,"CB","William Jackson (CIN)",16,601,0.7,"GO",9.95,6.74,-1.53,4.61,0.13,154,7,2,0,3,0,0
4365,"CB","Brandon Carr (BAL)",16,556,0.6,"GO",9.56,3.09,-1.4,7.45,0.42,89,7,1,1,3,1,0
2555277,"CB","Eli Apple (NO/NYG)",15,552,0.63,"GO",9.35,4.99,-1.38,6.02,-0.28,103,7,1,0,4,1,0
2533062,"CB","Stephon Gilmore (NE)",16,627,0.72,"GO",9.22,2.1,0.04,6.97,0.11,168,11,3,0,3,1,0
496733,"CB","Joe Haden (PIT)",15,571,0.65,"GO",9.17,2.02,0.92,5.83,0.4,113,8,2,1,2,1,0
2543681,"CB","Kyle Fuller (CHI)",16,647,0.64,"OUT",8.99,-1.03,0.18,9.44,0.4,28,11,6,2,1,3,0
2532828,"OLB","Lavonte David (TB)",14,522,0.28,"OUT",6.6,-0.46,0.7,5.57,0.8,17,8,4,0,0,3.5,0
2307,"CB","Orlando Scandrick (KC)",13,508,0.63,"GO",6.43,4.43,-0.9,0.93,1.97,109,7,3,1,2,2,0
2508107,"CB","Jimmy Smith (BAL)",12,370,0.63,"GO",6.25,3.08,-0.16,3.55,-0.23,81,5,2,0,2,2,0
2560916,"CB","Denzel Ward (CLE)",13,500,0.58,"SLANT",5.95,0.66,0.32,-0.6,5.57,20,5,3,0,2,1,1
2532920,"CB","Josh Norman (WAS)",16,599,0.63,"SLANT",5.95,0.55,0.05,2.65,2.7,32,10,7,1,2,3.5,0
2560725,"S","Minkah Fitzpatrick (MIA)",16,507,0.53,"FLAT",5.88,-0.05,0.18,1.85,3.9,11,2,1,0,1,1,0
2552265,"CB","Steven Nelson (KC)",15,659,0.68,"GO",5.77,3.56,-1.21,4.47,-1.04,142,12,6,0,1,4,0
2532877,"CB","Trumaine Johnson (NYJ)",10,379,0.61,"SLANT",5.42,0.8,0.77,3.76,0.09,16,3,2,1,0,1,0
2532861,"CB","Casey Hayward (LAC)",15,560,0.71,"GO",5.23,0.85,2.29,2.58,-0.5,135,8,4,0,2,3,0
2552312,"MLB","Eric Kendricks (MIN)",13,442,0.25,"OUT",4.91,-1.35,0.38,5.89,-0.01,14,8,5,1,1,4,0
2557961,"CB","Quincy Wilson (IND)",13,282,0.56,"GO",4.88,0.39,0.74,3.93,-0.19,55,2,1,1,0,0,0
496727,"SS","Morgan Burnett (PIT)",11,254,0.35,"GO",4.85,-0.08,0.24,4.11,0.58,19,5,2,0,2,1,0
1302,"CB","Aqib Talib (LA)",8,217,0.51,"HITCH",4.45,0.35,-0.31,-0.16,4.58,10,2,2,0,0,1,1
2558005,"ILB","Jayon Brown (TEN)",16,506,0.19,"HITCH",4.33,-0.01,4.35,-0.08,0.07,5,1,1,0,0,1,0
2539290,"FS","Jordan Poyer (BUF)",16,546,0.16,"POST",4.32,-0.28,-0.13,4.69,0.04,5,2,1,1,0,1,0
2540162,"CB","Logan Ryan (TEN)",14,498,0.51,"CROSS",4.14,-0.59,-0.48,5.72,-0.52,31,8,4,0,2,4,0
2543637,"CB","Terrance Mitchell (CLE)",8,265,0.52,"HITCH",3.96,0.12,-0.53,-0.64,5.01,14,1,1,0,0,1,1
89756,"CB","Jason McCourty (NE)",16,534,0.61,"GO",3.87,1,2.81,-0.32,0.37,96,6,3,0,2,2,0
496735,"CB","Kareem Jackson (HOU)",16,593,0.43,"POST",3.82,-0.52,-1.96,6.51,-0.22,19,4,1,1,2,0,0
2532875,"CB","Janoris Jenkins (NYG)",16,602,0.6,"GO",3.73,0.78,-0.42,2.97,0.39,110,8,5,1,2,2,0
2541200,"CB","Rashaan Melvin (OAK)",14,330,0.68,"HITCH",3.72,-0.36,0.83,1.74,1.5,22,6,3,0,2,1,0
2560946,"DB","Isaac Yiadom (DEN)",11,179,0.75,"OUT",3.41,-0.18,-0.2,3.79,0,10,3,1,1,1,0,0
2552262,"SS","Quandre Diggs (DET)",16,541,0.26,"OUT",3.4,-0.22,0.23,3.37,0.01,8,4,3,1,0,3,0
2540164,"SS","Tony Jefferson (BAL)",14,531,0.23,"GO",3.36,1.56,2.27,-0.6,0.13,19,1,1,0,0,1,0
2533056,"MLB","Luke Kuechly (CAR)",16,546,0.18,"SCREEN",3.36,-0.42,-0.15,-0.2,4.14,5,4,4,0,0,3,1
2539320,"SS","Kenny Vaccaro (TEN)",13,417,0.18,"SLANT",3.33,0.05,1.13,2.21,-0.07,2,2,1,0,1,0.5,0
2555277,"CB","Eli Apple (NO/NYG)",15,552,0.63,"IN",3.32,-0.31,0.29,3.43,-0.09,27,7,4,0,1,3,0
2557855,"MLB","Jarrad Davis (DET)",16,548,0.14,"OUT",3.29,0.73,0.68,0.08,1.8,7,1,1,0,0,1,0
2553637,"CB","Justin Coleman (SEA)",15,444,0.44,"FLAT",3.17,-0.66,0.5,4.96,-1.63,15,5,4,1,0,2,0
2553637,"CB","Justin Coleman (SEA)",15,444,0.44,"IN",3.03,-0.14,-0.25,2.9,0.53,12,4,1,0,3,1,0
4365,"CB","Brandon Carr (BAL)",16,556,0.6,"SLANT",3.01,1.01,0.16,1.65,0.19,23,4,1,1,1,1,0
89756,"CB","Jason McCourty (NE)",16,534,0.61,"CROSS",2.98,-0.94,-1.13,5.55,-0.5,35,7,4,0,2,4,0
2555531,"CB","Anthony Brown (DAL)",15,437,0.5,"OUT",2.95,-0.59,0.01,0.02,3.52,23,4,4,0,0,3,1
2555322,"ILB","Darron Lee (NYJ)",12,448,0.24,"HITCH",2.91,0.69,2.22,-0.01,0.01,6,1,1,0,0,1,0
2555177,"CB","Mackensie Alexander (MIN)",15,333,0.55,"OUT",2.9,0.6,0.98,2.05,-0.73,19,4,3,0,1,1,0
2532875,"CB","Janoris Jenkins (NYG)",16,602,0.6,"SLANT",2.89,-0.19,-0.08,2.67,0.48,32,10,7,0,3,3.5,0
2540288,"CB","Darius Slay (DET)",15,499,0.63,"IN",2.87,0.46,-0.44,2.18,0.66,25,3,2,0,1,2,0
2560916,"CB","Denzel Ward (CLE)",13,500,0.58,"IN",2.82,0.58,0.4,1.74,0.11,30,3,1,0,1,1,0
2555175,"CB","James Bradberry (CAR)",16,578,0.6,"SLANT",2.81,0.76,0.04,1.8,0.21,34,12,7,0,4,6,0
2560952,"CB","Jaire Alexander (GB)",13,435,0.59,"POST",2.78,-0.13,0.98,1.72,0.22,15,5,2,0,2,2,0
2541162,"CB","A.J. Bouye (JAX)",13,449,0.66,"IN",2.59,-0.91,-0.03,3.29,0.24,32,6,3,0,3,3,0
2552490,"ILB","Benardrick McKinney (HOU)",16,522,0.24,"HITCH",2.58,-1.69,1.9,2.34,0.02,20,3,2,1,0,1,0
2532789,"ILB","Mark Barron (LA)",12,279,0.29,"FLAT",2.56,-0.09,0.53,2.1,0.01,8,2,1,0,1,1,0
2558067,"CB","Marlon Humphrey (BAL)",14,469,0.66,"SLANT",2.53,0.29,1.44,0.9,-0.1,25,6,3,0,0,2,0
2558067,"CB","Marlon Humphrey (BAL)",14,469,0.66,"CORNER",2.5,-0.32,0.84,1.94,0.04,12,2,1,0,1,1,0
2508107,"CB","Jimmy Smith (BAL)",12,370,0.63,"HITCH",2.49,0.87,0.11,2.46,-0.94,20,8,6,1,1,3.5,0
496733,"CB","Joe Haden (PIT)",15,571,0.65,"POST",2.48,-0.34,-0.98,3.15,0.64,29,4,1,0,3,0,0
2540288,"CB","Darius Slay (DET)",15,499,0.63,"HITCH",2.44,0.64,0.94,0.85,0.01,30,5,2,0,3,2,0
2552265,"CB","Steven Nelson (KC)",15,659,0.68,"SLANT",2.43,0.84,-0.02,-0.3,1.91,33,7,5,0,1,4,0
2560725,"S","Minkah Fitzpatrick (MIA)",16,507,0.53,"OUT",2.38,-0.45,0.38,2.93,-0.48,24,5,3,0,1,3,0
2555522,"ILB","B.J. Goodson (NYG)",15,232,0.22,"OUT",2.36,-0.01,0.11,2.31,-0.05,6,2,1,0,0,0,0
2540162,"CB","Logan Ryan (TEN)",14,498,0.51,"POST",2.28,-0.03,0.19,2.08,0.04,17,3,1,0,2,1,0
2561039,"CB","Carlton Davis (TB)",13,396,0.68,"CROSS",2.28,-0.34,-0.09,2.64,0.07,15,4,1,0,1,1,0
2558067,"CB","Marlon Humphrey (BAL)",14,469,0.66,"HITCH",2.25,1.14,0.13,0.8,0.18,28,8,2,0,2,0.5,0
2555539,"CB","Xavien Howard (MIA)",12,430,0.59,"HITCH",2.25,0.11,-0.07,2.2,0,18,5,2,0,2,1,0
2550613,"CB","Malcolm Butler (TEN)",16,501,0.67,"GO",2.24,4.04,-1.13,0.62,-1.28,114,13,6,1,3,2,0
2550613,"CB","Malcolm Butler (TEN)",16,501,0.67,"OUT",2.23,0.23,1.28,2.21,-1.49,19,8,7,0,1,6,1
2552385,"FS","Adrian Amos (CHI)",16,655,0.13,"FLAT",2.18,-0.28,0.48,1.52,0.46,11,2,1,0,1,1,0
2558009,"FS","Budda Baker (ARI)",14,491,0.48,"HITCH",2.1,0.29,1.78,-0.01,0.04,24,1,1,0,0,1,0
2560966,"LB","Jerome Baker (MIA)",16,373,0.25,"OUT",2.07,-0.62,0.16,3.4,-0.86,13,3,2,1,0,2,0
2557927,"CB","Desmond King (LAC)",15,473,0.4,"CROSS",1.93,-0.72,0.1,2.93,-0.38,11,2,1,1,0,1,0
2550930,"ILB","Todd Davis (DEN)",15,426,0.21,"SCREEN",1.93,0.14,0.97,0.61,0.22,1,1,1,0,0,1,0
2556571,"CB","Jonathan Jones (NE)",16,353,0.49,"CROSS",1.91,-0.95,0.09,2.59,0.18,18,9,5,0,0,3,0
2558976,"CB","Kenny Moore II (IND)",15,514,0.45,"FLAT",1.81,-0.69,0.85,0.31,1.35,16,1,1,0,0,1,0
2558259,"CB","Shaquill Griffin (SEA)",15,532,0.69,"OUT",1.81,-0.8,-0.12,2.09,0.64,34,9,5,0,3,3,0
2532946,"CB","Coty Sensabaugh (PIT)",15,458,0.66,"OUT",1.69,-0.21,-0.4,2.13,0.17,21,4,3,0,0,3,0
2556445,"CB","Brian Poole (ATL)",16,531,0.43,"OUT",1.58,-0.48,1.99,-0.07,0.15,22,3,3,0,0,4,0
2495807,"FS","Antoine Bethea (ARI)",16,567,0.24,"CROSS",1.57,-0.59,-0.35,2.45,0.05,12,3,1,0,1,1,0
2506352,"OLB","Thomas Davis (CAR)",12,366,0.33,"OUT",1.55,-1.02,0.13,1.96,0.47,15,7,5,0,2,3,0
2553456,"CB","Akeem King (SEA)",8,91,0.56,"HITCH",1.53,0.21,0.32,-0.4,1.39,11,1,1,0,0,1,0
2558061,"CB","Marshon Lattimore (NO)",16,569,0.65,"SLANT",1.5,0.86,-0.29,0.84,0.1,25,3,2,0,1,1.5,0
2552265,"CB","Steven Nelson (KC)",15,659,0.68,"HITCH",1.48,0.58,0.2,2.72,-2.03,39,6,4,0,0,3,0
2530510,"CB","Chris Harris (DEN)",11,397,0.64,"OUT",1.47,0.25,-0.03,1.08,0.17,31,11,9,1,0,7,0
2560755,"CB","Josh Jackson (GB)",16,434,0.64,"HITCH",1.45,0.78,0.76,-0.14,0.05,31,2,2,0,0,2,0
2530510,"CB","Chris Harris (DEN)",11,397,0.64,"SLANT",1.43,-0.5,-1.74,2.07,1.6,22,7,4,0,3,2.5,0
2555531,"CB","Anthony Brown (DAL)",15,437,0.5,"SLANT",1.42,0.3,0.3,0.78,0.04,12,1,0,0,1,1,0
2560712,"S","Terrell Edmunds (PIT)",16,590,0.2,"OUT",1.42,0.11,0.02,1.34,-0.04,6,2,1,0,1,0,0
2552262,"SS","Quandre Diggs (DET)",16,541,0.26,"HITCH",1.42,0.26,0.63,-0.07,0.59,7,1,1,0,0,1,0
2560884,"CB","M.J. Stewart (TB)",8,202,0.56,"HITCH",1.41,1.22,0.26,-0.12,0.05,8,1,1,0,0,1,0
2557840,"CB","Chidobe Awuzie (DAL)",15,519,0.67,"HITCH",1.4,-0.49,1.78,0.14,-0.03,31,6,4,0,1,3,0
2560947,"LB","Kenny Young (BAL)",16,205,0.25,"OUT",1.39,0.04,-0.02,1.27,0.1,7,3,2,0,1,1,0
2553500,"CB","Bryce Callahan (CHI)",13,454,0.62,"FLAT",1.38,-0.02,0.45,0.39,0.56,19,3,3,0,0,3,0
2506789,"CB","Tramon Williams (GB)",16,589,0.45,"OUT",1.38,-0.38,0.02,1.93,-0.18,25,6,4,0,0,4,0
2552592,"MLB","Kwon Alexander (TB)",6,233,0.23,"FLAT",1.37,0,0.5,0.74,0.13,3,1,1,0,0,1,0
2558976,"CB","Kenny Moore II (IND)",15,514,0.45,"SCREEN",1.35,0.04,0.96,0.55,-0.19,3,1,1,0,0,0,0
2558259,"CB","Shaquill Griffin (SEA)",15,532,0.69,"POST",1.34,0.36,-0.2,1.18,0,22,2,1,0,1,1,0
2560946,"DB","Isaac Yiadom (DEN)",11,179,0.75,"GO",1.34,3.03,-1.3,-0.59,0.21,47,3,2,0,1,1,0
2533060,"CB","Dre Kirkpatrick (CIN)",13,458,0.68,"HITCH",1.34,0.78,-0.61,1.18,-0.01,36,4,3,0,0,3,0
2495251,"CB","Shareece Wright (HOU)",12,349,0.62,"HITCH",1.34,0.12,-0.76,1.91,0.08,25,2,1,0,0,1,0
2556593,"ILB","Cory Littleton (LA)",16,556,0.28,"GO",1.3,0.15,0.53,-0.5,1.11,16,4,2,0,2,1,0
2560795,"CB","Avonte Maddox (PHI)",10,371,0.44,"OUT",1.29,-1.07,-1.61,3.81,0.16,23,5,3,1,1,2,0
2543872,"CB","Nevin Lawson (DET)",15,488,0.63,"CROSS",1.29,-0.09,0.1,1.2,0.07,22,5,3,0,2,3,0
2556475,"CB","Briean Boddy-Calhoun (CLE)",14,426,0.46,"OUT",1.29,-0.08,0.09,-0.17,1.44,25,5,4,0,0,5,0
2539334,"CB","Desmond Trufant (ATL)",16,627,0.64,"SLANT",1.27,1.18,0.16,-0.17,0.11,20,6,5,0,1,2.5,0
4365,"CB","Brandon Carr (BAL)",16,556,0.6,"HITCH",1.27,0.14,-0.2,2.01,-0.68,26,7,5,0,2,4,0
2532986,"OLB","Tahir Whitehead (OAK)",16,508,0.24,"CROSS",1.25,-0.77,0.12,-0.74,2.64,21,6,4,0,1,4,0
2553822,"FS","Curtis Riley (NYG)",16,578,0.07,"IN",1.23,-0.06,2.06,-0.76,0,2,1,1,0,0,1,0
2543769,"ILB","Deone Bucannon (ARI)",10,171,0.27,"CROSS",1.19,-0.14,-0.13,1.64,-0.18,4,2,2,0,0,2,0
2560886,"DB","Greg Stroman (WAS)",12,261,0.55,"HITCH",1.17,0.65,0.15,0.34,0.03,22,4,3,0,0,1,0
2540140,"OLB","Barkevious Mingo (SEA)",15,252,0.21,"CROSS",1.16,-0.23,0.03,1.36,0,3,2,1,0,0,1,0
2552490,"ILB","Benardrick McKinney (HOU)",16,522,0.24,"CROSS",1.16,-0.34,0.18,1.29,0.03,6,1,0,0,1,0,0
2553796,"CB","Quinton Dunbar (WAS)",7,227,0.67,"SLANT",1.15,-0.04,1.15,0.2,-0.16,16,4,3,0,1,1.5,0
2543851,"CB","Phillip Gaines (BUF/CLE)",9,214,0.65,"POST",1.14,0.03,-0.42,1.8,-0.27,11,3,2,0,1,1,0
2543637,"CB","Terrance Mitchell (CLE)",8,265,0.52,"GO",1.14,-0.07,0.29,0.56,0.35,41,3,1,0,2,0,0
2552592,"MLB","Kwon Alexander (TB)",6,233,0.23,"SCREEN",1.13,0.01,0.57,0.61,-0.06,1,1,1,0,0,1,0
2550654,"CB","K'Waun Williams (SF)",13,351,0.48,"FLAT",1.13,-0.37,1.08,-0.03,0.45,13,1,1,0,0,1,0
2561417,"CB","Charvarius Ward (KC)",4,73,0.76,"HITCH",1.12,0.65,0.03,0.43,0.01,8,1,0,0,1,1,0
2543597,"ILB","Avery Williamson (NYJ)",16,627,0.2,"CROSS",1.12,-0.57,0.32,1.32,0.06,11,3,2,0,0,1,0
2543811,"CB","Pierre Desir (IND)",15,528,0.67,"GO",1.1,0.16,-0.62,0.74,0.82,116,3,1,0,1,0,0
71251,"SS","Patrick Chung (NE)",15,561,0.51,"FLAT",1.1,0.66,0.42,0.26,-0.24,18,1,1,0,1,1,0
2561132,"LB","Foye Oluokun (ATL)",16,273,0.3,"FLAT",1.1,-0.06,0.18,-0.16,1.14,4,2,2,0,0,1,0
2555310,"MLB","Jaylon Smith (DAL)",16,562,0.21,"HITCH",1.07,-0.79,1.16,0.09,0.62,14,4,3,0,1,4,0
2560789,"LB","Darius Leonard (IND)",15,535,0.23,"HITCH",1.07,-1.1,-0.97,3.38,-0.24,14,3,2,1,0,2,0
2553687,"MLB","Zach Vigil (WAS)",4,19,0.08,"OUT",1.06,-0.03,1.32,-0.03,-0.2,1,1,1,0,0,1,0
2561039,"CB","Carlton Davis (TB)",13,396,0.68,"HITCH",1.06,0.91,0.24,0.32,-0.41,27,3,2,0,1,1,0
2555550,"SS","Justin Simmons (DEN)",15,572,0.29,"SLANT",1.04,0.19,0.04,0.74,0.06,8,3,2,0,1,0,0
2557927,"CB","Desmond King (LAC)",15,473,0.4,"OUT",1.04,-0.85,0.25,0.5,1.14,16,1,1,0,0,0,0
2552488,"CB","Marcus Peters (LA)",16,525,0.51,"SCREEN",1.04,-0.26,0.37,0.43,0.49,3,2,2,0,0,2,0
2555522,"ILB","B.J. Goodson (NYG)",15,232,0.22,"CROSS",1.03,0.16,0.72,-0.74,0.89,6,3,3,0,0,3,0
2505708,"FS","Mike Adams (CAR)",16,553,0.27,"GO",1.02,0.04,2.27,-1.21,-0.08,14,3,2,0,0,2,0
2550565,"MLB","Adarius Taylor (TB)",15,306,0.27,"OUT",1.02,-0.09,0.26,0.63,0.23,9,2,1,0,1,1,0
2539978,"ILB","Jon Bostic (PIT)",15,280,0.33,"SLANT",1.01,-0.02,0.8,0.3,-0.07,2,2,1,0,1,0.5,0
2535687,"SS","Michael Thomas (NYG)",16,317,0.37,"OUT",1.01,0.66,0.34,-0.18,0.19,9,1,1,0,0,1,0
2560725,"S","Minkah Fitzpatrick (MIA)",16,507,0.53,"CROSS",1.01,-0.72,1.09,0.7,-0.06,10,2,1,0,1,1,0
2558136,"CB","Fabian Moreau (WAS)",16,528,0.53,"SLANT",1,0.15,0.21,0.47,0.17,13,2,1,0,1,0.5,0
2539978,"ILB","Jon Bostic (PIT)",15,280,0.33,"OUT",0.98,0.3,1.08,-0.47,0.06,13,4,4,0,0,3,0
2543571,"CB","Bashaud Breeland (GB)",7,184,0.59,"OUT",0.97,-0.72,0.58,1.18,-0.07,10,3,2,1,0,0,0
2555310,"MLB","Jaylon Smith (DAL)",16,562,0.21,"IN",0.97,-0.22,1.25,0.15,-0.21,4,1,1,0,0,1,0
496733,"CB","Joe Haden (PIT)",15,571,0.65,"SCREEN",0.93,0.72,0.24,-0.05,0.01,4,1,1,0,0,1,0
2539935,"OLB","Kiko Alonso (MIA)",15,525,0.22,"POST",0.93,-0.62,1.94,-0.28,-0.12,6,1,1,0,0,0,0
2552689,"CB","Ronald Darby (PHI)",9,373,0.64,"SLANT",0.92,-0.02,-0.28,1.13,0.08,14,2,1,0,0,1,0
2495872,"CB","Johnathan Joseph (HOU)",14,485,0.55,"SLANT",0.91,0.14,-0.24,0.77,0.25,14,4,3,0,0,3,0
496735,"CB","Kareem Jackson (HOU)",16,593,0.43,"SLANT",0.9,-0.47,0.12,1.16,0.1,13,2,1,0,1,1,0
2560877,"LB","Roquan Smith (CHI)",16,567,0.29,"FLAT",0.89,0.39,0.25,0.23,0.02,9,3,3,0,0,2.5,0
2543474,"CB","Darqueze Dennard (CIN)",13,412,0.57,"SLANT",0.88,-0.06,0.05,0.97,-0.08,15,6,4,0,2,1.5,0
2560753,"CB","Donte Jackson (CAR)",15,524,0.58,"HITCH",0.88,-0.4,0.41,0.75,0.12,28,5,3,1,0,1.5,0
2539653,"CB","Robert Alford (ATL)",15,554,0.71,"HITCH",0.87,0.36,0.12,0.97,-0.58,51,6,5,0,1,6,0
2560884,"CB","M.J. Stewart (TB)",8,202,0.56,"IN",0.86,0.16,-0.07,-0.22,0.99,6,1,1,0,0,1,0
2558136,"CB","Fabian Moreau (WAS)",16,528,0.53,"OUT",0.84,0.11,0.64,-3.84,3.94,35,10,9,0,1,7,1
2532966,"MLB","Bobby Wagner (SEA)",14,525,0.21,"OUT",0.83,0,0.15,0.9,-0.22,6,2,1,0,1,1,0
2555552,"CB","Ryan Smith (TB)",12,261,0.58,"POST",0.83,-0.86,-0.84,2.66,-0.13,20,3,1,0,2,1,0
2560713,"LB","Tremaine Edmunds (BUF)",15,505,0.25,"FLAT",0.81,-0.24,0.44,0.13,0.48,9,1,1,0,0,0.5,0
2532800,"OLB","Nigel Bradham (PHI)",15,591,0.21,"ANGLE",0.81,-0.3,1.09,0.03,-0.01,6,1,1,0,0,0.5,0
2560917,"LB","Fred Warner (SF)",15,549,0.19,"ANGLE",0.79,0.11,0.64,-0.04,0.09,1,1,1,0,0,1,0
2543571,"CB","Bashaud Breeland (GB)",7,184,0.59,"CROSS",0.79,-0.74,0.49,1.13,-0.08,15,2,1,0,1,0,0
2560728,"CB","Tre Flowers (SEA)",14,514,0.63,"SLANT",0.79,-0.06,-0.06,0.99,-0.08,16,4,3,0,1,3,0
89756,"CB","Jason McCourty (NE)",16,534,0.61,"SCREEN",0.78,-0.16,0.04,-0.47,1.36,1,1,1,0,0,1,0
2555550,"SS","Justin Simmons (DEN)",15,572,0.29,"CORNER",0.78,-0.06,1.75,-0.71,-0.2,6,1,1,0,0,1,0
2555162,"MLB","Deion Jones (ATL)",6,224,0.24,"HITCH",0.77,-0.06,0.73,0.25,-0.15,5,2,1,0,1,1,0
2539243,"SS","Bradley McDougald (SEA)",15,503,0.28,"ANGLE",0.77,-0.12,1.45,-0.98,0.41,2,1,1,0,0,0,0
2540143,"LB","Alec Ogletree (NYG)",13,473,0.21,"OUT",0.77,0.25,0.36,-0.06,0.22,12,2,2,0,0,1,0
2557972,"MLB","Marquel Lee (OAK)",16,171,0.19,"FLAT",0.76,-0.1,0.2,-0.2,0.87,6,1,1,0,0,1,0
2560741,"CB","Holton Hill (MIN)",12,172,0.69,"HITCH",0.75,-0.01,0.79,-0.04,0.01,9,1,1,0,0,1,0
2552434,"CB","Bobby McCain (MIA)",14,426,0.61,"IN",0.74,-0.48,1.79,-1.18,0.61,24,3,3,0,0,2,0
2543872,"CB","Nevin Lawson (DET)",15,488,0.63,"OUT",0.72,0.31,-0.53,-0.69,1.64,19,3,3,0,0,1.5,0
2553796,"CB","Quinton Dunbar (WAS)",7,227,0.67,"HITCH",0.71,0.57,0.06,0.03,0.05,23,5,3,0,1,3,0
2555166,"MLB","Joe Schobert (CLE)",13,527,0.26,"FLAT",0.71,-0.16,0.32,1.27,-0.72,9,2,1,0,0,0,0
2556456,"FS","Andrew Adams (TB)",12,216,0.26,"HITCH",0.71,-0.05,1.09,-0.34,0.01,6,1,1,0,0,1,0
2558062,"CB","Gareon Conley (OAK)",14,346,0.69,"FLAT",0.71,0.1,0.74,-0.36,0.22,5,1,1,0,0,1,0
2561155,"ILB","Zaire Franklin (IND)",11,90,0.16,"SCREEN",0.69,-0.05,0.24,0.17,0.33,1,1,1,0,0,0,0
2556148,"OLB","Jatavis Brown (LAC)",14,380,0.22,"OUT",0.69,-0.34,0.14,0.38,0.5,5,4,3,0,1,2.5,0
2560789,"LB","Darius Leonard (IND)",15,535,0.23,"FLAT",0.68,0.02,1.3,-0.27,-0.37,5,1,1,0,0,0,0
2543459,"OLB","Anthony Barr (MIN)",12,378,0.23,"SCREEN",0.68,-0.12,0.25,-0.56,1.11,3,2,2,0,0,0,0
2552488,"CB","Marcus Peters (LA)",16,525,0.51,"SLANT",0.67,-0.7,0.49,0.73,0.16,18,2,1,0,0,1,0
2539653,"CB","Robert Alford (ATL)",15,554,0.71,"POST",0.65,-0.92,1.12,2.01,-1.55,27,2,1,0,1,0,0
2555280,"CB","Jalen Ramsey (JAX)",16,550,0.69,"SCREEN",0.64,0.23,0.09,0.33,-0.02,7,1,1,0,0,1,0
2555378,"CB","Tavon Young (BAL)",15,401,0.51,"HITCH",0.64,-0.3,-0.16,0.62,0.48,9,2,1,0,0,1,0
2557958,"CB","Sidney Jones (PHI)",9,227,0.45,"HITCH",0.62,-0.07,0.04,0.57,0.08,11,3,1,0,1,1,0
2560966,"LB","Jerome Baker (MIA)",16,373,0.25,"SCREEN",0.61,-0.05,-0.05,-0.01,0.72,3,1,1,0,0,0,0
2560908,"LB","Leighton Vander Esch (DAL)",16,455,0.25,"IN",0.59,-0.67,0.58,-1.02,1.69,6,2,1,0,1,1,0
2532804,"ILB","Zach Brown (WAS)",16,386,0.2,"SCREEN",0.58,0,0.29,0.75,-0.45,1,1,1,0,0,1,0
89756,"CB","Jason McCourty (NE)",16,534,0.61,"OUT",0.58,0.08,-0.37,0.7,0.17,27,10,8,0,1,8,0
2541162,"CB","A.J. Bouye (JAX)",13,449,0.66,"FLAT",0.58,-0.46,1.26,-0.05,-0.17,5,1,1,0,0,2,0
2558005,"ILB","Jayon Brown (TEN)",16,506,0.19,"CROSS",0.57,-0.02,-0.2,0.69,0.11,8,3,2,0,1,0,0
494261,"SS","Kurt Coleman (NO)",16,194,0.24,"FLAT",0.57,-0.23,1.13,-0.4,0.07,2,1,1,0,0,1,0
2558077,"SS","Lano Hill (SEA)",12,201,0.27,"CROSS",0.56,-0.08,0.14,-0.91,1.42,2,1,1,0,0,0,0
2506861,"CB","Brent Grimes (TB)",13,427,0.61,"OUT",0.56,-2.61,0.09,2.97,0.11,36,5,3,0,1,3,0
2543681,"CB","Kyle Fuller (CHI)",16,647,0.64,"POST",0.54,-1.35,-0.62,2.58,-0.07,36,3,1,1,1,0,0
2550930,"ILB","Todd Davis (DEN)",15,426,0.21,"WHEEL",0.53,-0.21,0.75,-0.07,0.05,3,1,1,0,0,1,0
2560952,"CB","Jaire Alexander (GB)",13,435,0.59,"HITCH",0.53,0.61,-0.01,-0.13,0.05,25,1,1,0,0,1,0
2550164,"CB","T.J. Carrie (CLE)",16,562,0.59,"SCREEN",0.52,0.08,0.07,0.09,0.28,4,1,1,0,0,1,0
2506352,"OLB","Thomas Davis (CAR)",12,366,0.33,"FLAT",0.52,-0.02,0.43,0.02,0.1,14,1,1,0,0,1,0
2543711,"OLB","Telvin Smith (JAX)",16,551,0.19,"SCREEN",0.52,0.04,0.07,0.4,0.01,2,2,2,0,0,0,0
2552490,"ILB","Benardrick McKinney (HOU)",16,522,0.24,"OUT",0.5,-0.16,0.55,0.18,-0.07,7,2,1,0,0,0,0
2543474,"CB","Darqueze Dennard (CIN)",13,412,0.57,"OUT",0.49,-0.51,-0.29,0.9,0.39,23,6,3,0,1,2,0
2560982,"CB","Tony Brown (GB)",10,167,0.58,"HITCH",0.49,-0.5,0.01,0.89,0.08,11,4,2,0,1,1,0
2559164,"CB","Michael Davis (LAC)",13,362,0.67,"HITCH",0.49,-1.05,1.53,0.85,-0.84,30,5,4,0,2,4,0
496733,"CB","Joe Haden (PIT)",15,571,0.65,"OUT",0.47,-0.18,-0.41,-0.73,1.79,26,6,5,0,0,3,0
2561006,"FS","Marcell Harris (SF)",7,172,0.23,"FLAT",0.47,-0.01,0.25,-0.15,0.38,4,1,1,0,0,1,0
2552568,"CB","Byron Jones (DAL)",16,594,0.72,"SLANT",0.46,0.02,0.23,0.42,-0.21,38,5,3,0,1,2,0
2560789,"LB","Darius Leonard (IND)",15,535,0.23,"CROSS",0.46,-0.17,-0.17,0.88,-0.08,8,3,2,0,0,1,0
2543823,"CB","E.J. Gaines (CLE)",4,111,0.59,"HITCH",0.46,-0.18,-0.19,0.61,0.22,8,2,2,0,0,1,0
2532946,"CB","Coty Sensabaugh (PIT)",15,458,0.66,"IN",0.45,-0.82,1.61,-0.87,0.53,38,8,6,0,1,4,0
2557855,"MLB","Jarrad Davis (DET)",16,548,0.14,"SCREEN",0.45,0,0.05,0.17,0.23,1,1,1,0,0,1,0
2560946,"DB","Isaac Yiadom (DEN)",11,179,0.75,"SLANT",0.44,0.59,-0.12,-0.32,0.3,12,5,4,0,0,1.5,0
2540180,"FS","Tyrann Mathieu (HOU)",16,637,0.35,"HITCH",0.44,-0.4,0.27,0.35,0.22,17,2,2,0,0,2,0
2560970,"S","Jessie Bates (CIN)",16,630,0.08,"CROSS",0.44,-0.42,0.02,0.79,0.04,6,2,1,0,1,1,0
2558259,"CB","Shaquill Griffin (SEA)",15,532,0.69,"FLAT",0.44,-0.14,0.28,0.18,0.12,5,1,1,0,0,1,0
2552262,"SS","Quandre Diggs (DET)",16,541,0.26,"FLAT",0.43,0.3,-0.21,0.07,0.27,5,1,1,0,0,1,0
2556559,"CB","Mike Hilton (PIT)",15,413,0.52,"FLAT",0.43,0.21,0.09,-0.07,0.2,11,1,1,0,0,1,0
2560908,"LB","Leighton Vander Esch (DAL)",16,455,0.25,"SCREEN",0.43,-0.07,0.53,0.07,-0.1,1,1,1,0,0,1,0
2532961,"ILB","Danny Trevathan (CHI)",16,628,0.23,"CROSS",0.43,-0.08,0.41,-0.06,0.16,9,1,1,0,0,1,0
494287,"FS","Devin McCourty (NE)",16,625,0.27,"FLAT",0.42,0.06,0.42,0.23,-0.28,7,1,1,0,0,1,0
2530510,"CB","Chris Harris (DEN)",11,397,0.64,"CROSS",0.42,-0.87,0.03,1.89,-0.62,17,6,4,0,1,2,0
2556119,"MLB","Elandon Roberts (NE)",16,216,0.27,"CROSS",0.42,-0.43,0.04,0.41,0.4,10,3,3,0,0,2,0
2552320,"ILB","Ramik Wilson (LA)",11,86,0.34,"FLAT",0.42,0.15,0.2,0.14,-0.07,5,1,1,0,0,1,0
2555540,"SS","Derrick Kindred (CLE)",16,258,0.34,"FLAT",0.41,0.01,0.06,0.29,0.04,3,1,1,0,0,1,0
2552312,"MLB","Eric Kendricks (MIN)",13,442,0.25,"ANGLE",0.41,-0.15,0.2,-0.14,0.5,2,1,1,0,0,1,0
2560982,"CB","Tony Brown (GB)",10,167,0.58,"OUT",0.4,0.44,-1.5,1.9,-0.44,9,2,1,0,2,0,0
2552447,"OLB","Shaq Thompson (CAR)",14,332,0.28,"HITCH",0.4,-0.36,0.8,-0.01,-0.03,7,1,1,0,0,1,0
2558065,"CB","Adoree' Jackson (TEN)",16,537,0.58,"SLANT",0.39,-0.8,0.32,0.14,0.73,16,5,3,0,1,1,0
2553637,"CB","Justin Coleman (SEA)",15,444,0.44,"OUT",0.39,-0.24,-0.06,0.52,0.17,22,4,3,0,0,2,0
2543855,"CB","Bene' Benwikere (ARI/OAK)",12,312,0.59,"SLANT",0.39,-0.15,0.14,0.18,0.21,15,5,4,0,0,3,0
2539237,"CB","D.J. Hayden (JAX)",10,279,0.47,"FLAT",0.36,0.42,0.23,-0.45,0.16,9,1,1,0,0,1,0
2552312,"MLB","Eric Kendricks (MIN)",13,442,0.25,"FLAT",0.36,-0.1,0.2,0,0.27,6,1,1,0,0,1,0
2560851,"SS","Justin Reid (HOU)",16,548,0.17,"CROSS",0.36,-0.46,0.05,-0.7,1.47,7,3,3,0,0,3,0
2558065,"CB","Adoree' Jackson (TEN)",16,537,0.58,"HITCH",0.35,-1.16,1.5,0.09,-0.09,31,9,7,1,1,6,0
2540221,"ILB","Vince Williams (PIT)",14,427,0.3,"HITCH",0.34,0.34,0.01,0,-0.01,10,1,1,0,0,1,0
2552568,"CB","Byron Jones (DAL)",16,594,0.72,"HITCH",0.34,0.45,1.09,-1.18,-0.02,35,8,6,0,2,5,0
2552488,"CB","Marcus Peters (LA)",16,525,0.51,"OUT",0.33,-0.4,0.05,0.68,0,17,3,2,0,0,1,0
2560966,"LB","Jerome Baker (MIA)",16,373,0.25,"FLAT",0.33,-0.49,0.54,-1.19,1.47,13,2,2,0,0,2,0
2543872,"CB","Nevin Lawson (DET)",15,488,0.63,"IN",0.33,1.12,-0.07,-0.8,0.08,25,2,2,0,0,1,0
2560982,"CB","Tony Brown (GB)",10,167,0.58,"GO",0.32,1,-0.07,-0.52,-0.1,23,2,1,0,0,1,1
2555156,"SS","Jayron Kearse (MIN)",13,90,0.54,"FLAT",0.32,-0.12,0.21,0.28,-0.06,4,1,1,0,0,1,0
2560746,"CB","Mike Hughes (MIN)",5,109,0.5,"HITCH",0.31,-0.26,0.25,0,0.31,5,1,1,0,0,0,0
2552686,"OLB","Damien Wilson (DAL)",16,125,0.26,"HITCH",0.29,0.02,-0.02,-0.22,0.5,2,1,1,0,0,2,0
2555522,"ILB","B.J. Goodson (NYG)",15,232,0.22,"HITCH",0.28,-0.23,0.53,-0.02,0,3,1,1,0,0,0.5,0
494287,"FS","Devin McCourty (NE)",16,625,0.27,"GO",0.28,-0.42,-0.36,-0.36,1.41,19,3,1,0,1,1,0
2557972,"MLB","Marquel Lee (OAK)",16,171,0.19,"CROSS",0.28,-0.06,-0.08,0.25,0.17,2,1,1,0,0,1,0
2558121,"LB","Elijah Lee (SF)",8,250,0.2,"OUT",0.28,-0.05,0.33,-0.94,0.94,6,3,3,0,0,1,0
2540180,"FS","Tyrann Mathieu (HOU)",16,637,0.35,"SLANT",0.27,-0.39,-0.26,0.89,0.03,11,3,2,0,1,2,0
2557855,"MLB","Jarrad Davis (DET)",16,548,0.14,"HITCH",0.27,-0.22,-0.05,0.43,0.11,11,1,1,0,0,0.5,0
2533008,"ILB","Demario Davis (NO)",16,545,0.21,"CROSS",0.27,-0.34,0.13,0.11,0.36,9,1,1,0,0,1,0
2533056,"MLB","Luke Kuechly (CAR)",16,546,0.18,"HITCH",0.27,-0.56,0.97,-0.04,-0.1,11,1,1,0,0,1,0
2535613,"ILB","L.J. Fort (PIT)",11,198,0.19,"OUT",0.26,-0.01,0.76,0.05,-0.53,1,1,1,0,0,0,0
2550565,"MLB","Adarius Taylor (TB)",15,306,0.27,"FLAT",0.26,-0.07,0.06,-0.41,0.69,7,2,2,0,0,2,0
2552265,"CB","Steven Nelson (KC)",15,659,0.68,"SCREEN",0.26,0.11,0.11,-0.13,0.16,3,2,2,0,0,1,0
2560913,"DB","Tracy Walker (DET)",14,194,0.12,"OUT",0.26,-0.11,0.72,-0.31,-0.04,2,1,1,0,0,1,0
2561149,"ILB","Matthew Adams (IND)",12,82,0.37,"FLAT",0.25,-0.17,0.56,-0.05,-0.09,3,1,1,0,0,0.5,0
2560713,"LB","Tremaine Edmunds (BUF)",15,505,0.25,"HITCH",0.25,-1.01,0.43,2.35,-1.51,17,9,7,0,2,4,0
2540197,"CB","Nickell Robey-Coleman (LA)",16,378,0.48,"POST",0.25,-0.42,0.04,0.71,-0.07,13,2,1,0,1,1,0
2540221,"ILB","Vince Williams (PIT)",14,427,0.3,"OUT",0.25,0.02,0.04,0.04,0.15,10,2,2,0,0,1.5,0
2555550,"SS","Justin Simmons (DEN)",15,572,0.29,"FLAT",0.24,0.18,-0.01,0.08,-0.01,8,1,1,0,0,1,0
2561278,"CB","Tavierre Thomas (CLE)",1,8,0.5,"HITCH",0.24,-0.11,-0.04,0.02,0.36,1,1,1,0,0,1,0
496739,"SS","Reshad Jones (MIA)",14,417,0.17,"POST",0.24,-0.62,0.89,-0.45,0.42,5,1,1,0,0,1,0
2532961,"ILB","Danny Trevathan (CHI)",16,628,0.23,"OUT",0.24,-0.7,1.07,-0.09,-0.05,17,4,4,0,0,3,0
2552697,"FS","Jermaine Whitehead (CLE/GB)",8,146,0.4,"IN",0.23,0.04,0.25,-0.21,0.16,1,1,1,0,0,1,0
2560947,"LB","Kenny Young (BAL)",16,205,0.25,"CROSS",0.23,-0.01,0.28,-0.04,0,4,1,1,0,0,1,0
2558094,"ILB","Zach Cunningham (HOU)",14,440,0.26,"SCREEN",0.22,-0.13,-0.18,0.12,0.4,1,1,1,0,0,0.5,0
2495343,"CB","Buster Skrine (NYJ)",14,401,0.52,"FLAT",0.22,-0.21,0.13,-0.06,0.36,12,1,1,0,0,1,0
2555505,"OLB","Matt Judon (BAL)",16,434,0.27,"FLAT",0.22,-0.04,0.1,0.14,0.03,5,1,1,0,0,1,0
2555175,"CB","James Bradberry (CAR)",16,578,0.6,"GO",0.22,0.3,-1.5,1.73,-0.3,100,6,3,0,1,1.5,0
2560916,"CB","Denzel Ward (CLE)",13,500,0.58,"HITCH",0.21,1.41,-0.38,-0.7,-0.12,31,3,3,0,0,1,0
2532966,"MLB","Bobby Wagner (SEA)",14,525,0.21,"HITCH",0.21,-0.49,0.41,0.32,-0.03,13,3,2,0,1,1,0
2555255,"OLB","De'Vondre Campbell (ATL)",16,531,0.29,"FLAT",0.2,0.1,0.16,0.11,-0.17,8,1,1,0,0,1,0
2555528,"OLB","Nick Vigil (CIN)",11,406,0.31,"SCREEN",0.19,-0.05,0.16,-0.9,0.99,2,1,1,0,0,1,0
2557837,"OLB","Reuben Foster (SF)",6,198,0.22,"OUT",0.19,-0.11,0.09,0.01,0.2,2,1,1,0,0,0,0
2550164,"CB","T.J. Carrie (CLE)",16,562,0.59,"GO",0.19,1.28,-1.53,1.8,-1.36,78,7,4,0,2,3.5,0
2552310,"ILB","Denzel Perryman (LAC)",8,177,0.26,"SLANT",0.18,0.03,0.3,-0.35,0.2,1,1,1,0,0,0,0
2533057,"MLB","Dont'a Hightower (NE)",15,457,0.19,"OUT",0.18,-0.28,-0.06,0.48,0.04,8,2,1,0,0,0,0
2557980,"FS","Jabrill Peppers (CLE)",16,446,0.35,"SLANT",0.17,0.29,0.16,-0.17,-0.12,3,1,1,0,0,1,0
2543811,"CB","Pierre Desir (IND)",15,528,0.67,"FLAT",0.15,-0.54,0.49,-0.17,0.37,10,1,1,0,0,1,0
2560795,"CB","Avonte Maddox (PHI)",10,371,0.44,"SLANT",0.15,0.02,0.42,-0.54,0.26,2,1,1,0,0,1,0
2552689,"CB","Ronald Darby (PHI)",9,373,0.64,"HITCH",0.15,0.02,-1.35,1.59,-0.11,24,6,5,0,1,4,0
2558065,"CB","Adoree' Jackson (TEN)",16,537,0.58,"SCREEN",0.15,0.01,0.16,-0.25,0.24,1,1,1,0,0,1,0
2543699,"OLB","Kyle Van Noy (NE)",16,591,0.23,"HITCH",0.14,-0.45,0.64,-0.35,0.31,8,2,2,0,0,2,0
2555349,"CB","Kendall Fuller (KC)",14,622,0.52,"IN",0.14,0.42,-0.05,-0.15,-0.08,19,1,1,0,0,1,0
2555552,"CB","Ryan Smith (TB)",12,261,0.58,"HITCH",0.14,-1.02,-0.37,2.69,-1.17,16,3,2,0,0,0.5,0
2552454,"SS","Landon Collins (NYG)",12,436,0.27,"CROSS",0.13,-0.27,1.14,-0.45,-0.29,10,2,2,0,0,1,0
2560712,"S","Terrell Edmunds (PIT)",16,590,0.2,"CROSS",0.13,0.15,0.19,-0.23,0.01,6,1,1,0,0,1,0
2543811,"CB","Pierre Desir (IND)",15,528,0.67,"HITCH",0.13,-0.43,0.59,-0.07,0.04,29,3,2,0,1,3,0
2558108,"CB","Nate Hairston (IND)",10,238,0.59,"GO",0.12,0.33,0.91,-1.06,-0.06,37,1,1,0,0,0,0
2555540,"SS","Derrick Kindred (CLE)",16,258,0.34,"SLANT",0.12,-0.05,0.34,-0.15,-0.01,2,1,1,0,0,1,0
2550572,"ILB","Christian Jones (DET)",16,315,0.21,"HITCH",0.12,0.01,0.1,0.01,0,4,1,1,0,0,1,0
2553500,"CB","Bryce Callahan (CHI)",13,454,0.62,"HITCH",0.11,-1.07,-0.07,1.36,-0.11,25,2,1,0,1,1,0
2539237,"CB","D.J. Hayden (JAX)",10,279,0.47,"OUT",0.11,-0.33,0.17,0.39,-0.12,18,6,4,0,0,4,0
2532961,"ILB","Danny Trevathan (CHI)",16,628,0.23,"HITCH",0.11,0.05,0.49,-0.4,-0.04,9,2,2,0,0,1,0
2539237,"CB","D.J. Hayden (JAX)",10,279,0.47,"CROSS",0.11,0.01,0.94,-0.35,-0.49,12,1,1,0,0,1,0
2539978,"ILB","Jon Bostic (PIT)",15,280,0.33,"FLAT",0.1,0.12,-0.32,0.02,0.27,6,1,1,0,0,1,0
2555550,"SS","Justin Simmons (DEN)",15,572,0.29,"CROSS",0.09,-0.09,0.53,-0.25,-0.09,10,2,2,0,0,1,0
2556559,"CB","Mike Hilton (PIT)",15,413,0.52,"OUT",0.09,-0.04,-1.45,1.63,-0.05,17,6,4,0,2,3,0
2550164,"CB","T.J. Carrie (CLE)",16,562,0.59,"HITCH",0.09,-0.16,-0.51,0.89,-0.13,43,3,2,0,0,1,0
2557961,"CB","Quincy Wilson (IND)",13,282,0.56,"SLANT",0.08,0.26,-0.25,0.27,-0.2,6,1,1,0,0,1,0
2550654,"CB","K'Waun Williams (SF)",13,351,0.48,"IN",0.08,-0.41,-0.01,0.39,0.11,13,2,1,0,0,1,0
2539237,"CB","D.J. Hayden (JAX)",10,279,0.47,"HITCH",0.08,-0.15,0.24,-0.18,0.17,11,1,1,0,0,0.5,0
2556934,"CB","Javien Elliott (TB)",11,222,0.41,"HITCH",0.06,0.36,-0.15,-0.46,0.31,9,1,1,0,0,1,0
2550262,"ILB","Joe Thomas (DAL)",6,39,0.23,"HITCH",0.06,0.03,-0.01,0,0.05,1,1,1,0,0,1,0
2552385,"FS","Adrian Amos (CHI)",16,655,0.13,"OUT",0.05,-0.1,0.06,0.19,-0.09,3,1,1,0,0,0.5,0
2555280,"CB","Jalen Ramsey (JAX)",16,550,0.69,"SLANT",0.05,0.41,0.42,0.47,-1.25,27,4,2,0,1,4,0
2552689,"CB","Ronald Darby (PHI)",9,373,0.64,"FLAT",0.05,-0.4,0.31,-0.03,0.17,2,1,1,0,0,1,0
2506268,"OLB","Lorenzo Alexander (BUF)",16,354,0.26,"FLAT",0.05,-0.39,0.21,-0.1,0.32,7,1,1,0,0,1,0
2560982,"CB","Tony Brown (GB)",10,167,0.58,"SLANT",0.04,0.29,-0.08,0.33,-0.5,8,4,3,0,1,2.5,0
2561132,"LB","Foye Oluokun (ATL)",16,273,0.3,"OUT",0.03,-0.22,0.34,0.36,-0.45,5,2,2,0,0,1,0
2553353,"CB","Darryl Roberts (NYJ)",14,432,0.48,"CROSS",0.03,-0.32,0.08,-0.26,0.53,9,2,2,0,0,2,0
2560914,"CB","Levi Wallace (BUF)",7,212,0.65,"HITCH",0.03,-0.3,0.01,0.32,0,18,2,1,0,1,1,0
494289,"CB","Sherrick McManis (CHI)",15,180,0.54,"HITCH",0.03,-0.07,0.13,-0.03,0,4,1,1,0,0,1,0
2558009,"FS","Budda Baker (ARI)",14,491,0.48,"CROSS",0.03,-0.49,0.02,1.18,-0.68,13,2,2,0,0,2,0
2532877,"CB","Trumaine Johnson (NYJ)",10,379,0.61,"OUT",0.02,-1.23,-0.24,-1.17,2.67,23,7,6,0,0,6,0
2550613,"CB","Malcolm Butler (TEN)",16,501,0.67,"FLAT",0.02,0.19,-0.09,0.59,-0.67,2,1,1,0,0,1,0
2560966,"LB","Jerome Baker (MIA)",16,373,0.25,"HITCH",0.01,-0.19,0.39,-0.23,0.04,5,1,1,0,0,1,0
2558121,"LB","Elijah Lee (SF)",8,250,0.2,"CROSS",0.01,-0.65,0.02,0.77,-0.12,8,2,1,0,0,1,0
2508107,"CB","Jimmy Smith (BAL)",12,370,0.63,"IN",0.01,0.3,0.39,-0.71,0.03,15,2,2,0,0,1.5,0
2552447,"OLB","Shaq Thompson (CAR)",14,332,0.28,"FLAT",0.01,-0.59,0.6,-0.2,0.2,8,1,1,0,0,1,0
2560850,"DB","D.J. Reed (SF)",11,198,0.36,"FLAT",0,-0.23,0.07,0.07,0.1,3,1,1,0,0,1,0
2532948,"FS","Harrison Smith (MIN)",15,495,0.19,"FLAT",0,-0.18,-0.16,0.32,0.02,4,1,1,0,0,1,0
2558183,"SS","John Johnson (LA)",16,564,0.23,"CROSS",0,-1.51,0.09,2.35,-0.94,18,5,4,1,0,2,0
2559012,"OLB","Eric Wilson (MIN)",12,167,0.29,"OUT",-0.01,-0.08,0.38,0.11,-0.41,4,2,2,0,0,1,0
2552454,"SS","Landon Collins (NYG)",12,436,0.27,"HITCH",-0.01,-0.15,0.14,0.03,-0.03,7,1,1,0,0,1,0
496735,"CB","Kareem Jackson (HOU)",16,593,0.43,"HITCH",-0.01,-0.48,-0.13,-0.07,0.66,22,5,4,0,1,4,0
2495872,"CB","Johnathan Joseph (HOU)",14,485,0.55,"FLAT",-0.02,0,0.25,-0.06,-0.2,2,1,1,0,0,0,0
2558065,"CB","Adoree' Jackson (TEN)",16,537,0.58,"IN",-0.02,-0.5,0.04,0.78,-0.34,25,3,2,0,0,0,0
2495504,"CB","Patrick Peterson (ARI)",16,569,0.56,"SLANT",-0.02,-0.61,0.18,0.74,-0.33,21,5,3,0,0,1,0
2539978,"ILB","Jon Bostic (PIT)",15,280,0.33,"CROSS",-0.04,-0.13,0.11,0.27,-0.28,5,2,2,0,0,0.5,0
2560850,"DB","D.J. Reed (SF)",11,198,0.36,"IN",-0.04,0.1,0.48,-0.68,0.06,7,1,1,0,0,1,0
494289,"CB","Sherrick McManis (CHI)",15,180,0.54,"SLANT",-0.04,-0.62,-0.13,-1.23,1.94,10,3,2,0,1,1,0
2552296,"OLB","Kyle Emanuel (LAC)",13,88,0.19,"HITCH",-0.04,-0.13,0.16,-0.1,0.03,1,1,1,0,0,1,0
2552320,"ILB","Ramik Wilson (LA)",11,86,0.34,"CROSS",-0.05,-0.26,0.27,0.26,-0.32,3,2,1,0,1,0,0
306,"CB","Dominique Rodgers-Cromartie (OAK)",5,67,0.58,"HITCH",-0.05,-0.23,-0.12,0.02,0.28,5,1,1,0,0,0,0
2532800,"OLB","Nigel Bradham (PHI)",15,591,0.21,"SCREEN",-0.06,-0.12,0,0.11,-0.04,1,1,1,0,0,1,0
2560917,"LB","Fred Warner (SF)",15,549,0.19,"OUT",-0.06,-0.07,0.11,-0.06,-0.04,6,1,1,0,0,1,0
2560755,"CB","Josh Jackson (GB)",16,434,0.64,"FLAT",-0.06,-0.08,-0.15,-0.05,0.21,5,1,1,0,0,1,0
2561318,"ILB","Tae Davis (NYG)",11,200,0.15,"FLAT",-0.06,0.13,-0.19,-0.03,0.03,3,1,1,0,0,1,0
2555536,"SS","Kavon Frazier (DAL)",6,101,0.18,"FLAT",-0.06,-0.07,0.07,0.17,-0.24,3,1,1,0,0,1,0
2561008,"DB","Ronnie Harrison (JAX)",12,167,0.24,"HITCH",-0.08,-0.11,0.19,-0.2,0.04,2,1,1,0,0,0.5,0
2556277,"SS","Marqui Christian (LA)",16,274,0.45,"IN",-0.08,-0.08,-0.16,0.25,-0.09,4,1,1,0,0,1,0
2557961,"CB","Quincy Wilson (IND)",13,282,0.56,"HITCH",-0.09,-0.54,1.14,-0.75,0.06,24,1,1,0,0,1,0
2550930,"ILB","Todd Davis (DEN)",15,426,0.21,"IN",-0.09,-0.58,0.45,-0.01,0.05,2,1,1,0,0,1,0
2307,"CB","Orlando Scandrick (KC)",13,508,0.63,"HITCH",-0.09,0.44,-0.53,-0.29,0.29,20,6,5,0,1,5,0
2533062,"CB","Stephon Gilmore (NE)",16,627,0.72,"IN",-0.11,-0.59,-0.5,0.89,0.09,32,3,2,0,1,2,0
2558801,"OLB","Jordan Evans (CIN)",14,246,0.31,"ANGLE",-0.11,-0.24,-0.1,0.17,0.06,2,1,1,0,0,0,0
2552320,"ILB","Ramik Wilson (LA)",11,86,0.34,"OUT",-0.11,0.02,0.27,-0.44,0.04,7,1,1,0,0,1,0
2559054,"ILB","Nicholas Morrow (OAK)",14,237,0.24,"SCREEN",-0.11,-0.02,-0.23,0.08,0.05,1,1,1,0,0,0,0
2558094,"ILB","Zach Cunningham (HOU)",14,440,0.26,"CROSS",-0.11,-0.3,0.11,-0.08,0.16,7,1,1,0,0,2,0
2533062,"CB","Stephon Gilmore (NE)",16,627,0.72,"CORNER",-0.11,-0.45,1.12,-0.78,0,11,1,1,0,0,0,0
496828,"OLB","Derrick Morgan (TEN)",13,294,0.24,"FLAT",-0.11,-0.01,0.23,-0.01,-0.32,1,1,1,0,0,0,0
2557958,"CB","Sidney Jones (PHI)",9,227,0.45,"SLANT",-0.12,0.19,-0.08,-0.31,0.09,8,1,1,0,0,1,0
2561143,"LB","Ja'Whaun Bentley (NE)",3,76,0.43,"CROSS",-0.13,-0.03,0.07,-0.18,0.02,3,1,1,0,0,0,0
2532898,"ILB","Brandon Marshall (DEN)",10,252,0.26,"OUT",-0.13,0.02,-0.27,0.12,0,4,2,1,0,1,0,0
2560760,"SS","Derwin James (LAC)",15,568,0.35,"CORNER",-0.13,-0.56,1.2,-0.79,0.02,7,1,1,0,0,0,0
2557958,"CB","Sidney Jones (PHI)",9,227,0.45,"OUT",-0.13,-0.14,0.29,-0.29,0,7,2,2,0,0,2,0
2552592,"MLB","Kwon Alexander (TB)",6,233,0.23,"CROSS",-0.14,-0.32,1.07,-0.06,-0.83,7,1,1,0,0,0.5,0
2557972,"MLB","Marquel Lee (OAK)",16,171,0.19,"HITCH",-0.14,-0.02,-0.23,0.31,-0.2,2,1,1,0,0,0.5,0
2555349,"CB","Kendall Fuller (KC)",14,622,0.52,"GO",-0.14,-0.23,-1.44,1.29,0.24,50,3,1,0,0,1,0
2543681,"CB","Kyle Fuller (CHI)",16,647,0.64,"FLAT",-0.14,-0.03,-0.21,0.06,0.04,1,1,1,0,0,1,0
2495252,"OLB","K.J. Wright (SEA)",5,132,0.24,"CROSS",-0.14,-0.11,0.11,-0.15,0,3,1,1,0,0,1,0
2557958,"CB","Sidney Jones (PHI)",9,227,0.45,"SCREEN",-0.15,-0.01,-0.21,0.13,-0.05,1,1,1,0,0,1,0
2540170,"CB","David Amerson (ARI)",6,150,0.57,"HITCH",-0.16,0.08,0.19,-0.43,0,4,1,1,0,0,1,0
2558851,"ILB","Anthony Walker (IND)",15,353,0.28,"FLAT",-0.16,-0.25,0.02,-0.02,0.09,4,1,1,0,0,1,0
2539309,"SS","T.J. McDonald (MIA)",14,500,0.2,"HITCH",-0.16,-0.14,-0.19,-0.01,0.17,4,2,2,0,0,1.5,0
80668,"CB","Captain Munnerlyn (CAR)",16,425,0.49,"IN",-0.16,-0.02,0.03,-0.27,0.11,12,1,1,0,0,1,0
2555277,"CB","Eli Apple (NO/NYG)",15,552,0.63,"OUT",-0.17,-0.27,-0.43,0.1,0.44,30,10,7,0,2,5,0
2556475,"CB","Briean Boddy-Calhoun (CLE)",14,426,0.46,"SLANT",-0.17,-0.3,0.01,-2,2.12,9,1,1,0,0,0.5,0
2558121,"LB","Elijah Lee (SF)",8,250,0.2,"HITCH",-0.17,-0.37,0.25,-0.12,0.08,6,1,1,0,0,0,0
494287,"FS","Devin McCourty (NE)",16,625,0.27,"HITCH",-0.17,0,-0.09,-0.1,0.03,6,1,1,0,0,1,0
2532828,"OLB","Lavonte David (TB)",14,522,0.28,"HITCH",-0.18,-0.22,0.02,-0.19,0.21,14,2,2,0,0,2,0
2553655,"FS","Anthony Harris (MIN)",11,299,0.15,"IN",-0.18,-0.63,0.69,-0.28,0.03,4,1,1,0,0,1,0
2552434,"CB","Bobby McCain (MIA)",14,426,0.61,"FLAT",-0.18,-0.35,-0.08,0.21,0.04,14,1,1,0,0,2,0
2532804,"ILB","Zach Brown (WAS)",16,386,0.2,"OUT",-0.19,-0.17,0.21,-0.17,-0.05,9,2,2,0,0,1,0
2543720,"OLB","Christian Kirksey (CLE)",7,275,0.27,"HITCH",-0.19,0.04,0.21,-0.49,0.06,2,1,1,0,0,0,0
2556278,"FS","Will Parks (DEN)",15,327,0.39,"HITCH",-0.19,0.74,-0.48,-0.12,-0.33,14,1,1,0,0,0.5,0
2555177,"CB","Mackensie Alexander (MIN)",15,333,0.55,"IN",-0.19,-0.47,0.07,0.14,0.07,12,2,1,0,1,0,0
2558849,"CB","Cameron Sutton (PIT)",10,175,0.63,"IN",-0.2,0.71,-0.56,-0.36,0,5,1,1,0,0,1,0
1302,"CB","Aqib Talib (LA)",8,217,0.51,"OUT",-0.2,-0.23,0.59,-0.43,-0.12,9,3,3,0,0,2,0
2560754,"DB","J.C. Jackson (NE)",13,266,0.68,"IN",-0.2,0.13,0.13,-0.37,-0.09,15,1,1,0,0,1,0
2555158,"FS","Kevin Byard (TEN)",16,582,0.21,"OUT",-0.21,0.02,-0.07,-0.24,0.09,11,3,3,0,0,3,0
2558259,"CB","Shaquill Griffin (SEA)",15,532,0.69,"HITCH",-0.21,-1.09,0.61,0.05,0.22,39,5,5,0,0,4,0
2558005,"ILB","Jayon Brown (TEN)",16,506,0.19,"SLANT",-0.21,0.35,-0.78,-0.22,0.43,3,1,1,0,0,1,0
2558849,"CB","Cameron Sutton (PIT)",10,175,0.63,"GO",-0.21,0.1,-0.68,-0.4,0.78,30,5,2,1,2,1,0
2555349,"CB","Kendall Fuller (KC)",14,622,0.52,"HITCH",-0.21,-0.15,-0.47,0.39,0.02,25,2,1,0,1,1,0
2543699,"OLB","Kyle Van Noy (NE)",16,591,0.23,"SLANT",-0.21,0.04,0.09,-0.12,-0.23,1,1,1,0,0,1,0
2543597,"ILB","Avery Williamson (NYJ)",16,627,0.2,"FLAT",-0.21,0.93,0.16,0.65,-1.95,15,2,2,0,0,2,0
2543637,"CB","Terrance Mitchell (CLE)",8,265,0.52,"SLANT",-0.22,0.05,0.28,-0.6,0.06,8,2,2,0,0,2,0
2556593,"ILB","Cory Littleton (LA)",16,556,0.28,"SLANT",-0.22,0.09,0.13,-0.46,0.01,1,1,1,0,0,0.5,0
2555322,"ILB","Darron Lee (NYJ)",12,448,0.24,"CROSS",-0.22,0.02,0.05,-0.42,0.13,9,2,2,0,0,1,0
2552315,"MLB","Jordan Hicks (PHI)",12,461,0.17,"HITCH",-0.23,-0.43,1.46,-1.12,-0.14,12,4,4,0,0,3,0
2555329,"OLB","Myles Jack (JAX)",16,553,0.23,"CROSS",-0.23,-0.56,0.06,-0.1,0.38,19,1,1,0,0,1,0
2560839,"CB","Darius Phillips (CIN)",10,138,0.58,"HITCH",-0.23,-0.09,0.02,0,-0.15,10,1,1,0,0,1,0
2556475,"CB","Briean Boddy-Calhoun (CLE)",14,426,0.46,"FLAT",-0.25,-0.35,0.02,0.06,0.03,18,2,2,0,0,2,0
2561328,"OLB","Sharif Finch (TEN)",15,101,0.33,"HITCH",-0.25,-0.03,-0.02,-0.21,0.02,1,1,1,0,0,1,0
2557867,"CB","Tre'Davious White (BUF)",16,526,0.65,"HITCH",-0.25,0.18,1.03,-1.26,-0.2,38,5,4,0,0,4,0
2495108,"CB","Prince Amukamara (CHI)",15,585,0.69,"HITCH",-0.25,0.88,-1.74,1.1,-0.48,51,12,8,0,3,6,0
2495807,"FS","Antoine Bethea (ARI)",16,567,0.24,"FLAT",-0.25,-0.57,0.42,-0.11,0.01,9,1,1,0,0,1,0
2560946,"DB","Isaac Yiadom (DEN)",11,179,0.75,"POST",-0.25,-0.06,0.08,-1.09,0.82,10,2,2,0,0,1,0
2539277,"MLB","Manti Te'o (NO)",5,70,0.24,"HITCH",-0.25,-0.07,-0.05,0.3,-0.43,3,1,1,0,0,0.5,0
2543592,"MLB","Anthony Hitchens (KC)",14,495,0.17,"ANGLE",-0.25,0.09,0.12,-0.29,-0.17,4,1,1,0,0,1,0
2495343,"CB","Buster Skrine (NYJ)",14,401,0.52,"HITCH",-0.25,-0.23,0.25,-0.15,-0.12,11,1,1,0,0,1,0
2552315,"MLB","Jordan Hicks (PHI)",12,461,0.17,"SCREEN",-0.26,-0.06,-0.38,-0.27,0.45,2,1,1,0,0,1,0
2543464,"ILB","C.J. Mosley (BAL)",15,548,0.16,"HITCH",-0.26,-0.37,0.44,0.09,-0.41,6,1,1,0,0,0.5,0
2506789,"CB","Tramon Williams (GB)",16,589,0.45,"IN",-0.27,-0.26,0.09,-0.13,0.03,18,1,1,0,0,1,0
2555568,"SS","Erik Harris (OAK)",15,220,0.19,"SLANT",-0.27,-0.05,-0.13,-0.02,-0.06,3,2,1,0,1,1,0
2560917,"LB","Fred Warner (SF)",15,549,0.19,"FLAT",-0.27,-0.68,0.14,0.29,-0.02,8,2,2,0,0,1,0
2558248,"FS","Chuck Clark (BAL)",13,169,0.27,"IN",-0.27,-0.05,0.03,-0.27,0.03,3,1,1,0,0,1,0
2532800,"OLB","Nigel Bradham (PHI)",15,591,0.21,"HITCH",-0.28,-0.56,0.36,-0.4,0.33,9,2,2,0,0,2,0
2556587,"CB","Cre'von LeBlanc (DET/PHI)",8,264,0.53,"CROSS",-0.28,-0.34,0.16,-0.05,-0.05,13,4,4,0,0,1.5,0
2556371,"CB","Brandon Williams (ARI)",2,43,0.6,"OUT",-0.28,-0.03,-0.3,0.05,0.01,1,1,1,0,0,1,0
2543699,"OLB","Kyle Van Noy (NE)",16,591,0.23,"ANGLE",-0.28,-0.13,0.04,0.13,-0.33,2,1,1,0,0,1,0
1302,"CB","Aqib Talib (LA)",8,217,0.51,"POST",-0.28,-0.31,1.39,-1.38,0.02,9,1,1,0,1,0,0
2540164,"SS","Tony Jefferson (BAL)",14,531,0.23,"CROSS",-0.28,0.02,-0.02,-0.25,-0.03,5,1,1,0,0,1,0
2530794,"FS","Ron Parker (KC)",14,590,0.18,"CORNER",-0.29,0.22,-0.03,-0.38,-0.1,5,1,1,0,0,1,0
2552262,"SS","Quandre Diggs (DET)",16,541,0.26,"CROSS",-0.29,-0.51,-1.03,1.63,-0.38,13,3,2,0,1,2,0
2556934,"CB","Javien Elliott (TB)",11,222,0.41,"OUT",-0.29,-0.04,-0.24,-0.25,0.24,5,1,1,0,0,0,0
2560970,"S","Jessie Bates (CIN)",16,630,0.08,"HITCH",-0.29,-0.28,-0.17,0.93,-0.77,2,1,1,0,0,1,0
2560753,"CB","Donte Jackson (CAR)",15,524,0.58,"POST",-0.29,-1.64,-0.12,-0.34,1.8,27,3,2,1,0,2,0
2543872,"CB","Nevin Lawson (DET)",15,488,0.63,"HITCH",-0.3,0.53,0.47,-1.61,0.31,39,5,4,0,0,3,0
2543459,"OLB","Anthony Barr (MIN)",12,378,0.23,"FLAT",-0.3,-0.9,0.06,0.52,0.02,19,1,1,0,0,0,0
2561318,"ILB","Tae Davis (NYG)",11,200,0.15,"OUT",-0.31,0.08,-0.45,0.04,0.03,5,1,1,0,0,1,0
2556277,"SS","Marqui Christian (LA)",16,274,0.45,"HITCH",-0.31,0.3,-0.57,-0.2,0.16,16,1,1,0,0,0.5,0
2506861,"CB","Brent Grimes (TB)",13,427,0.61,"IN",-0.31,-1.34,0.65,0.53,-0.15,21,3,2,0,1,1.5,0
2557955,"CB","Teez Tabor (DET)",10,169,0.61,"HITCH",-0.32,0.78,0.2,-1.27,-0.03,5,1,1,0,0,1,0
2543851,"CB","Phillip Gaines (BUF/CLE)",9,214,0.65,"CROSS",-0.32,-0.31,-0.43,-0.89,1.32,4,1,1,0,0,0,0
2533056,"MLB","Luke Kuechly (CAR)",16,546,0.18,"FLAT",-0.32,-0.09,0.43,-0.11,-0.54,5,1,1,0,0,1,0
2560763,"LB","Josey Jewell (DEN)",15,198,0.28,"OUT",-0.32,-0.24,0.69,-1.07,0.3,4,3,3,0,0,1,0
2539311,"OLB","Jamie Collins (CLE)",16,599,0.23,"FLAT",-0.32,-0.48,-0.26,0.49,-0.07,7,2,1,0,1,1,0
2556559,"CB","Mike Hilton (PIT)",15,413,0.52,"HITCH",-0.33,-0.11,0.06,-0.28,0.01,11,1,1,0,0,1,0
2552289,"OLB","Bud Dupree (PIT)",16,526,0.33,"HITCH",-0.33,-0.12,0.08,-0.24,-0.05,3,1,1,0,0,0.5,0
2533062,"CB","Stephon Gilmore (NE)",16,627,0.72,"HITCH",-0.33,0.9,1.03,-2.62,0.37,35,6,5,0,1,5,0
2506861,"CB","Brent Grimes (TB)",13,427,0.61,"HITCH",-0.33,-0.66,0.53,0.01,-0.21,15,4,3,0,1,1,0
2550930,"ILB","Todd Davis (DEN)",15,426,0.21,"HITCH",-0.34,-0.24,0.02,0.09,-0.21,8,1,1,0,0,1,0
2552447,"OLB","Shaq Thompson (CAR)",14,332,0.28,"WHEEL",-0.34,-0.06,0,-0.61,0.33,2,1,1,0,0,0,0
2559109,"CB","Deante Burton (ATL/HOU)",2,41,0.63,"HITCH",-0.34,-0.1,-0.06,-0.19,0.01,5,1,1,0,0,1,0
2555161,"ILB","Blake Martinez (GB)",16,580,0.15,"HITCH",-0.35,-0.48,0.55,-0.36,-0.06,7,3,3,0,0,1,0
2499278,"OLB","Malcolm Smith (SF)",12,179,0.26,"OUT",-0.35,-0.05,-0.14,-0.21,0.05,5,1,1,0,0,1,0
2555530,"FS","Vonn Bell (NO)",16,499,0.3,"CORNER",-0.35,-0.31,0.59,-0.43,-0.2,5,1,1,0,0,0,0
2560760,"SS","Derwin James (LAC)",15,568,0.35,"SCREEN",-0.36,-0.15,-0.01,-0.38,0.18,2,1,1,0,0,0.5,0
2553353,"CB","Darryl Roberts (NYJ)",14,432,0.48,"OUT",-0.37,-0.5,-0.25,0.06,0.32,20,7,5,0,2,3,0
2495252,"OLB","K.J. Wright (SEA)",5,132,0.24,"HITCH",-0.37,-0.47,0.1,0.41,-0.4,6,2,2,0,0,2,0
2556429,"SS","Matthias Farley (IND)",5,101,0.1,"OUT",-0.37,-0.02,0.19,0.06,-0.6,2,1,1,0,0,0,0
2539978,"ILB","Jon Bostic (PIT)",15,280,0.33,"POST",-0.37,-0.07,0.14,-0.49,0.05,9,1,1,0,0,1,0
2557969,"OLB","Matt Milano (BUF)",13,412,0.28,"ANGLE",-0.38,-0.18,0.08,0.03,-0.31,4,1,1,0,0,0,0
2558184,"SS","Damontae Kazee (ATL)",16,572,0.07,"CROSS",-0.38,-0.22,-0.11,-0.23,0.17,4,1,1,0,0,1,0
2506345,"CB","Adam Jones (DEN)",5,66,0.62,"HITCH",-0.38,-0.09,-0.17,-0.16,0.03,4,1,1,0,0,1,0
2552689,"CB","Ronald Darby (PHI)",9,373,0.64,"IN",-0.39,-0.23,0.22,-0.54,0.15,19,5,4,0,1,2.5,0
2495872,"CB","Johnathan Joseph (HOU)",14,485,0.55,"OUT",-0.39,-2.23,0.44,1.27,0.12,28,7,5,0,2,2,0
2561001,"CB","Grant Haley (NYG)",10,264,0.59,"OUT",-0.4,0.35,0.44,-0.01,-1.17,17,5,4,0,0,2,0
2539240,"SS","Micah Hyde (BUF)",15,479,0.16,"CROSS",-0.4,0.02,-0.34,-0.15,0.08,4,1,1,0,0,1,0
2543563,"ILB","Kevin Pierre-Louis (NYJ)",5,31,0.62,"CROSS",-0.4,-0.05,-0.22,-0.12,-0.01,1,1,1,0,0,0,0
2553637,"CB","Justin Coleman (SEA)",15,444,0.44,"SCREEN",-0.41,-0.32,0.38,-0.39,-0.08,3,1,1,0,0,0,0
2555378,"CB","Tavon Young (BAL)",15,401,0.51,"SLANT",-0.41,0.32,-0.06,-0.47,-0.21,7,1,1,0,0,1,0
2532946,"CB","Coty Sensabaugh (PIT)",15,458,0.66,"POST",-0.41,0.12,-1.1,0.51,0.06,22,5,3,0,0,1,0
2552262,"SS","Quandre Diggs (DET)",16,541,0.26,"POST",-0.41,-0.11,0.07,-0.4,0.03,3,1,1,0,0,0,0
496733,"CB","Joe Haden (PIT)",15,571,0.65,"HITCH",-0.42,0.26,0.15,-1.65,0.82,44,8,7,0,1,4.5,0
2543505,"CB","Bradley Roby (DEN)",14,517,0.67,"HITCH",-0.42,0.2,-0.75,0.12,0.01,22,1,1,0,0,0,0
2541832,"SS","Jeff Heath (DAL)",16,580,0.32,"HITCH",-0.43,-0.36,0.07,-0.16,0.02,9,1,1,0,0,1,0
2532789,"ILB","Mark Barron (LA)",12,279,0.29,"OUT",-0.43,-0.22,-0.11,-0.47,0.36,7,2,2,0,0,1,0
2559181,"DB","Justin Hardee (NO)",5,49,0.67,"OUT",-0.43,-0.06,0.18,-0.57,0.02,2,2,2,0,0,2,0
2560901,"DB","Kevin Toliver (CHI)",10,98,0.59,"SLANT",-0.43,-0.18,-0.1,-0.23,0.07,2,1,1,0,0,0,0
2560763,"LB","Josey Jewell (DEN)",15,198,0.28,"FLAT",-0.44,-0.22,0.55,0.08,-0.84,7,1,1,0,0,1,0
2532800,"OLB","Nigel Bradham (PHI)",15,591,0.21,"CROSS",-0.44,-0.81,0.2,-0.09,0.26,12,1,1,0,0,0,0
2558851,"ILB","Anthony Walker (IND)",15,353,0.28,"IN",-0.45,-0.66,0.7,-0.69,0.2,7,1,1,0,0,1,0
2556593,"ILB","Cory Littleton (LA)",16,556,0.28,"CROSS",-0.45,-0.7,0.54,-0.36,0.08,11,1,1,0,0,1,0
2535613,"ILB","L.J. Fort (PIT)",11,198,0.19,"GO",-0.45,-0.12,0.95,-1.33,0.05,3,1,1,0,0,1,0
2557840,"CB","Chidobe Awuzie (DAL)",15,519,0.67,"CROSS",-0.45,-0.51,-0.11,-0.4,0.56,12,2,2,0,0,1.5,0
2555160,"ILB","Antonio Morrison (GB)",16,119,0.11,"FLAT",-0.46,-0.01,-0.11,-0.11,-0.24,1,1,1,0,0,1,0
2555540,"SS","Derrick Kindred (CLE)",16,258,0.34,"GO",-0.46,0.14,0.13,-0.88,0.15,5,1,1,0,0,1,0
2556475,"CB","Briean Boddy-Calhoun (CLE)",14,426,0.46,"GO",-0.46,-0.03,0.42,-1.11,0.25,21,2,2,0,0,0,0
2555528,"OLB","Nick Vigil (CIN)",11,406,0.31,"OUT",-0.47,-0.42,0.31,-0.26,-0.09,14,6,5,0,1,3,0
2550930,"ILB","Todd Davis (DEN)",15,426,0.21,"OUT",-0.47,0.04,0.11,-0.76,0.14,12,3,3,0,0,2,0
2540197,"CB","Nickell Robey-Coleman (LA)",16,378,0.48,"OUT",-0.47,-1.03,-0.09,1.08,-0.43,31,5,4,0,0,3,0
2556817,"CB","Tony McRae (CIN)",5,61,0.72,"OUT",-0.47,0.04,0.13,-0.7,0.06,3,1,1,0,0,1,0
2552434,"CB","Bobby McCain (MIA)",14,426,0.61,"HITCH",-0.48,-0.55,-0.03,0.03,0.07,17,2,2,0,0,0,0
2533060,"CB","Dre Kirkpatrick (CIN)",13,458,0.68,"SLANT",-0.48,0.17,-0.13,0.03,-0.54,23,6,3,0,3,1,0
2558009,"FS","Budda Baker (ARI)",14,491,0.48,"SCREEN",-0.49,-0.22,0.06,0.17,-0.5,4,1,1,0,0,0,0
2552448,"CB","Trae Waynes (MIN)",13,368,0.67,"IN",-0.5,0.31,0.44,-1.27,0.01,14,2,2,0,0,1,0
2532804,"ILB","Zach Brown (WAS)",16,386,0.2,"CROSS",-0.52,-0.41,0.39,-1.04,0.54,12,4,4,0,0,3.5,1
2558851,"ILB","Anthony Walker (IND)",15,353,0.28,"HITCH",-0.52,-0.49,0.01,-0.19,0.14,5,2,1,0,0,1,0
2560760,"SS","Derwin James (LAC)",15,568,0.35,"ANGLE",-0.52,-0.02,-0.21,-0.25,-0.04,1,1,1,0,0,0,0
2553637,"CB","Justin Coleman (SEA)",15,444,0.44,"CROSS",-0.52,-0.6,0.25,-0.09,-0.08,22,3,2,0,1,1,0
2556475,"CB","Briean Boddy-Calhoun (CLE)",14,426,0.46,"HITCH",-0.53,-0.26,0,-0.52,0.25,19,3,2,0,1,1,0
2559152,"ILB","Dylan Cole (HOU)",8,82,0.35,"OUT",-0.53,-0.17,0.04,-0.67,0.28,4,2,1,0,1,1,0
2505708,"FS","Mike Adams (CAR)",16,553,0.27,"IN",-0.53,-0.18,-0.02,-0.19,-0.13,2,1,1,0,0,1,0
2543851,"CB","Phillip Gaines (BUF/CLE)",9,214,0.65,"HITCH",-0.53,0.37,-0.22,-0.3,-0.39,12,3,3,0,0,3,0
2556445,"CB","Brian Poole (ATL)",16,531,0.43,"IN",-0.54,-0.63,0.07,0.04,-0.02,22,1,1,0,0,1,0
2539243,"SS","Bradley McDougald (SEA)",15,503,0.28,"FLAT",-0.54,-0.81,0.2,-0.24,0.31,14,2,1,0,0,1,0
2507817,"SS","Rafael Bush (BUF)",14,250,0.5,"HITCH",-0.54,-0.29,0.04,-0.22,-0.07,3,1,1,0,0,1,0
4365,"CB","Brandon Carr (BAL)",16,556,0.6,"OUT",-0.54,-0.16,0.08,-0.66,0.2,26,3,3,0,0,3,0
2558821,"CB","Jamal Agnew (DET)",5,73,0.66,"IN",-0.54,0.05,-0.01,-0.56,-0.02,3,2,2,0,0,2,0
2539233,"SS","Shawn Williams (CIN)",16,537,0.18,"IN",-0.54,-0.15,-0.06,-0.28,-0.05,5,1,1,0,0,1,0
2556571,"CB","Jonathan Jones (NE)",16,353,0.49,"GO",-0.54,0.73,-0.66,-0.59,-0.02,37,1,1,0,0,1,0
2558157,"CB","Ahkello Witherspoon (SF)",12,360,0.68,"SLANT",-0.54,0.04,-0.05,-0.33,-0.21,10,4,3,0,1,1,0
2555280,"CB","Jalen Ramsey (JAX)",16,550,0.69,"IN",-0.54,-0.39,-0.18,0.03,0,24,2,1,0,1,1,0
2555355,"FS","Clayton Fejedelem (CIN)",12,118,0.2,"CROSS",-0.55,-0.01,-0.08,-0.39,-0.07,2,1,1,0,0,1,0
2560851,"SS","Justin Reid (HOU)",16,548,0.17,"OUT",-0.55,-0.38,0.01,-0.18,0,6,1,1,0,0,1,0
2550572,"ILB","Christian Jones (DET)",16,315,0.21,"OUT",-0.55,-0.15,0.05,-0.52,0.06,3,2,2,0,0,1,0
2539309,"SS","T.J. McDonald (MIA)",14,500,0.2,"CROSS",-0.55,-0.78,0.09,-0.17,0.3,7,2,2,0,0,2,0
2532986,"OLB","Tahir Whitehead (OAK)",16,508,0.24,"OUT",-0.55,-0.32,0.13,-0.18,-0.19,10,3,3,0,0,0,0
2556593,"ILB","Cory Littleton (LA)",16,556,0.28,"OUT",-0.55,-0.83,0.29,0.02,-0.04,11,2,2,0,0,1,0
2543680,"FS","Antone Exum (SF)",12,320,0.19,"OUT",-0.56,-0.43,-0.09,-0.25,0.21,5,2,2,0,0,2,0
2533057,"MLB","Dont'a Hightower (NE)",15,457,0.19,"IN",-0.56,-0.01,-0.1,-0.22,-0.22,2,1,1,0,0,0,0
2532920,"CB","Josh Norman (WAS)",16,599,0.63,"GO",-0.56,2.1,0.21,-2.84,-0.04,89,4,2,1,1,0,0
2558094,"ILB","Zach Cunningham (HOU)",14,440,0.26,"OUT",-0.56,-0.46,0.04,-0.39,0.24,8,3,3,0,0,1,0
2560917,"LB","Fred Warner (SF)",15,549,0.19,"HITCH",-0.57,-0.67,0,0.06,0.04,10,1,1,0,0,0,0
2540162,"CB","Logan Ryan (TEN)",14,498,0.51,"IN",-0.58,-0.22,0.06,-0.33,-0.09,16,1,1,0,0,1,0
2541832,"SS","Jeff Heath (DAL)",16,580,0.32,"FLAT",-0.58,-0.87,0.05,0.32,-0.09,11,2,1,0,0,1,0
2558259,"CB","Shaquill Griffin (SEA)",15,532,0.69,"CROSS",-0.59,-0.89,-0.02,0.33,0,15,1,0,0,0,1,0
1037374,"CB","Sam Shields (LA)",14,249,0.64,"OUT",-0.59,-0.05,-1.27,0.73,0,13,2,1,0,1,0,0
2556480,"SS","Kentrell Brice (GB)",14,361,0.19,"SLANT",-0.59,-0.04,0.31,-0.23,-0.63,1,1,1,0,0,0,0
2495775,"FS","Eric Weddle (BAL)",16,630,0.09,"SLANT",-0.6,-0.04,-0.28,-0.39,0.11,1,1,1,0,0,0,0
2558168,"CB","Rasul Douglas (PHI)",12,362,0.61,"FLAT",-0.61,-0.01,0.44,-0.14,-0.91,3,1,1,0,0,0,0
2535609,"CB","DeShawn Shead (DET)",12,176,0.7,"CROSS",-0.62,-0.07,-0.14,-0.21,-0.2,10,1,1,0,0,0.5,0
2552447,"OLB","Shaq Thompson (CAR)",14,332,0.28,"GO",-0.62,-0.31,-0.01,-0.33,0.02,10,1,1,0,0,1,0
2532877,"CB","Trumaine Johnson (NYJ)",10,379,0.61,"CROSS",-0.63,-0.08,-0.1,-0.24,-0.2,7,1,1,0,0,1,0
2552697,"FS","Jermaine Whitehead (CLE/GB)",8,146,0.4,"HITCH",-0.63,-0.18,-0.34,-0.37,0.26,4,2,2,0,0,2,0
2558163,"OLB","Alex Anzalone (NO)",16,334,0.28,"CROSS",-0.63,-0.26,0.03,0.02,-0.42,15,3,3,0,0,3,0
2560884,"CB","M.J. Stewart (TB)",8,202,0.56,"SLANT",-0.63,-0.2,-0.27,0.55,-0.71,3,2,1,0,0,0,0
2533049,"OLB","Whitney Mercilus (HOU)",16,485,0.26,"HITCH",-0.63,-0.47,0.33,-0.14,-0.35,6,1,1,0,0,0.5,0
2558976,"CB","Kenny Moore II (IND)",15,514,0.45,"OUT",-0.63,-1.01,0.1,0.65,-0.38,14,2,1,0,0,0,0
2559181,"DB","Justin Hardee (NO)",5,49,0.67,"HITCH",-0.64,0.12,-0.36,-0.18,-0.22,5,1,1,0,0,0,0
2539943,"FS","D.J. Swearinger (WAS)",15,565,0.2,"OUT",-0.65,-0.36,-0.25,-0.04,0,7,1,1,0,0,1,0
2543492,"FS","Lamarcus Joyner (LA)",15,524,0.08,"GO",-0.65,-0.7,-1.33,1.31,0.07,6,2,1,0,0,1,0
2540197,"CB","Nickell Robey-Coleman (LA)",16,378,0.48,"FLAT",-0.67,-0.72,-0.07,0.11,0.01,9,1,1,0,0,1,0
2557958,"CB","Sidney Jones (PHI)",9,227,0.45,"CROSS",-0.67,-0.16,-0.19,0.3,-0.62,10,2,1,0,0,1,0
2539311,"OLB","Jamie Collins (CLE)",16,599,0.23,"OUT",-0.68,-0.11,0.13,-0.68,-0.01,10,3,3,0,0,0,0
2539338,"CB","B.W. Webb (NYG)",16,576,0.63,"CROSS",-0.68,-0.16,0.11,-0.58,-0.05,18,2,2,0,0,1,0
2543681,"CB","Kyle Fuller (CHI)",16,647,0.64,"IN",-0.68,-1.64,0.72,0.94,-0.7,53,9,6,0,1,4,0
2539233,"SS","Shawn Williams (CIN)",16,537,0.18,"POST",-0.68,-0.37,0.24,-0.53,-0.02,6,2,2,0,0,2,0
2543474,"CB","Darqueze Dennard (CIN)",13,412,0.57,"FLAT",-0.69,-0.2,-0.57,0.06,0.02,15,1,1,0,0,1,0
2532828,"OLB","Lavonte David (TB)",14,522,0.28,"CROSS",-0.69,-0.09,0,-1.03,0.42,15,3,3,0,0,2.5,0
2555342,"SS","Karl Joseph (OAK)",12,239,0.25,"CROSS",-0.69,-0.6,0.13,-0.1,-0.12,3,1,1,0,0,1,0
2539293,"ILB","Gerald Hodges (ARI)",9,171,0.25,"HITCH",-0.69,-0.42,0.14,-0.27,-0.14,7,3,3,0,0,3,0
2495343,"CB","Buster Skrine (NYJ)",14,401,0.52,"CROSS",-0.7,-0.43,-0.32,-4.71,4.76,27,7,7,0,0,6.5,1
2532961,"ILB","Danny Trevathan (CHI)",16,628,0.23,"IN",-0.71,-0.65,0.15,-0.12,-0.09,7,2,1,0,0,1,0
2530794,"FS","Ron Parker (KC)",14,590,0.18,"POST",-0.71,-0.43,0.12,-0.43,0.03,4,1,1,0,0,0,0
2505708,"FS","Mike Adams (CAR)",16,553,0.27,"SLANT",-0.71,-0.1,-0.04,-0.77,0.2,2,1,1,0,0,1,0
2558061,"CB","Marshon Lattimore (NO)",16,569,0.65,"CROSS",-0.72,0.06,0.26,-0.57,-0.47,10,3,3,0,0,2,1
79848,"SS","Malcolm Jenkins (PHI)",16,680,0.31,"ANGLE",-0.72,-0.42,1.1,0.68,-2.08,2,1,1,0,0,1,0
2539338,"CB","B.W. Webb (NYG)",16,576,0.63,"SLANT",-0.72,0.73,-0.17,-0.25,-1.03,21,3,3,0,0,2,0
2508107,"CB","Jimmy Smith (BAL)",12,370,0.63,"OUT",-0.73,0.15,-1.12,0.34,-0.1,10,3,2,0,1,2,0
2552454,"SS","Landon Collins (NYG)",12,436,0.27,"IN",-0.73,0,0.03,-0.86,0.11,9,3,3,0,0,2.5,0
2559152,"ILB","Dylan Cole (HOU)",8,82,0.35,"FLAT",-0.73,-0.07,-0.74,0.15,-0.07,3,1,1,0,0,1,0
2539935,"OLB","Kiko Alonso (MIA)",15,525,0.22,"FLAT",-0.73,-0.09,0.05,-0.07,-0.63,10,1,1,0,0,0.5,0
2543681,"CB","Kyle Fuller (CHI)",16,647,0.64,"SLANT",-0.73,0.12,-0.18,-0.84,0.16,29,6,6,0,0,2.5,0
2557837,"OLB","Reuben Foster (SF)",6,198,0.22,"CROSS",-0.74,-0.16,0.05,-0.27,-0.35,8,2,1,0,1,0,0
2552484,"CB","P.J. Williams (NO)",15,483,0.56,"CROSS",-0.74,0.32,0.04,-1.36,0.26,12,1,1,0,0,1,0
2557980,"FS","Jabrill Peppers (CLE)",16,446,0.35,"CROSS",-0.74,-0.43,0.07,-0.3,-0.08,10,1,1,0,0,0.5,0
2540180,"FS","Tyrann Mathieu (HOU)",16,637,0.35,"POST",-0.75,0.51,3.82,-1.49,-3.59,21,3,2,0,1,0.5,0
2560901,"DB","Kevin Toliver (CHI)",10,98,0.59,"HITCH",-0.75,-0.17,-0.51,-0.11,0.04,6,1,1,0,0,0,0
494259,"SS","Barry Church (JAX)",11,355,0.2,"POST",-0.75,-0.31,0.01,-0.48,0.02,6,1,1,0,0,1,0
2560789,"LB","Darius Leonard (IND)",15,535,0.23,"GO",-0.76,-0.79,-0.34,-0.19,0.56,13,1,1,0,0,0,0
2552312,"MLB","Eric Kendricks (MIN)",13,442,0.25,"HITCH",-0.76,-0.57,0.44,-0.26,-0.37,9,2,2,0,0,2,0
2541200,"CB","Rashaan Melvin (OAK)",14,330,0.68,"IN",-0.76,0.68,0.27,-1.24,-0.47,20,3,3,0,0,2,0
2506345,"CB","Adam Jones (DEN)",5,66,0.62,"POST",-0.76,-0.11,-0.39,-0.39,0.13,4,1,1,0,0,1,0
79848,"SS","Malcolm Jenkins (PHI)",16,680,0.31,"POST",-0.76,-0.49,0.26,-0.59,0.06,12,1,1,0,0,1,0
2560822,"CB","Parry Nickerson (NYJ)",7,147,0.47,"SLANT",-0.77,-0.16,-0.03,-0.56,-0.03,4,1,1,0,0,1,0
2507167,"FS","Reggie Nelson (OAK)",11,210,0.16,"OUT",-0.77,-0.26,-0.04,-0.82,0.35,3,2,2,0,0,1,0
2555349,"CB","Kendall Fuller (KC)",14,622,0.52,"OUT",-0.77,0.05,-0.34,-0.09,-0.39,36,6,4,0,1,4,0
2560930,"DB","Jordan Whitehead (TB)",15,388,0.2,"CROSS",-0.78,-0.49,-1.07,0.56,0.23,8,2,1,0,1,1,0
2553790,"CB","DeVante Bausby (PHI)",4,90,0.66,"HITCH",-0.78,-0.29,-0.23,0.67,-0.93,6,3,3,0,0,0,0
2532948,"FS","Harrison Smith (MIN)",15,495,0.19,"CROSS",-0.79,-0.11,-1.01,0.23,0.11,3,1,1,0,0,1,0
2561527,"CB","Mike Ford (DET)",7,212,0.64,"IN",-0.79,-0.12,0.02,-1.02,0.33,14,5,5,0,0,3,0
2556642,"ILB","Patrick Onwuasor (BAL)",16,238,0.24,"POST",-0.79,-0.05,0.09,-0.8,-0.02,2,1,1,0,0,0.5,0
2555531,"CB","Anthony Brown (DAL)",15,437,0.5,"POST",-0.79,-0.05,-0.25,-0.6,0.11,12,1,1,0,0,1,0
2550164,"CB","T.J. Carrie (CLE)",16,562,0.59,"SLANT",-0.79,0.84,1.22,-3.2,0.34,20,5,3,0,1,2.5,0
2550613,"CB","Malcolm Butler (TEN)",16,501,0.67,"HITCH",-0.79,1.47,-1.69,-0.56,-0.01,29,6,5,0,1,4,0
2561039,"CB","Carlton Davis (TB)",13,396,0.68,"OUT",-0.79,-1.74,0.07,1.18,-0.3,26,7,6,0,1,5,0
2533008,"ILB","Demario Davis (NO)",16,545,0.21,"HITCH",-0.81,-0.3,-0.16,-0.06,-0.28,7,2,2,0,1,1.5,0
2560850,"DB","D.J. Reed (SF)",11,198,0.36,"HITCH",-0.81,-0.21,0.11,-0.54,-0.17,10,1,1,0,0,1,0
2555277,"CB","Eli Apple (NO/NYG)",15,552,0.63,"HITCH",-0.81,-0.53,0.38,0.31,-0.96,31,7,5,0,1,2,0
2555277,"CB","Eli Apple (NO/NYG)",15,552,0.63,"SLANT",-0.81,0.89,-0.36,-1.16,-0.18,21,4,4,0,0,3,0
2558163,"OLB","Alex Anzalone (NO)",16,334,0.28,"SLANT",-0.81,-0.2,-0.23,-0.44,0.05,3,2,2,0,0,2,0
2560851,"SS","Justin Reid (HOU)",16,548,0.17,"POST",-0.82,-0.16,-0.5,-0.32,0.15,4,1,1,0,0,1,0
2533057,"MLB","Dont'a Hightower (NE)",15,457,0.19,"FLAT",-0.82,-0.51,-0.23,-0.24,0.17,8,1,1,0,0,0,0
2558168,"CB","Rasul Douglas (PHI)",12,362,0.61,"HITCH",-0.83,-0.27,-0.68,0.1,0.03,13,1,1,0,0,1,0
2558070,"LB","Raekwon McMillan (MIA)",16,360,0.16,"HITCH",-0.83,-0.29,-0.75,0.3,-0.09,9,2,2,0,0,0,0
2541832,"SS","Jeff Heath (DAL)",16,580,0.32,"SLANT",-0.83,-0.15,-0.32,-0.24,-0.13,4,1,1,0,0,0.5,0
2535687,"SS","Michael Thomas (NYG)",16,317,0.37,"HITCH",-0.84,-0.09,-0.52,-0.06,-0.17,6,1,1,0,0,1,0
89756,"CB","Jason McCourty (NE)",16,534,0.61,"POST",-0.84,-0.51,0.15,-0.81,0.33,23,2,1,0,0,1,0
2550565,"MLB","Adarius Taylor (TB)",15,306,0.27,"CROSS",-0.84,-0.55,0.13,0.26,-0.68,6,3,3,0,0,1.5,0
2557887,"ILB","Haason Reddick (ARI)",16,444,0.28,"SLANT",-0.84,0.3,-0.2,-0.9,-0.04,4,1,1,0,0,1,0
2543814,"MLB","Preston Brown (CIN)",7,191,0.21,"FLAT",-0.84,-0.62,-0.32,-0.23,0.33,7,2,2,0,0,1.5,0
2539338,"CB","B.W. Webb (NYG)",16,576,0.63,"GO",-0.85,2.29,0.72,-3.68,-0.19,103,4,2,0,0,1,0
2540162,"CB","Logan Ryan (TEN)",14,498,0.51,"OUT",-0.85,0.09,0.09,-1.42,0.39,24,3,3,0,0,2,0
2561318,"ILB","Tae Davis (NYG)",11,200,0.15,"HITCH",-0.89,0.23,0.17,-1.13,-0.17,4,3,3,0,0,1,0
2530491,"ILB","Josh Bynes (ARI)",11,370,0.23,"OUT",-0.89,-0.51,0.13,0.15,-0.66,8,1,1,0,0,0,0
2555531,"CB","Anthony Brown (DAL)",15,437,0.5,"GO",-0.89,0.5,0.67,-2.3,0.24,54,5,2,0,1,1,0
2555550,"SS","Justin Simmons (DEN)",15,572,0.29,"IN",-0.89,-0.45,0.21,-0.7,0.05,7,1,1,0,0,1,0
2558925,"LB","Austin Calitro (SEA)",7,129,0.19,"CROSS",-0.9,-0.24,-0.58,-0.11,0.03,4,1,1,0,0,1,0
2558119,"SS","Josh Jones (GB)",11,295,0.28,"SLANT",-0.9,-0.06,-0.27,-0.28,-0.29,1,1,1,0,0,0.5,0
2552686,"OLB","Damien Wilson (DAL)",16,125,0.26,"OUT",-0.91,-0.26,-0.08,-0.62,0.05,7,1,1,0,0,1,0
2543855,"CB","Bene' Benwikere (ARI/OAK)",12,312,0.59,"OUT",-0.92,-0.24,-0.01,-0.68,0,10,3,3,0,0,1,0
2533008,"ILB","Demario Davis (NO)",16,545,0.21,"FLAT",-0.92,-0.78,-0.29,-0.19,0.35,12,2,2,0,0,2,0
2532948,"FS","Harrison Smith (MIN)",15,495,0.19,"IN",-0.92,-0.29,-0.26,-0.16,-0.2,5,1,1,0,0,0,0
496937,"ILB","Sean Lee (DAL)",7,121,0.26,"CROSS",-0.93,-0.27,0.12,-0.44,-0.34,6,1,1,0,0,0,0
71441,"FS","Glover Quin (DET)",16,460,0.17,"CROSS",-0.93,-0.23,0.43,-0.72,-0.41,5,2,2,0,0,1,0
2555546,"CB","Rashard Robinson (NYJ)",4,49,0.63,"HITCH",-0.93,0.06,-0.81,-0.47,0.29,1,1,1,0,0,1,0
2556367,"CB","William Jackson (CIN)",16,601,0.7,"HITCH",-0.93,0.4,-0.7,-0.71,0.08,53,7,4,0,2,2,0
2533058,"OLB","Vontaze Burfict (CIN)",7,157,0.25,"CROSS",-0.94,0.01,0.36,-0.62,-0.69,6,2,2,0,0,1,0
2558157,"CB","Ahkello Witherspoon (SF)",12,360,0.68,"IN",-0.94,-0.22,-0.05,-0.74,0.07,17,1,0,0,0,0.5,0
2558976,"CB","Kenny Moore II (IND)",15,514,0.45,"IN",-0.94,-1.55,0.15,-2.49,2.95,22,5,5,0,0,4,1
2532946,"CB","Coty Sensabaugh (PIT)",15,458,0.66,"GO",-0.94,0.92,-1.59,-0.23,-0.04,99,3,1,0,2,0.5,0
496735,"CB","Kareem Jackson (HOU)",16,593,0.43,"CROSS",-0.95,-0.88,-0.25,-0.3,0.48,5,3,2,0,1,1,0
2495504,"CB","Patrick Peterson (ARI)",16,569,0.56,"OUT",-0.95,-0.99,0.32,0.46,-0.75,17,3,2,0,1,1,0
2557967,"OLB","Duke Riley (ATL)",14,233,0.2,"CROSS",-0.96,-0.65,-0.24,0.01,-0.08,10,1,1,0,0,0,0
2543811,"CB","Pierre Desir (IND)",15,528,0.67,"OUT",-0.96,-1.58,-0.71,1.04,0.29,28,6,5,0,0,4,0
2550572,"ILB","Christian Jones (DET)",16,315,0.21,"FLAT",-0.96,0.18,-1.18,-0.21,0.25,8,3,3,0,0,3,0
2557967,"OLB","Duke Riley (ATL)",14,233,0.2,"HITCH",-0.96,-0.7,0.74,0.1,-1.1,6,1,1,0,0,1,0
2560952,"CB","Jaire Alexander (GB)",13,435,0.59,"SLANT",-0.96,0.46,-0.09,-1.72,0.39,25,7,4,0,0,3,0
2557887,"ILB","Haason Reddick (ARI)",16,444,0.28,"CROSS",-0.96,0.03,-0.49,-0.29,-0.2,3,2,2,0,0,1,0
2560877,"LB","Roquan Smith (CHI)",16,567,0.29,"HITCH",-0.96,-0.84,1.21,-1.39,0.06,16,4,4,0,0,4,0
2558157,"CB","Ahkello Witherspoon (SF)",12,360,0.68,"HITCH",-0.97,0.73,-1.25,-0.5,0.05,30,2,2,0,0,1,0
2556148,"OLB","Jatavis Brown (LAC)",14,380,0.22,"IN",-0.97,-0.36,-0.37,-0.23,-0.01,6,2,1,0,0,1,0
2555322,"ILB","Darron Lee (NYJ)",12,448,0.24,"FLAT",-0.98,0.2,-1.44,0.24,0.01,15,2,2,0,0,2,0
2552310,"ILB","Denzel Perryman (LAC)",8,177,0.26,"HITCH",-0.99,-0.58,-1.05,-0.02,0.67,6,1,1,0,0,1,0
2552389,"CB","Damarious Randall (CLE)",15,629,0.21,"OUT",-0.99,0.06,-1.05,-0.06,0.07,3,2,2,0,0,2,0
2495872,"CB","Johnathan Joseph (HOU)",14,485,0.55,"IN",-0.99,-1.74,-0.37,0.52,0.6,31,7,3,0,2,3,0
2553500,"CB","Bryce Callahan (CHI)",13,454,0.62,"IN",-0.99,-1.18,0.92,-0.81,0.08,24,1,1,0,0,0,0
2543681,"CB","Kyle Fuller (CHI)",16,647,0.64,"CROSS",-0.99,-0.48,-0.2,-1.28,0.96,8,3,3,0,0,1.5,0
2532890,"OLB","Mychal Kendricks (SEA)",4,97,0.26,"FLAT",-0.99,-0.55,0.78,-2.28,1.05,5,1,1,0,0,0,0
2495153,"FS","Marcus Gilchrist (OAK)",16,453,0.24,"HITCH",-1,-0.07,0.06,-1.05,0.07,2,1,1,0,0,1,0
2543711,"OLB","Telvin Smith (JAX)",16,551,0.19,"IN",-1,0.35,0,-1.05,-0.3,3,1,1,0,0,0,0
2539653,"CB","Robert Alford (ATL)",15,554,0.71,"CROSS",-1.01,-2.14,2.91,-1.61,-0.15,19,3,3,0,0,1.5,0
2533060,"CB","Dre Kirkpatrick (CIN)",13,458,0.68,"OUT",-1.01,-1.01,-0.25,-0.98,1.22,29,6,5,0,0,5,0
2560952,"CB","Jaire Alexander (GB)",13,435,0.59,"CORNER",-1.02,0.38,0.02,-1.08,-0.34,24,2,2,0,0,2,0
2552454,"SS","Landon Collins (NYG)",12,436,0.27,"SLANT",-1.03,-0.17,-0.17,-2.16,1.48,9,4,4,0,0,2,0
2543855,"CB","Bene' Benwikere (ARI/OAK)",12,312,0.59,"HITCH",-1.04,-0.05,-1.03,-0.1,0.15,15,3,3,0,0,1.5,0
2550930,"ILB","Todd Davis (DEN)",15,426,0.21,"CROSS",-1.05,-0.26,-0.19,-0.3,-0.29,6,2,2,0,0,2,0
2560725,"S","Minkah Fitzpatrick (MIA)",16,507,0.53,"IN",-1.05,-0.51,-0.08,-0.11,-0.35,12,1,1,0,0,1,0
494259,"SS","Barry Church (JAX)",11,355,0.2,"OUT",-1.05,-0.51,-0.83,0.07,0.21,7,2,2,0,0,2,0
2558925,"LB","Austin Calitro (SEA)",7,129,0.19,"HITCH",-1.05,-0.32,0.07,-0.62,-0.18,6,2,2,0,0,2,0
2560982,"CB","Tony Brown (GB)",10,167,0.58,"FLAT",-1.06,0.01,-0.63,-0.05,-0.39,1,1,1,0,0,0,0
2555349,"CB","Kendall Fuller (KC)",14,622,0.52,"FLAT",-1.06,0.23,0.19,-1.36,-0.11,23,1,1,0,0,2,0
2539309,"SS","T.J. McDonald (MIA)",14,500,0.2,"IN",-1.06,-0.5,-0.38,-0.19,0.02,7,1,1,0,0,1,0
2539943,"FS","D.J. Swearinger (WAS)",15,565,0.2,"POST",-1.06,-0.15,-0.26,-1.07,0.42,3,1,1,0,0,1,0
2556277,"SS","Marqui Christian (LA)",16,274,0.45,"OUT",-1.06,-0.29,0.13,-0.99,0.09,15,3,3,0,0,2,0
2539233,"SS","Shawn Williams (CIN)",16,537,0.18,"CORNER",-1.06,-0.58,1.45,-1.73,-0.21,3,2,2,0,0,1,0
2532890,"OLB","Mychal Kendricks (SEA)",4,97,0.26,"HITCH",-1.08,-0.96,-0.02,0,-0.09,6,1,1,0,0,0.5,0
2561132,"LB","Foye Oluokun (ATL)",16,273,0.3,"CROSS",-1.08,-0.26,-0.1,-0.01,-0.71,9,1,1,0,0,0,0
2557867,"CB","Tre'Davious White (BUF)",16,526,0.65,"OUT",-1.08,-1.62,0.7,-0.91,0.75,23,2,2,0,0,2,0
2560789,"LB","Darius Leonard (IND)",15,535,0.23,"ANGLE",-1.1,-0.34,-0.26,0.94,-1.45,3,1,1,0,0,0,0
2507917,"CB","Tramaine Brock (DEN)",11,259,0.61,"IN",-1.11,-0.41,0.1,-0.6,-0.19,15,6,5,0,1,2,0
2539311,"OLB","Jamie Collins (CLE)",16,599,0.23,"SCREEN",-1.11,-0.17,-0.25,-0.31,-0.38,2,1,1,0,0,0,0
2560819,"CB","Nick Nelson (OAK)",10,164,0.56,"HITCH",-1.11,0.43,-0.08,-1.57,0.1,8,2,1,0,0,1,0
2539943,"FS","D.J. Swearinger (WAS)",15,565,0.2,"CROSS",-1.12,0,0.65,-0.99,-0.77,7,1,1,0,0,0,0
2555394,"CB","Daryl Worley (OAK)",10,228,0.65,"CORNER",-1.12,-0.62,0.44,-1.05,0.1,7,1,1,0,0,1,0
2556934,"CB","Javien Elliott (TB)",11,222,0.41,"SLANT",-1.12,0.08,0.02,-1.4,0.18,4,1,1,0,0,1,0
2539311,"OLB","Jamie Collins (CLE)",16,599,0.23,"HITCH",-1.13,-0.3,-0.22,0.12,-0.73,10,2,2,0,0,1,0
2555531,"CB","Anthony Brown (DAL)",15,437,0.5,"HITCH",-1.13,0.33,0.02,-1.68,0.2,18,3,3,0,0,3,0
2354,"ILB","Wesley Woodyard (TEN)",14,414,0.17,"CROSS",-1.14,-0.09,0.18,-0.41,-0.83,5,2,2,0,0,0.5,0
2558982,"MLB","Hardy Nickerson (CIN)",14,296,0.26,"OUT",-1.14,-0.43,0.31,-0.85,-0.17,8,3,3,0,0,1.5,0
2560916,"CB","Denzel Ward (CLE)",13,500,0.58,"OUT",-1.15,-0.59,-0.68,0.34,-0.22,23,3,2,0,1,2,0
2555528,"OLB","Nick Vigil (CIN)",11,406,0.31,"CROSS",-1.15,-0.69,0.03,0.09,-0.59,13,3,3,0,0,2,0
2555552,"CB","Ryan Smith (TB)",12,261,0.58,"SLANT",-1.15,-0.45,0.47,-0.82,-0.36,3,1,1,0,0,0,0
2558009,"FS","Budda Baker (ARI)",14,491,0.48,"OUT",-1.16,-0.43,-0.38,0.41,-0.76,27,5,3,0,0,3,0
2560917,"LB","Fred Warner (SF)",15,549,0.19,"POST",-1.17,-0.65,-0.08,-0.42,-0.02,11,1,1,0,0,0,0
2550164,"CB","T.J. Carrie (CLE)",16,562,0.59,"OUT",-1.17,-1.11,-1.19,0.6,0.53,38,7,5,0,1,4,0
2558065,"CB","Adoree' Jackson (TEN)",16,537,0.58,"OUT",-1.17,-0.37,1.21,-2.06,0.04,19,6,6,0,0,5,0
2560760,"SS","Derwin James (LAC)",15,568,0.35,"FLAT",-1.18,-2.49,1.16,-0.03,0.18,21,1,1,0,0,1,0
2495872,"CB","Johnathan Joseph (HOU)",14,485,0.55,"CORNER",-1.18,-1.26,0.68,-0.92,0.31,11,1,1,0,0,0,0
2507817,"SS","Rafael Bush (BUF)",14,250,0.5,"CROSS",-1.19,-0.67,0.04,-0.38,-0.18,8,1,1,0,0,1,0
2543711,"OLB","Telvin Smith (JAX)",16,551,0.19,"OUT",-1.19,-1.03,0.2,-0.56,0.2,14,5,5,0,0,0,0
2560970,"S","Jessie Bates (CIN)",16,630,0.08,"CORNER",-1.21,-0.34,-1.65,0.8,-0.02,3,1,0,0,1,1,0
2540180,"FS","Tyrann Mathieu (HOU)",16,637,0.35,"CROSS",-1.21,-0.35,0.03,-1.14,0.25,13,2,2,0,0,2,0
2532920,"CB","Josh Norman (WAS)",16,599,0.63,"HITCH",-1.21,0.5,-0.16,-1.83,0.28,40,7,5,0,1,3.5,0
2508107,"CB","Jimmy Smith (BAL)",12,370,0.63,"SLANT",-1.21,-0.41,-0.04,-1.13,0.37,26,7,6,0,1,4,0
2558067,"CB","Marlon Humphrey (BAL)",14,469,0.66,"CROSS",-1.21,-0.74,-0.19,-0.13,-0.16,9,1,1,0,0,0.5,0
2495108,"CB","Prince Amukamara (CHI)",15,585,0.69,"GO",-1.22,6.42,-2.07,-4.76,-0.81,114,7,6,0,1,4,0
2543711,"OLB","Telvin Smith (JAX)",16,551,0.19,"CROSS",-1.22,-0.58,-0.59,-0.33,0.28,20,2,2,0,0,0,0
2555349,"CB","Kendall Fuller (KC)",14,622,0.52,"SLANT",-1.23,-1.87,1.41,0.36,-1.13,19,6,5,0,1,4,0
80668,"CB","Captain Munnerlyn (CAR)",16,425,0.49,"HITCH",-1.23,-0.75,-0.48,0.58,-0.58,20,5,4,0,1,4,0
2535867,"ILB","Julian Stanford (BUF)",5,44,0.21,"CROSS",-1.24,-0.26,-0.17,-0.68,-0.14,2,2,2,0,0,0.5,0
79848,"SS","Malcolm Jenkins (PHI)",16,680,0.31,"OUT",-1.24,-0.03,-0.19,-0.94,-0.07,15,3,3,0,0,3,0
2495507,"CB","Richard Sherman (SF)",13,455,0.62,"OUT",-1.24,-1.28,-0.09,-0.01,0.14,19,3,2,0,0,1,0
2555345,"DB","Su'a Cravens (DEN)",5,85,0.41,"HITCH",-1.25,-0.39,-0.02,-0.86,0.02,6,3,3,0,0,1.5,0
496733,"CB","Joe Haden (PIT)",15,571,0.65,"SLANT",-1.25,0.54,-0.38,-2.8,1.39,23,8,6,0,0,5.5,0
2539334,"CB","Desmond Trufant (ATL)",16,627,0.64,"FLAT",-1.25,0,-1.32,-0.13,0.19,2,1,1,0,0,1,0
2555528,"OLB","Nick Vigil (CIN)",11,406,0.31,"HITCH",-1.25,-0.31,-0.79,0.08,-0.23,10,4,3,0,0,1,0
2556571,"CB","Jonathan Jones (NE)",16,353,0.49,"HITCH",-1.26,-0.7,0.46,-1.13,0.11,12,3,3,0,0,1,0
2557837,"OLB","Reuben Foster (SF)",6,198,0.22,"SCREEN",-1.26,-0.15,0.61,-0.65,-1.08,2,2,2,0,0,0,0
2555158,"FS","Kevin Byard (TEN)",16,582,0.21,"CROSS",-1.26,0.57,0.13,-2.07,0.11,15,3,3,0,0,3,0
2539334,"CB","Desmond Trufant (ATL)",16,627,0.64,"OUT",-1.27,-1.11,-0.28,-0.6,0.72,42,11,9,0,2,4,0
2558009,"FS","Budda Baker (ARI)",14,491,0.48,"SLANT",-1.27,0.13,0.09,-1.8,0.31,13,3,3,0,0,1,0
2558067,"CB","Marlon Humphrey (BAL)",14,469,0.66,"OUT",-1.27,0.63,-0.56,-1.41,0.07,15,4,4,0,0,3,0
2532789,"ILB","Mark Barron (LA)",12,279,0.29,"CROSS",-1.27,-0.94,0,-0.39,0.07,13,2,2,0,0,2,0
2540155,"CB","Xavier Rhodes (MIN)",13,381,0.71,"OUT",-1.29,0.13,-0.92,0.52,-1.01,30,11,9,0,1,8,0
2558061,"CB","Marshon Lattimore (NO)",16,569,0.65,"HITCH",-1.29,-0.63,0.52,0.3,-1.47,37,5,4,0,2,2,0
2558801,"OLB","Jordan Evans (CIN)",14,246,0.31,"IN",-1.29,-0.29,-0.14,-0.88,0.02,3,1,1,0,0,1,0
2558849,"CB","Cameron Sutton (PIT)",10,175,0.63,"CROSS",-1.29,0.01,-0.52,-0.91,0.12,3,2,2,0,0,2,0
2556735,"CB","Ken Crawley (NO)",9,251,0.61,"HITCH",-1.29,-0.52,-0.3,-0.47,0,15,3,2,0,1,2,0
2558176,"FS","Eddie Jackson (CHI)",14,577,0.1,"CROSS",-1.31,-0.22,-0.36,-0.64,-0.09,6,1,1,0,0,1,1
2556278,"FS","Will Parks (DEN)",15,327,0.39,"CROSS",-1.32,-0.21,0.02,-1.15,0.01,8,1,1,0,0,1,0
80668,"CB","Captain Munnerlyn (CAR)",16,425,0.49,"FLAT",-1.33,-0.47,-0.92,-0.12,0.18,14,1,1,0,0,1,0
2553353,"CB","Darryl Roberts (NYJ)",14,432,0.48,"IN",-1.33,-0.81,-0.01,-0.52,0,11,1,1,0,0,1,0
2560830,"CB","Isaiah Oliver (ATL)",11,170,0.67,"OUT",-1.34,0.13,-0.13,-1.39,0.06,9,2,2,0,0,1,0
2539932,"CB","Jamar Taylor (ARI/DEN)",11,161,0.57,"OUT",-1.35,-0.33,0.13,-1.17,0.02,9,2,2,0,0,0,0
2560914,"CB","Levi Wallace (BUF)",7,212,0.65,"CROSS",-1.35,-0.69,-0.31,-0.2,-0.15,5,1,1,0,0,0,0
2495281,"ILB","Mason Foster (WAS)",16,585,0.17,"CROSS",-1.36,-0.62,-0.07,-2.24,1.57,16,5,5,0,0,2.5,0
2560908,"LB","Leighton Vander Esch (DAL)",16,455,0.25,"OUT",-1.37,-0.43,-0.06,-0.67,-0.21,10,5,5,0,0,5,0
2555530,"FS","Vonn Bell (NO)",16,499,0.3,"POST",-1.38,-0.17,-0.06,-1.59,0.44,5,1,1,0,0,1,0
2557927,"CB","Desmond King (LAC)",15,473,0.4,"FLAT",-1.38,-0.95,0.12,-0.33,-0.21,15,2,2,0,0,2,0
2307,"CB","Orlando Scandrick (KC)",13,508,0.63,"CROSS",-1.38,-0.8,-0.44,-1.45,1.3,11,3,2,0,0,2,0
2535609,"CB","DeShawn Shead (DET)",12,176,0.7,"SLANT",-1.39,0.06,0.08,-0.57,-0.96,2,1,1,0,0,0,0
2506352,"OLB","Thomas Davis (CAR)",12,366,0.33,"HITCH",-1.39,-0.9,0.13,-0.32,-0.31,9,1,1,0,0,0,0
2506789,"CB","Tramon Williams (GB)",16,589,0.45,"GO",-1.4,0.04,-0.65,1.69,-2.48,34,2,1,0,0,0,0
2532828,"OLB","Lavonte David (TB)",14,522,0.28,"ANGLE",-1.4,-0.61,-0.21,-0.32,-0.25,3,1,1,0,0,0,0
79848,"SS","Malcolm Jenkins (PHI)",16,680,0.31,"FLAT",-1.4,-0.34,-1.26,-0.73,0.94,14,2,2,0,0,2,0
2555280,"CB","Jalen Ramsey (JAX)",16,550,0.69,"HITCH",-1.4,-0.3,-0.31,0.04,-0.84,37,10,6,0,3,5,0
2495281,"ILB","Mason Foster (WAS)",16,585,0.17,"FLAT",-1.41,0,-1.06,-0.13,-0.22,7,1,1,0,0,1,0
2543592,"MLB","Anthony Hitchens (KC)",14,495,0.17,"CROSS",-1.41,-0.55,-1.61,-0.67,1.42,9,2,2,0,0,2,0
2543699,"OLB","Kyle Van Noy (NE)",16,591,0.23,"CROSS",-1.41,-0.09,-0.2,-0.95,-0.17,3,1,1,0,0,0,0
2555175,"CB","James Bradberry (CAR)",16,578,0.6,"IN",-1.41,-1.2,0.87,-1.84,0.75,37,4,4,0,0,3.5,0
2558163,"OLB","Alex Anzalone (NO)",16,334,0.28,"HITCH",-1.41,-0.56,-0.14,-0.43,-0.28,11,2,2,0,0,2,0
89756,"CB","Jason McCourty (NE)",16,534,0.61,"SLANT",-1.42,0.21,0.11,-1.6,-0.14,18,2,1,0,1,0,0
496735,"CB","Kareem Jackson (HOU)",16,593,0.43,"CORNER",-1.42,-0.34,0.56,-1.51,-0.12,11,1,1,0,0,0,0
2540221,"ILB","Vince Williams (PIT)",14,427,0.3,"CROSS",-1.42,-0.43,0.02,-1.71,0.7,10,2,2,0,0,2,0
2555175,"CB","James Bradberry (CAR)",16,578,0.6,"CROSS",-1.42,-0.66,0.49,-1.1,-0.15,10,3,3,0,0,1,0
2495108,"CB","Prince Amukamara (CHI)",15,585,0.69,"IN",-1.43,0.95,-0.34,-0.45,-1.58,38,6,5,0,1,2.5,0
2507817,"SS","Rafael Bush (BUF)",14,250,0.5,"IN",-1.43,-0.44,-0.7,-0.42,0.13,9,1,1,0,0,1,0
2539309,"SS","T.J. McDonald (MIA)",14,500,0.2,"FLAT",-1.43,-0.76,-0.03,-0.64,0,9,1,1,0,0,1,0
2555383,"CB","Jalen Mills (PHI)",8,310,0.58,"OUT",-1.43,-0.6,-0.44,-0.53,0.14,12,5,4,0,1,3,0
2550257,"SS","Daniel Sorensen (KC)",7,202,0.3,"OUT",-1.44,-0.02,0.09,-0.93,-0.58,4,2,2,0,0,2,0
2539243,"SS","Bradley McDougald (SEA)",15,503,0.28,"OUT",-1.44,-1.46,0.01,0.38,-0.37,11,3,3,0,0,2,0
2560901,"DB","Kevin Toliver (CHI)",10,98,0.59,"OUT",-1.45,-0.92,0.28,0.47,-1.27,6,2,2,0,0,0,0
2552392,"SS","Jordan Richards (ATL)",15,254,0.33,"CROSS",-1.45,-0.17,-0.04,-0.79,-0.44,8,2,2,0,0,1,0
2543830,"FS","Tre Boston (ARI)",14,502,0.12,"CORNER",-1.46,-0.2,-0.9,-0.36,0.01,3,1,1,0,0,0,0
2530794,"FS","Ron Parker (KC)",14,590,0.18,"CROSS",-1.46,-0.43,-1.27,0.34,-0.1,8,2,2,0,0,1.5,0
2555383,"CB","Jalen Mills (PHI)",8,310,0.58,"HITCH",-1.47,-0.95,-0.26,-0.37,0.11,22,5,4,0,2,1.5,0
2558183,"SS","John Johnson (LA)",16,564,0.23,"HITCH",-1.47,-0.71,-0.21,-0.3,-0.25,10,2,1,0,2,1,0
2543474,"CB","Darqueze Dennard (CIN)",13,412,0.57,"CROSS",-1.48,-0.61,-0.89,-2.23,2.25,19,6,5,0,1,4,0
2556445,"CB","Brian Poole (ATL)",16,531,0.43,"SLANT",-1.48,-0.71,0.03,-0.95,0.15,14,3,3,0,0,3,0
2539338,"CB","B.W. Webb (NYG)",16,576,0.63,"OUT",-1.48,-0.66,-1.32,0.3,0.2,27,3,2,0,1,2,0
2556277,"SS","Marqui Christian (LA)",16,274,0.45,"GO",-1.5,0.05,-0.74,-0.17,-0.64,11,1,1,0,0,0,0
2530491,"ILB","Josh Bynes (ARI)",11,370,0.23,"HITCH",-1.5,-0.69,0.26,-0.92,-0.14,11,2,1,0,1,1,0
2495617,"CB","Leon Hall (OAK)",10,208,0.51,"HITCH",-1.51,-0.94,0.36,-0.93,0,14,1,1,0,0,1,0
2558064,"OLB","T.J. Watt (PIT)",16,541,0.32,"HITCH",-1.51,-0.39,0.08,-1.14,-0.07,5,2,2,0,0,0,0
2560728,"CB","Tre Flowers (SEA)",14,514,0.63,"OUT",-1.52,-0.61,-0.56,-0.34,0,18,1,1,0,0,1,0
80668,"CB","Captain Munnerlyn (CAR)",16,425,0.49,"OUT",-1.52,-0.93,-0.33,0.41,-0.68,24,8,7,0,1,6,0
2558065,"CB","Adoree' Jackson (TEN)",16,537,0.58,"CROSS",-1.52,-0.88,-0.65,-0.1,0.11,16,2,2,0,0,2,0
2553657,"OLB","Neville Hewitt (NYJ)",8,150,0.35,"OUT",-1.52,0.28,-0.08,-1.65,-0.07,9,2,2,0,0,1.5,0
2532920,"CB","Josh Norman (WAS)",16,599,0.63,"OUT",-1.53,-0.03,-1.18,-1.12,0.8,23,4,4,0,0,3,0
2556587,"CB","Cre'von LeBlanc (DET/PHI)",8,264,0.53,"HITCH",-1.53,-0.32,-0.04,-0.39,-0.78,16,3,3,0,0,2,0
2552484,"CB","P.J. Williams (NO)",15,483,0.56,"HITCH",-1.53,-1.37,-0.07,-0.48,0.39,23,1,1,0,0,0,0
2552389,"CB","Damarious Randall (CLE)",15,629,0.21,"CROSS",-1.54,-0.38,-0.7,-0.59,0.14,4,1,1,0,0,0,0
2552484,"CB","P.J. Williams (NO)",15,483,0.56,"SLANT",-1.54,-0.1,0.18,-1.23,-0.4,15,3,3,0,0,2,0
2552434,"CB","Bobby McCain (MIA)",14,426,0.61,"OUT",-1.54,-1.58,0.02,-0.84,0.86,27,6,5,0,1,4,0
2556445,"CB","Brian Poole (ATL)",16,531,0.43,"HITCH",-1.55,0.02,0.42,-1.97,-0.03,19,1,1,0,0,1,0
2560789,"LB","Darius Leonard (IND)",15,535,0.23,"OUT",-1.56,-0.76,0.22,-0.51,-0.5,10,4,4,0,0,3,0
2495807,"FS","Antoine Bethea (ARI)",16,567,0.24,"OUT",-1.56,0.17,-1.34,-0.44,0.05,7,2,2,0,0,2,0
2539233,"SS","Shawn Williams (CIN)",16,537,0.18,"SLANT",-1.57,0.02,-0.66,-0.74,-0.19,3,2,2,0,0,2,0
2543637,"CB","Terrance Mitchell (CLE)",8,265,0.52,"CROSS",-1.59,-0.02,-0.1,-1.51,0.04,5,2,2,0,0,2,0
2543830,"FS","Tre Boston (ARI)",14,502,0.12,"SLANT",-1.6,-0.4,0.02,-1.04,-0.19,4,1,1,0,0,1,0
2561017,"DB","Sean Chandler (NYG)",11,105,0.46,"HITCH",-1.61,-0.19,-0.3,-1.12,0,3,1,1,0,0,1,0
496735,"CB","Kareem Jackson (HOU)",16,593,0.43,"IN",-1.63,-1.32,-0.03,-0.52,0.23,24,4,3,0,2,2,0
71251,"SS","Patrick Chung (NE)",15,561,0.51,"OUT",-1.63,0.39,-1.14,-1.12,0.23,23,4,4,0,0,3,0
2556148,"OLB","Jatavis Brown (LAC)",14,380,0.22,"HITCH",-1.64,-1.01,0.37,-1.16,0.16,11,4,4,0,0,2,0
2539943,"FS","D.J. Swearinger (WAS)",15,565,0.2,"FLAT",-1.65,-0.25,-0.88,0.12,-0.64,12,2,1,0,0,1,0
1037374,"CB","Sam Shields (LA)",14,249,0.64,"HITCH",-1.66,0.6,-0.74,-1.55,0.02,19,3,2,0,0,0,0
2543597,"ILB","Avery Williamson (NYJ)",16,627,0.2,"OUT",-1.67,-0.59,-0.78,-0.36,0.05,12,2,2,0,0,1,0
2560755,"CB","Josh Jackson (GB)",16,434,0.64,"CROSS",-1.68,-0.82,0.35,-1.26,0.05,20,4,3,0,1,1,0
2560760,"SS","Derwin James (LAC)",15,568,0.35,"OUT",-1.71,-1.09,0.2,-0.52,-0.31,17,1,1,0,0,0,0
2552448,"CB","Trae Waynes (MIN)",13,368,0.67,"HITCH",-1.71,-0.11,-0.31,-0.8,-0.48,24,2,2,0,0,1,0
2558982,"MLB","Hardy Nickerson (CIN)",14,296,0.26,"HITCH",-1.72,-0.63,-0.01,-1.15,0.07,9,3,3,0,0,1,0
2540155,"CB","Xavier Rhodes (MIN)",13,381,0.71,"IN",-1.72,-0.21,-0.61,-0.13,-0.77,19,2,2,0,0,2,0
2556119,"MLB","Elandon Roberts (NE)",16,216,0.27,"HITCH",-1.72,-0.53,0.12,-0.06,-1.25,8,1,1,0,0,0,0
2555394,"CB","Daryl Worley (OAK)",10,228,0.65,"SLANT",-1.72,-1.37,-0.05,0.19,-0.48,20,4,3,0,0,2,0
2552592,"MLB","Kwon Alexander (TB)",6,233,0.23,"HITCH",-1.72,-0.81,0.1,-1.22,0.21,9,3,3,0,0,1.5,0
2543711,"OLB","Telvin Smith (JAX)",16,551,0.19,"FLAT",-1.76,-0.68,-0.89,0.23,-0.42,16,1,1,0,0,0,0
2555175,"CB","James Bradberry (CAR)",16,578,0.6,"HITCH",-1.77,-0.7,1.44,-2.62,0.11,27,3,3,0,0,2,0
2556593,"ILB","Cory Littleton (LA)",16,556,0.28,"FLAT",-1.77,-1.22,-0.33,-1.27,1.06,29,6,6,0,0,5,0
2495775,"FS","Eric Weddle (BAL)",16,630,0.09,"HITCH",-1.79,-0.47,-0.36,-0.75,-0.22,3,1,1,0,0,1,0
2560952,"CB","Jaire Alexander (GB)",13,435,0.59,"CROSS",-1.8,-0.59,-0.73,-1.08,0.6,20,7,5,0,2,5,0
2552484,"CB","P.J. Williams (NO)",15,483,0.56,"IN",-1.8,-0.09,-0.5,-0.37,-0.84,15,2,2,0,0,2,0
2556443,"SS","Sharrod Neasman (ATL)",11,253,0.29,"OUT",-1.8,-0.49,0.08,-1.36,-0.03,13,2,2,0,0,2,0
2552484,"CB","P.J. Williams (NO)",15,483,0.56,"OUT",-1.8,-1.96,0.3,-0.34,0.19,31,9,5,0,2,3,0
2506789,"CB","Tramon Williams (GB)",16,589,0.45,"SLANT",-1.81,-0.19,-0.13,-1.44,-0.04,18,3,2,0,1,0,0
2561042,"LB","Nick DeLuca (JAX)",4,35,0.45,"FLAT",-1.81,-0.02,-0.16,-1.06,-0.58,2,1,1,0,0,0,0
2533060,"CB","Dre Kirkpatrick (CIN)",13,458,0.68,"GO",-1.86,2.21,-0.11,-4.07,0.11,96,8,5,0,2,3,0
2532848,"FS","Tashaun Gipson (JAX)",16,549,0.3,"CROSS",-1.86,-0.11,1.7,-1.4,-2.05,6,2,1,0,1,0,0
2560746,"CB","Mike Hughes (MIN)",5,109,0.5,"CORNER",-1.87,-0.22,-0.02,-1.63,0,5,1,1,0,0,1,0
2507917,"CB","Tramaine Brock (DEN)",11,259,0.61,"GO",-1.87,0.68,-1.69,-1.12,0.26,38,2,1,0,1,1,0
2559053,"CB","Torry McTyer (MIA)",13,212,0.56,"OUT",-1.87,-0.13,-0.06,-1.75,0.07,7,4,4,0,0,4,0
2557840,"CB","Chidobe Awuzie (DAL)",15,519,0.67,"IN",-1.89,0.24,-1.21,-1.25,0.33,27,3,3,0,0,3,0
2552312,"MLB","Eric Kendricks (MIN)",13,442,0.25,"SCREEN",-1.89,0.06,0.17,-0.92,-1.2,3,3,3,0,0,1,0
2552434,"CB","Bobby McCain (MIA)",14,426,0.61,"CROSS",-1.89,-0.91,-0.07,-1.23,0.31,19,2,2,0,0,0,0
2543711,"OLB","Telvin Smith (JAX)",16,551,0.19,"HITCH",-1.89,-0.1,-0.76,0.44,-1.47,3,1,1,0,0,0,0
2541832,"SS","Jeff Heath (DAL)",16,580,0.32,"CROSS",-1.91,-0.65,-1.34,0.32,-0.23,10,1,1,0,0,2,0
2557887,"ILB","Haason Reddick (ARI)",16,444,0.28,"OUT",-1.91,-0.45,-0.41,-0.38,-0.67,14,9,8,0,0,6.5,0
2543720,"OLB","Christian Kirksey (CLE)",7,275,0.27,"FLAT",-1.91,-0.2,0.07,-2.9,1.13,8,2,2,0,0,1,0
2557979,"SS","Jamal Adams (NYJ)",16,633,0.26,"CORNER",-1.92,-0.48,0.45,-1.78,-0.11,8,1,1,0,0,0,0
2505708,"FS","Mike Adams (CAR)",16,553,0.27,"POST",-1.92,-0.69,0.2,-1.4,-0.03,9,2,2,0,0,1,0
2558259,"CB","Shaquill Griffin (SEA)",15,532,0.69,"IN",-1.93,-1.54,-1.02,0.85,-0.22,42,7,6,0,0,2.5,0
2556277,"SS","Marqui Christian (LA)",16,274,0.45,"CROSS",-1.94,-0.42,0.17,-1.81,0.12,10,2,2,0,0,1,0
2555277,"CB","Eli Apple (NO/NYG)",15,552,0.63,"CROSS",-1.95,-0.62,-0.85,-0.14,-0.34,12,1,1,0,0,1,0
2555550,"SS","Justin Simmons (DEN)",15,572,0.29,"OUT",-1.96,-0.49,-1.07,-0.4,-0.01,15,2,2,0,0,1,0
2552689,"CB","Ronald Darby (PHI)",9,373,0.64,"OUT",-1.97,-1.04,-0.45,-0.52,0.04,27,11,7,0,3,5,0
2560830,"CB","Isaiah Oliver (ATL)",11,170,0.67,"IN",-1.97,-0.43,-1.25,0.02,-0.31,9,1,1,0,0,0,0
2555175,"CB","James Bradberry (CAR)",16,578,0.6,"OUT",-1.99,-1.31,0.03,-1.08,0.38,31,10,7,0,0,4.5,0
2543464,"ILB","C.J. Mosley (BAL)",15,548,0.16,"IN",-1.99,-0.08,-0.2,3.59,-5.3,3,2,1,0,1,0,0
2532966,"MLB","Bobby Wagner (SEA)",14,525,0.21,"CROSS",-2.01,-1.33,-0.61,-0.13,0.06,18,3,2,0,0,1,0
2559053,"CB","Torry McTyer (MIA)",13,212,0.56,"HITCH",-2.02,-0.24,-0.6,-1.14,-0.04,8,2,2,0,0,0.5,0
2556828,"CB","Trevor Williams (LAC)",7,215,0.66,"IN",-2.02,-0.23,-0.53,-0.72,-0.54,12,2,2,0,0,1,0
2553500,"CB","Bryce Callahan (CHI)",13,454,0.62,"CROSS",-2.02,-0.49,-0.32,-0.95,-0.27,15,2,2,0,0,1,0
2556735,"CB","Ken Crawley (NO)",9,251,0.61,"GO",-2.03,0.38,-0.06,-2.73,0.39,45,7,4,0,2,2,0
2556148,"OLB","Jatavis Brown (LAC)",14,380,0.22,"CROSS",-2.04,-0.94,-0.13,-1.28,0.3,13,2,2,0,0,2,0
2556775,"ILB","Terrance Smith (KC)",6,117,0.25,"CROSS",-2.07,0.44,0.01,-0.22,-2.29,2,2,1,0,0,0,0
2552434,"CB","Bobby McCain (MIA)",14,426,0.61,"GO",-2.07,-0.31,-0.62,-0.48,-0.66,61,3,2,0,0,0,0
2495251,"CB","Shareece Wright (HOU)",12,349,0.62,"IN",-2.07,0.43,-0.13,-2.59,0.23,14,2,2,0,0,1.5,0
2532875,"CB","Janoris Jenkins (NYG)",16,602,0.6,"IN",-2.09,-0.76,-0.47,-0.93,0.08,32,4,4,0,0,3.5,0
2532948,"FS","Harrison Smith (MIN)",15,495,0.19,"POST",-2.1,-0.79,-0.2,-1.04,-0.08,8,2,2,0,0,0.5,0
2558976,"CB","Kenny Moore II (IND)",15,514,0.45,"HITCH",-2.11,-1.95,0.15,-0.1,-0.22,22,2,1,0,1,2,0
2555177,"CB","Mackensie Alexander (MIN)",15,333,0.55,"FLAT",-2.11,-0.64,0.07,-1.52,-0.03,16,1,1,0,0,2,0
2552261,"CB","Kevin Johnson (HOU)",1,41,0.41,"OUT",-2.13,-0.13,-1.51,-0.75,0.27,3,1,1,0,0,1,0
2552490,"ILB","Benardrick McKinney (HOU)",16,522,0.24,"FLAT",-2.13,0.06,-2.09,-0.49,0.39,12,1,1,0,0,1,0
71251,"SS","Patrick Chung (NE)",15,561,0.51,"IN",-2.14,0.43,-0.15,-2.01,-0.42,12,2,2,0,0,0,0
2507817,"SS","Rafael Bush (BUF)",14,250,0.5,"FLAT",-2.15,-0.53,-0.4,-0.34,-0.88,14,2,2,0,0,1,0
2558851,"ILB","Anthony Walker (IND)",15,353,0.28,"OUT",-2.16,-0.65,-0.5,-0.57,-0.43,9,2,2,0,0,0.5,0
2552689,"CB","Ronald Darby (PHI)",9,373,0.64,"CORNER",-2.16,-0.85,-0.73,-0.48,-0.1,12,1,1,0,0,0,0
2532875,"CB","Janoris Jenkins (NYG)",16,602,0.6,"CROSS",-2.16,-0.46,-1.81,0.4,-0.3,13,3,2,0,1,2,0
2532875,"CB","Janoris Jenkins (NYG)",16,602,0.6,"OUT",-2.18,-0.66,-0.25,-1.31,0.04,23,7,5,0,2,2,0
2543872,"CB","Nevin Lawson (DET)",15,488,0.63,"SLANT",-2.2,-0.03,0.78,-1.17,-1.78,14,1,1,0,0,0,0
1037374,"CB","Sam Shields (LA)",14,249,0.64,"GO",-2.21,-0.97,-0.68,1.88,-2.44,51,2,1,0,1,0,0
2495153,"FS","Marcus Gilchrist (OAK)",16,453,0.24,"SLANT",-2.22,-0.94,-0.87,-2.22,1.82,5,3,3,0,0,1,0
2556567,"S","Isaiah Johnson (TB)",12,220,0.18,"OUT",-2.22,-0.55,-0.39,-1.09,-0.19,6,2,2,0,0,2,0
2541200,"CB","Rashaan Melvin (OAK)",14,330,0.68,"POST",-2.23,-1.01,-0.76,-0.19,-0.26,14,1,1,0,0,0,0
2560728,"CB","Tre Flowers (SEA)",14,514,0.63,"IN",-2.23,-1.72,0.41,-0.2,-0.73,32,4,3,0,0,1,0
2555255,"OLB","De'Vondre Campbell (ATL)",16,531,0.29,"OUT",-2.23,-0.28,0.08,-2.41,0.37,12,3,3,0,0,2.5,0
2533008,"ILB","Demario Davis (NO)",16,545,0.21,"SCREEN",-2.23,-0.15,0.84,-0.54,-2.38,1,1,1,0,0,0,0
2556735,"CB","Ken Crawley (NO)",9,251,0.61,"OUT",-2.24,-0.66,0.32,-2.02,0.12,10,4,4,0,0,2,0
2555539,"CB","Xavien Howard (MIA)",12,430,0.59,"SLANT",-2.24,-0.73,-0.35,-0.71,-0.45,15,3,2,0,1,0.5,0
2555530,"FS","Vonn Bell (NO)",16,499,0.3,"OUT",-2.24,-0.74,-0.18,-1.35,0.02,19,2,2,0,0,0,0
2530510,"CB","Chris Harris (DEN)",11,397,0.64,"HITCH",-2.25,-0.77,-0.65,-0.99,0.15,26,2,2,0,0,2,0
2560908,"LB","Leighton Vander Esch (DAL)",16,455,0.25,"CROSS",-2.26,-0.3,0.13,-2.99,0.89,16,3,3,0,0,2,0
2543501,"CB","Aaron Colvin (HOU)",8,220,0.53,"IN",-2.27,-0.25,-1.36,-0.71,0.05,6,1,1,0,0,1,0
2532861,"CB","Casey Hayward (LAC)",15,560,0.71,"HITCH",-2.3,-0.51,-0.12,-1.98,0.3,36,3,3,0,0,3,0
2543505,"CB","Bradley Roby (DEN)",14,517,0.67,"CROSS",-2.32,-0.47,0.1,-2.55,0.61,20,5,4,0,1,1,0
2532946,"CB","Coty Sensabaugh (PIT)",15,458,0.66,"CROSS",-2.32,-0.33,-1.66,0,-0.33,7,1,1,0,0,1,0
2543474,"CB","Darqueze Dennard (CIN)",13,412,0.57,"GO",-2.32,-0.51,-0.98,-3.19,2.36,55,4,2,0,1,2,0
2558136,"CB","Fabian Moreau (WAS)",16,528,0.53,"GO",-2.34,0.5,-0.45,-2.34,-0.05,60,2,2,0,0,0.5,0
2560952,"CB","Jaire Alexander (GB)",13,435,0.59,"IN",-2.34,-0.1,-1.15,-1.27,0.18,18,3,3,0,0,2,0
2543637,"CB","Terrance Mitchell (CLE)",8,265,0.52,"SCREEN",-2.35,-0.23,0.01,0.11,-2.25,1,1,1,0,0,0,0
2541162,"CB","A.J. Bouye (JAX)",13,449,0.66,"HITCH",-2.35,-1.33,-0.25,-1.05,0.28,29,6,5,0,0,5,0
2552447,"OLB","Shaq Thompson (CAR)",14,332,0.28,"OUT",-2.37,-0.5,0.13,-0.7,-1.29,9,4,4,0,0,3,0
2540143,"LB","Alec Ogletree (NYG)",13,473,0.21,"CROSS",-2.4,-0.62,0.59,-1.38,-0.99,15,4,4,0,0,1,0
2560917,"LB","Fred Warner (SF)",15,549,0.19,"CROSS",-2.42,-1.15,-0.75,-0.65,0.13,20,4,4,0,0,3,0
2354,"ILB","Wesley Woodyard (TEN)",14,414,0.17,"GO",-2.43,-0.2,0.52,-2.69,-0.07,8,1,1,0,0,1,0
2558009,"FS","Budda Baker (ARI)",14,491,0.48,"FLAT",-2.44,-0.54,0.27,0.54,-2.71,22,2,2,0,0,1,0
2555386,"SS","Sean Davis (PIT)",15,589,0.05,"SLANT",-2.44,-0.09,0.03,-0.72,-1.66,3,2,2,0,0,0.5,0
2560952,"CB","Jaire Alexander (GB)",13,435,0.59,"OUT",-2.44,-0.71,-1.03,-0.85,0.15,20,6,4,0,0,4,0
2541162,"CB","A.J. Bouye (JAX)",13,449,0.66,"GO",-2.47,-1.06,-0.25,-1.12,-0.03,91,3,2,0,0,2,0
2556456,"FS","Andrew Adams (TB)",12,216,0.26,"OUT",-2.47,-0.33,1.35,-3.4,-0.09,5,4,3,0,1,2,0
2552262,"SS","Quandre Diggs (DET)",16,541,0.26,"GO",-2.48,-0.46,-0.2,-1.88,0.06,16,2,2,0,0,1,0
2553536,"CB","Troy Hill (LA)",12,235,0.54,"OUT",-2.5,-0.91,0.06,0.22,-1.87,12,2,2,0,0,0,0
496733,"CB","Joe Haden (PIT)",15,571,0.65,"CROSS",-2.52,-0.22,-0.72,-1.87,0.29,16,5,4,0,1,1.5,0
2555383,"CB","Jalen Mills (PHI)",8,310,0.58,"IN",-2.55,-1.42,-0.08,-0.44,-0.6,17,2,2,0,0,1,0
2532877,"CB","Trumaine Johnson (NYJ)",10,379,0.61,"HITCH",-2.55,-0.98,0.04,-1.07,-0.54,23,3,3,0,0,0,0
2539243,"SS","Bradley McDougald (SEA)",15,503,0.28,"IN",-2.55,-0.46,-0.42,-1.73,0.06,8,2,2,0,0,2,0
2533056,"MLB","Luke Kuechly (CAR)",16,546,0.18,"CROSS",-2.56,0.21,0.22,-2.53,-0.45,3,1,1,0,0,0,0
2555349,"CB","Kendall Fuller (KC)",14,622,0.52,"CROSS",-2.57,-0.3,-0.03,-2.56,0.32,48,18,15,1,2,7.5,0
2543501,"CB","Aaron Colvin (HOU)",8,220,0.53,"SLANT",-2.6,0.04,-0.37,-1.82,-0.44,14,5,5,0,0,2.5,0
2550654,"CB","K'Waun Williams (SF)",13,351,0.48,"HITCH",-2.64,-1.6,-0.57,-0.5,0.03,16,1,1,0,0,1,0
2539233,"SS","Shawn Williams (CIN)",16,537,0.18,"CROSS",-2.65,-0.1,0.24,-2.22,-0.57,5,1,1,0,0,0.5,0
2552265,"CB","Steven Nelson (KC)",15,659,0.68,"CROSS",-2.66,-1.57,-0.73,-0.53,0.19,36,10,6,0,2,5,0
2541162,"CB","A.J. Bouye (JAX)",13,449,0.66,"OUT",-2.66,-0.96,0.13,-1.84,0.01,25,8,7,0,1,5.5,0
494287,"FS","Devin McCourty (NE)",16,625,0.27,"OUT",-2.69,-0.05,-0.15,-2.09,-0.4,7,2,2,0,0,1,0
2540288,"CB","Darius Slay (DET)",15,499,0.63,"CROSS",-2.73,-0.27,-1,-0.56,-0.9,18,3,3,0,0,3,0
2558801,"OLB","Jordan Evans (CIN)",14,246,0.31,"CROSS",-2.74,-0.65,-0.4,-1.7,0,8,2,2,0,0,0,0
2495153,"FS","Marcus Gilchrist (OAK)",16,453,0.24,"OUT",-2.74,-0.64,0.32,-2.5,0.07,9,3,3,0,0,1,0
2560753,"CB","Donte Jackson (CAR)",15,524,0.58,"OUT",-2.76,-1.21,0.22,-1.9,0.13,27,5,5,0,0,5,0
2499257,"FS","Colin Jones (CAR)",7,61,0.22,"GO",-2.76,0.02,-1.55,-1.43,0.2,2,1,1,0,0,1,0
2533062,"CB","Stephon Gilmore (NE)",16,627,0.72,"OUT",-2.77,-0.28,-0.63,-1.32,-0.53,29,5,5,0,0,2,0
2561117,"DB","Tarvarius Moore (SF)",10,110,0.62,"HITCH",-2.77,-0.22,-0.08,-2.39,-0.08,9,2,2,0,0,1,0
71251,"SS","Patrick Chung (NE)",15,561,0.51,"CORNER",-2.79,-0.08,-0.63,-1.96,-0.12,7,2,2,0,0,1,0
2558168,"CB","Rasul Douglas (PHI)",12,362,0.61,"SLANT",-2.79,-0.2,-0.99,-1.56,-0.03,16,6,6,0,0,4,0
2539935,"OLB","Kiko Alonso (MIA)",15,525,0.22,"OUT",-2.83,-0.66,-0.87,-1.32,0.03,14,2,2,0,0,0,0
2558094,"ILB","Zach Cunningham (HOU)",14,440,0.26,"HITCH",-2.83,-1.01,0.16,0.41,-2.39,10,2,2,0,0,0,0
2556367,"CB","William Jackson (CIN)",16,601,0.7,"OUT",-2.84,-1.01,-0.22,-1.68,0.07,23,3,2,0,1,1,0
2561527,"CB","Mike Ford (DET)",7,212,0.64,"CROSS",-2.87,-0.61,-0.37,-1.67,-0.21,9,3,3,0,0,2,0
2558157,"CB","Ahkello Witherspoon (SF)",12,360,0.68,"OUT",-2.89,-1.47,1.31,-1.65,-1.09,18,5,5,0,0,4,0
2543637,"CB","Terrance Mitchell (CLE)",8,265,0.52,"IN",-2.91,-0.48,0.08,-0.51,-2,15,4,3,0,1,1.5,0
2555173,"FS","Eric Murray (KC)",14,404,0.19,"IN",-2.93,0.04,-2.05,-0.67,-0.25,3,2,2,0,0,1,0
2558851,"ILB","Anthony Walker (IND)",15,353,0.28,"GO",-2.96,-1.03,-0.14,-0.79,-1,12,1,1,0,0,0,0
2543505,"CB","Bradley Roby (DEN)",14,517,0.67,"OUT",-2.97,-1.56,-0.35,-1.78,0.72,44,16,11,0,4,7,1
2561001,"CB","Grant Haley (NYG)",10,264,0.59,"HITCH",-2.98,-0.24,-0.29,-2.45,0.01,19,1,1,0,0,1,0
2505708,"FS","Mike Adams (CAR)",16,553,0.27,"CROSS",-2.98,-0.19,-1.55,-0.96,-0.28,6,3,3,0,0,0.5,0
2552265,"CB","Steven Nelson (KC)",15,659,0.68,"OUT",-2.98,-0.88,0.85,-2.96,0,25,4,3,0,1,2,0
71251,"SS","Patrick Chung (NE)",15,561,0.51,"CROSS",-2.99,-0.18,0.08,-2.91,0.02,28,5,4,0,0,2,0
2550659,"CB","Tyler Patmon (JAX)",7,139,0.55,"OUT",-3,-0.37,-1.05,-0.77,-0.81,11,3,3,0,0,2,0
4365,"CB","Brandon Carr (BAL)",16,556,0.6,"IN",-3.03,-0.07,-0.03,-2.48,-0.46,25,3,3,0,0,2,0
2540288,"CB","Darius Slay (DET)",15,499,0.63,"SLANT",-3.05,-0.48,-0.21,-1.08,-1.28,23,7,5,0,1,3,0
89756,"CB","Jason McCourty (NE)",16,534,0.61,"HITCH",-3.05,0.01,-1.43,-0.73,-0.89,22,2,2,0,0,3,0
2541243,"FS","Duron Harmon (NE)",16,426,0.07,"SLANT",-3.05,-0.04,-0.19,-3.55,0.73,1,1,1,0,0,1,0
2560819,"CB","Nick Nelson (OAK)",10,164,0.56,"IN",-3.06,-0.48,0.73,-3.37,0.05,10,3,3,0,0,1,0
2543872,"CB","Nevin Lawson (DET)",15,488,0.63,"CORNER",-3.07,0.01,-0.01,-2.78,-0.29,14,4,3,0,0,2,0
2560886,"DB","Greg Stroman (WAS)",12,261,0.55,"OUT",-3.08,-0.43,-0.55,-0.88,-1.22,17,3,3,0,1,2.5,0
2539932,"CB","Jamar Taylor (ARI/DEN)",11,161,0.57,"SLANT",-3.1,-0.77,-0.37,-2.28,0.32,6,3,3,0,0,1,0
2557927,"CB","Desmond King (LAC)",15,473,0.4,"POST",-3.12,-0.39,-0.33,-2.44,0.04,12,1,1,0,0,1,0
1037374,"CB","Sam Shields (LA)",14,249,0.64,"CROSS",-3.13,-0.29,-0.01,-2.35,-0.47,10,3,3,0,0,2,0
2506352,"OLB","Thomas Davis (CAR)",12,366,0.33,"CROSS",-3.13,-0.29,-1.94,-0.98,0.08,4,3,3,0,0,2,0
2552391,"FS","Jaquiski Tartt (SF)",7,212,0.22,"OUT",-3.13,-0.46,-0.02,-1.86,-0.79,5,4,3,0,0,2.5,0
2539338,"CB","B.W. Webb (NYG)",16,576,0.63,"HITCH",-3.14,1.1,-0.25,-4.1,0.11,32,5,4,0,1,3.5,0
494287,"FS","Devin McCourty (NE)",16,625,0.27,"CROSS",-3.15,-1.17,-0.06,-1.89,-0.02,15,2,2,0,0,1,0
2532920,"CB","Josh Norman (WAS)",16,599,0.63,"IN",-3.18,0.19,-0.54,-2.56,-0.27,50,5,5,0,0,4,1
2555528,"OLB","Nick Vigil (CIN)",11,406,0.31,"FLAT",-3.21,-0.54,0.04,-0.67,-2.04,11,1,1,0,0,2,0
2556571,"CB","Jonathan Jones (NE)",16,353,0.49,"IN",-3.21,-0.73,-0.82,-0.63,-1.02,15,4,3,0,1,2,0
2541832,"SS","Jeff Heath (DAL)",16,580,0.32,"OUT",-3.22,-0.52,-0.01,-0.62,-2.06,18,5,5,0,0,4,0
2558062,"CB","Gareon Conley (OAK)",14,346,0.69,"CORNER",-3.24,-1.05,0.75,-2.42,-0.51,16,2,2,0,1,1,0
2555530,"FS","Vonn Bell (NO)",16,499,0.3,"FLAT",-3.25,-0.78,-0.14,-0.74,-1.59,9,1,1,0,0,1,0
2555166,"MLB","Joe Schobert (CLE)",13,527,0.26,"HITCH",-3.25,-0.56,-0.3,-2.34,-0.06,11,4,3,0,1,1,0
2553500,"CB","Bryce Callahan (CHI)",13,454,0.62,"OUT",-3.26,-0.14,-0.42,-2.28,-0.43,37,9,7,1,1,6,0
2558061,"CB","Marshon Lattimore (NO)",16,569,0.65,"OUT",-3.28,0.61,-0.81,-2.74,-0.35,26,5,5,0,0,5,0
2541200,"CB","Rashaan Melvin (OAK)",14,330,0.68,"GO",-3.34,0.15,-0.34,-3.32,0.16,67,7,4,1,1,2,0
2533059,"CB","Morris Claiborne (NYJ)",15,572,0.7,"GO",-3.38,2.35,0.67,-7.26,0.86,116,9,4,1,3,2,0
2495504,"CB","Patrick Peterson (ARI)",16,569,0.56,"HITCH",-3.42,0.27,-2.87,-0.88,0.05,30,4,3,1,0,3,0
2543464,"ILB","C.J. Mosley (BAL)",15,548,0.16,"CROSS",-3.43,-1.23,-0.52,-1,-0.67,16,4,4,0,0,1,0
2495343,"CB","Buster Skrine (NYJ)",14,401,0.52,"IN",-3.43,0.14,0.06,-0.12,-3.5,14,3,3,0,0,1,0
2552686,"OLB","Damien Wilson (DAL)",16,125,0.26,"CROSS",-3.44,-0.17,0.04,-1.45,-1.86,2,1,1,0,0,0,0
2560760,"SS","Derwin James (LAC)",15,568,0.35,"HITCH",-3.46,-0.95,-0.33,-2.03,-0.15,10,1,1,0,0,0,0
2552434,"CB","Bobby McCain (MIA)",14,426,0.61,"SLANT",-3.52,-0.48,0.03,-0.22,-2.85,14,4,3,0,0,1,0
2495507,"CB","Richard Sherman (SF)",13,455,0.62,"HITCH",-3.53,-0.61,-0.25,-1.01,-1.67,29,5,5,0,0,2,0
2543830,"FS","Tre Boston (ARI)",14,502,0.12,"OUT",-3.55,-0.43,-0.17,-2.57,-0.39,5,1,1,0,0,0,0
2555530,"FS","Vonn Bell (NO)",16,499,0.3,"GO",-3.59,-0.4,-2.3,-1.05,0.16,22,4,3,0,0,3,0
2556571,"CB","Jonathan Jones (NE)",16,353,0.49,"OUT",-3.59,-0.77,0.43,-3.38,0.14,17,2,2,0,0,1,0
2561008,"DB","Ronnie Harrison (JAX)",12,167,0.24,"OUT",-3.61,-0.61,-0.78,-2.45,0.22,5,2,2,0,0,2,0
2555394,"CB","Daryl Worley (OAK)",10,228,0.65,"OUT",-3.63,-1.01,-0.11,-2.39,-0.11,12,4,3,0,1,0,0
2555280,"CB","Jalen Ramsey (JAX)",16,550,0.69,"GO",-3.63,0.82,-1.15,-3.62,0.32,104,5,4,0,0,2,0
2307,"CB","Orlando Scandrick (KC)",13,508,0.63,"OUT",-3.66,-0.57,-0.89,-2.23,0.03,26,7,4,0,2,2,0
2557996,"CB","Kevin King (GB)",6,170,0.57,"POST",-3.66,-0.11,-0.66,-2.78,-0.11,8,2,2,0,0,0,0
2555162,"MLB","Deion Jones (ATL)",6,224,0.24,"CROSS",-3.66,-0.71,-0.07,-2.05,-0.84,8,5,5,0,0,2,0
2555280,"CB","Jalen Ramsey (JAX)",16,550,0.69,"CROSS",-3.66,-0.69,-2.09,-1.48,0.6,17,8,6,0,2,3,0
2543464,"ILB","C.J. Mosley (BAL)",15,548,0.16,"OUT",-3.73,-0.19,0.13,-3.07,-0.59,6,3,3,0,0,2,0
2541200,"CB","Rashaan Melvin (OAK)",14,330,0.68,"OUT",-3.74,-0.17,-0.13,-3.81,0.38,20,6,6,0,0,4,0
2557979,"SS","Jamal Adams (NYJ)",16,633,0.26,"OUT",-3.74,-0.68,-0.64,-2.38,-0.03,10,4,2,0,0,2,0
2540164,"SS","Tony Jefferson (BAL)",14,531,0.23,"POST",-3.78,-0.12,-0.76,-3.08,0.18,7,2,2,0,0,1,0
2557927,"CB","Desmond King (LAC)",15,473,0.4,"IN",-3.85,-2.01,0.13,-1.71,-0.26,20,2,1,0,0,0,0
2555531,"CB","Anthony Brown (DAL)",15,437,0.5,"CROSS",-3.86,-0.66,0.37,-1.66,-1.92,24,8,5,0,3,2,0
2540155,"CB","Xavier Rhodes (MIN)",13,381,0.71,"HITCH",-3.9,1.03,-0.83,-4.46,0.36,30,7,6,0,1,1,0
2495108,"CB","Prince Amukamara (CHI)",15,585,0.69,"CROSS",-3.91,-0.67,0.31,-3.52,-0.03,19,3,1,0,0,0,0
2558065,"CB","Adoree' Jackson (TEN)",16,537,0.58,"GO",-4.07,-0.61,1.21,-2.18,-2.49,101,9,5,0,2,4,0
2555394,"CB","Daryl Worley (OAK)",10,228,0.65,"HITCH",-4.07,-0.37,-0.85,-2.43,-0.43,16,3,2,0,1,2,0
2560766,"CB","Taron Johnson (BUF)",11,262,0.5,"OUT",-4.13,-0.65,-0.03,-3.42,-0.03,17,2,2,0,0,1,0
2533059,"CB","Morris Claiborne (NYJ)",15,572,0.7,"HITCH",-4.13,-0.29,-0.67,-2.24,-0.93,49,4,4,0,0,2,0
2558168,"CB","Rasul Douglas (PHI)",12,362,0.61,"OUT",-4.18,-0.99,-0.06,-2.42,-0.71,16,8,7,0,0,3,0
2555344,"CB","Artie Burns (PIT)",8,181,0.65,"GO",-4.2,-0.77,-0.06,-2.66,-0.71,54,4,4,0,0,2,0
2506861,"CB","Brent Grimes (TB)",13,427,0.61,"CROSS",-4.24,-0.36,-1.26,-2.84,0.22,13,3,3,0,0,2,0
2552448,"CB","Trae Waynes (MIN)",13,368,0.67,"GO",-4.26,-0.12,0.39,-4.69,0.16,73,5,3,0,2,2,0
2555552,"CB","Ryan Smith (TB)",12,261,0.58,"OUT",-4.33,-0.48,-1.29,-2.4,-0.17,11,5,5,0,0,5,1
2558168,"CB","Rasul Douglas (PHI)",12,362,0.61,"IN",-4.35,-0.88,1.47,-1.82,-3.12,19,2,1,0,0,0,0
2543474,"CB","Darqueze Dennard (CIN)",13,412,0.57,"IN",-4.38,-0.97,-1.24,-2.44,0.28,15,5,5,0,0,4,1
89756,"CB","Jason McCourty (NE)",16,534,0.61,"FLAT",-4.51,-0.3,0.14,-4.35,-0.01,10,1,1,0,0,0,0
2539653,"CB","Robert Alford (ATL)",15,554,0.71,"IN",-4.53,-0.26,0.28,-4.81,0.25,39,8,8,0,0,5.5,0
2533059,"CB","Morris Claiborne (NYJ)",15,572,0.7,"CROSS",-4.53,-0.55,-2.96,-0.35,-0.67,13,1,1,0,0,1,0
2555277,"CB","Eli Apple (NO/NYG)",15,552,0.63,"POST",-4.59,-0.7,-0.71,-3.26,0.08,25,5,4,0,1,2,0
2556445,"CB","Brian Poole (ATL)",16,531,0.43,"CROSS",-4.64,-1.17,0.09,-1.33,-2.22,20,9,7,0,1,4,0
2560754,"DB","J.C. Jackson (NE)",13,266,0.68,"OUT",-4.72,-0.51,-0.74,-2.24,-1.22,15,5,5,0,0,4,0
2507817,"SS","Rafael Bush (BUF)",14,250,0.5,"SLANT",-4.76,-0.42,0.17,-0.16,-4.35,9,3,3,0,0,0.5,0
2532861,"CB","Casey Hayward (LAC)",15,560,0.71,"IN",-4.83,-0.5,-1.09,-3.65,0.41,41,6,5,0,0,0.5,0
2539935,"OLB","Kiko Alonso (MIA)",15,525,0.22,"WHEEL",-4.99,-0.08,-1.46,-2.62,-0.83,1,1,1,0,0,0,0
2560728,"CB","Tre Flowers (SEA)",14,514,0.63,"HITCH",-5.02,-1.24,-2.67,-0.68,-0.44,42,3,3,0,0,1.5,0
496735,"CB","Kareem Jackson (HOU)",16,593,0.43,"OUT",-5.04,-1.77,0.52,-3.74,-0.05,27,8,8,0,0,6,0
2557840,"CB","Chidobe Awuzie (DAL)",15,519,0.67,"GO",-5.05,0.38,-1.32,-4.91,0.81,132,14,7,0,2,4,0
2558009,"FS","Budda Baker (ARI)",14,491,0.48,"POST",-5.11,-0.22,-0.5,-4.59,0.2,11,3,2,0,1,0,0
2539935,"OLB","Kiko Alonso (MIA)",15,525,0.22,"CROSS",-5.14,-0.94,-2.1,-2.11,0.01,11,4,4,0,0,2.5,0
2555175,"CB","James Bradberry (CAR)",16,578,0.6,"POST",-5.15,-1.65,-1.23,-2.6,0.33,27,5,3,0,2,2,0
2556828,"CB","Trevor Williams (LAC)",7,215,0.66,"HITCH",-5.19,-0.11,0.21,-5.15,-0.13,17,3,3,0,0,2,0
2495251,"CB","Shareece Wright (HOU)",12,349,0.62,"GO",-5.2,0.62,-0.84,-5.16,0.17,75,7,5,0,2,1,0
2560877,"LB","Roquan Smith (CHI)",16,567,0.29,"CROSS",-5.22,-0.81,-1.65,-0.4,-2.37,25,6,5,0,0,4.5,0
2533059,"CB","Morris Claiborne (NYJ)",15,572,0.7,"OUT",-5.45,-1.26,-1.05,-0.75,-2.39,37,14,12,0,1,9,0
2560713,"LB","Tremaine Edmunds (BUF)",15,505,0.25,"CROSS",-5.46,-2.21,-0.16,-3,-0.1,19,5,4,0,2,2,0
2539334,"CB","Desmond Trufant (ATL)",16,627,0.64,"HITCH",-5.51,-0.1,2.03,-6.37,-1.06,45,11,11,0,0,10,0
2557840,"CB","Chidobe Awuzie (DAL)",15,519,0.67,"OUT",-5.56,-2.05,-0.03,-3.65,0.17,24,7,6,0,1,5,0
2560877,"LB","Roquan Smith (CHI)",16,567,0.29,"OUT",-5.6,0.01,-0.64,-5.45,0.49,15,7,7,0,0,6,0
2539932,"CB","Jamar Taylor (ARI/DEN)",11,161,0.57,"GO",-5.73,-0.37,-2.85,-2.68,0.17,27,2,2,0,0,2,0
2552315,"MLB","Jordan Hicks (PHI)",12,461,0.17,"POST",-5.9,-0.7,1.06,-0.91,-5.35,7,2,2,0,0,0,0
2540288,"CB","Darius Slay (DET)",15,499,0.63,"OUT",-6.26,0.03,0.21,-6.23,-0.26,27,8,7,0,1,2,0
2558168,"CB","Rasul Douglas (PHI)",12,362,0.61,"POST",-6.55,-0.62,-0.83,-5.18,0.07,21,3,3,0,0,2,0
2543681,"CB","Kyle Fuller (CHI)",16,647,0.64,"HITCH",-6.76,-2.4,-1.83,-2.57,0.04,40,6,4,0,2,2.5,0
2560952,"CB","Jaire Alexander (GB)",13,435,0.59,"GO",-6.87,-0.3,-0.71,-5.71,-0.14,55,7,5,0,1,2.5,0
2555539,"CB","Xavien Howard (MIA)",12,430,0.59,"GO",-7.15,0.45,-7.12,2.89,-3.37,86,4,2,1,0,0,0
2558259,"CB","Shaquill Griffin (SEA)",15,532,0.69,"GO",-7.38,1.88,-2.03,-8.1,0.87,107,6,4,0,1,2,0
2543505,"CB","Bradley Roby (DEN)",14,517,0.67,"GO",-7.57,1.31,-0.38,-2.25,-6.25,97,8,4,1,2,1,0
2561001,"CB","Grant Haley (NYG)",10,264,0.59,"CROSS",-8.11,-0.33,1.01,-3.43,-5.36,11,5,5,0,0,3,0
2532877,"CB","Trumaine Johnson (NYJ)",10,379,0.61,"GO",-8.5,-0.83,-0.7,-6.33,-0.65,77,4,3,1,0,1,0
2553353,"CB","Darryl Roberts (NYJ)",14,432,0.48,"GO",-8.78,-0.38,-0.23,-6.34,-1.84,49,2,2,0,0,0,0
2560753,"CB","Donte Jackson (CAR)",15,524,0.58,"GO",-9.02,-0.5,-0.16,-5.63,-2.73,103,7,4,0,1,1,0
2552484,"CB","P.J. Williams (NO)",15,483,0.56,"GO",-9.75,-0.51,-0.67,-7.03,-1.54,62,4,3,0,2,2,0
2539653,"CB","Robert Alford (ATL)",15,554,0.71,"GO",-10.16,1.57,-3.43,-6.67,-1.63,123,10,7,0,3,3,0
2553536,"CB","Troy Hill (LA)",12,235,0.54,"GO",-14.26,-1.8,-0.2,-12.07,-0.2,40,6,5,0,1,0,0
