"nflId_def","Pos","Player","G","Pass Snaps","%Zone","Zone EPS","Zone EPS Closing","Zone EPS Ball Skills","Zone EPS Tackling","Zone EPS Ball Hawk","Zone EPS INT Returns","SOS Zone EPS","SOS Zone EPS Closing","SOS Zone EPS Ball Skills","SOS Zone EPS Tackling","Covers","Accurate TAR","C","Targeted C%","INT","Ball Hawk INT","PB","Ball Hawk PB","Hands on Ball % of Targets","Hands on Ball % of Plays","T","FF","Penalties"
2558176,"FS","Eddie Jackson (CHI)",14,577,"95.1%",36.86,2.29,14.57,10.58,3.63,5.79,37.78,2.12,15,11.25,260,21,11,"52.4%",2,3,6,3,"38.1%","5.4%",9.5,1,0
2558184,"SS","Damontae Kazee (ATL)",16,572,"97.3%",20.42,0.97,1.57,0.09,20.45,-2.66,20.69,0.92,1.86,0.13,200,5,4,"80.0%",0,6,1,0,"20.0%","3.5%",3,0,0
2558976,"CB","Kenny Moore II (IND)",15,514,"55.3%",19.36,2.99,8.33,2,8.24,-2.2,18.7,2.87,7.61,2.17,249,24,21,"87.5%",1,2,2,1,"12.5%","2.4%",18,0,0
2556456,"FS","Andrew Adams (TB)",12,216,"80.7%",16.48,3.5,9.05,-1.03,6.62,-1.67,17.29,3.43,9.63,-0.73,112,10,6,"60.0%",2,2,2,0,"40.0%","5.4%",3.5,0,1
2555162,"MLB","Deion Jones (ATL)",6,224,"78.7%",15.61,1.61,-2.11,3.2,8.53,4.39,15.09,1.4,-2.35,3.12,119,12,9,"75.0%",0,2,3,0,"25.0%","4.2%",7,1,0
2555322,"ILB","Darron Lee (NYJ)",12,448,"79.4%",14.86,4.08,4.44,1.98,2.56,1.8,15.1,3.92,4.11,2.71,233,22,16,"72.7%",1,1,0,2,"4.6%","1.7%",8.5,0,0
2560908,"LB","Leighton Vander Esch (DAL)",16,455,"77.4%",14.7,1.4,1.34,1.85,8.59,1.53,13.47,0.79,1.11,1.44,267,25,22,"88.0%",0,2,1,1,"4.0%","1.5%",19.5,0,0
2553655,"FS","Anthony Harris (MIN)",11,299,"91.7%",13.21,1.52,5.82,0.22,5.07,0.58,13.26,1.68,5.8,0.13,136,5,2,"40.0%",0,2,2,1,"40.0%","3.7%",3,0,0
2560916,"CB","Denzel Ward (CLE)",13,500,"43.6%",13.15,0.04,8.59,-0.58,5.33,-0.24,14.59,0.29,8.85,0.36,203,27,20,"74.1%",1,2,1,1,"7.4%","2.5%",15,0,0
2557927,"CB","Desmond King (LAC)",15,473,"60.9%",13.13,4.63,5.98,-2.93,4.8,0.65,14.08,4.75,5.23,-1.35,266,27,21,"77.8%",1,1,5,0,"22.2%","2.6%",21,0,0
496739,"SS","Reshad Jones (MIA)",14,417,"90.8%",12.32,2.45,1.37,0.75,3.14,4.6,12.13,1.83,1.2,1.36,186,13,9,"69.2%",1,1,2,3,"23.1%","3.8%",9,0,0
2532948,"FS","Harrison Smith (MIN)",15,495,"88.3%",11.69,-1.62,4.13,2.06,6.6,0.53,12.02,-1.55,4.19,2.24,223,12,10,"83.3%",0,2,1,1,"8.3%","1.8%",7,0,0
2532966,"MLB","Bobby Wagner (SEA)",14,525,"81.2%",11.62,2.6,4.95,0.2,-2.57,6.44,12.73,1.96,5.73,1.17,303,23,17,"73.9%",1,0,4,2,"21.7%","2.3%",15,0,0
238227,"FS","Mike Mitchell (IND)",8,141,"95.6%",11.46,-0.68,-0.79,10.18,1.7,1.05,11.12,-0.69,-1.23,10.29,88,5,5,"100.0%",0,1,0,0,"0.0%","1.1%",8.5,2,0
2553822,"FS","Curtis Riley (NYG)",16,578,"97.0%",11.32,0.59,7.64,0.38,-0.36,3.07,11.88,1.06,7.34,0.77,242,11,7,"63.6%",2,1,1,0,"27.3%","1.6%",7,0,0
2555158,"FS","Kevin Byard (TEN)",16,582,"87.4%",11.15,-0.35,3.18,-1.46,9.15,0.62,9.84,-0.48,2.3,-1.76,259,8,6,"75.0%",0,4,1,2,"12.5%","2.7%",6,0,0
2553796,"CB","Quinton Dunbar (WAS)",7,227,"36.9%",10.58,2.63,5.51,-0.12,2.57,0,13.05,2.98,6.82,0.68,70,14,9,"64.3%",1,1,4,0,"35.7%","8.6%",7.5,0,0
2555539,"CB","Xavien Howard (MIA)",12,430,"44.5%",10.55,-7.07,13.95,-1.36,5.81,-0.77,9.82,-7.27,13.33,-1.27,161,9,5,"55.6%",0,2,1,0,"11.1%","1.9%",6,0,0
2560851,"SS","Justin Reid (HOU)",16,548,"90.8%",10.37,0.1,-1.98,-2.93,9.52,5.66,10.02,0.2,-2.84,-2.52,246,15,11,"73.3%",0,3,4,3,"26.7%","4.1%",9.5,0,0
2530510,"CB","Chris Harris (DEN)",11,397,"37.5%",10.34,-2.24,-0.11,2.03,7.27,3.38,10.68,-2.23,0.13,2.13,135,4,3,"75.0%",0,2,1,0,"25.0%","2.2%",6,0,0
2540143,"LB","Alec Ogletree (NYG)",13,473,"82.4%",9.85,-0.4,-1.97,-4.03,10.9,5.35,9.87,-0.81,-2.17,-3.41,220,19,17,"89.5%",1,3,1,0,"10.5%","2.3%",7.5,0,0
2539233,"SS","Shawn Williams (CIN)",16,537,"88.4%",9.72,1.36,-6.02,-2.73,11.01,6.1,10.54,1.57,-6.12,-2.03,266,20,17,"85.0%",0,4,3,1,"15.0%","3.0%",12,0,0
2533056,"MLB","Luke Kuechly (CAR)",16,546,"84.0%",9.62,4.31,0.19,5.04,-0.02,0.1,10.36,4.48,0.81,5,297,23,18,"78.3%",0,1,3,1,"13.0%","1.7%",13,1,0
2555280,"CB","Jalen Ramsey (JAX)",16,550,"33.8%",9.08,-1.64,7.21,1.87,0.49,1.16,9.34,-1.55,6.93,2.32,161,16,13,"81.2%",1,0,1,2,"12.5%","2.5%",11,0,0
2495108,"CB","Prince Amukamara (CHI)",15,585,"35.2%",9.07,-2.79,8.81,0.99,-0.69,2.75,8.97,-2.74,8.56,1.08,170,15,12,"80.0%",2,1,1,0,"20.0%","2.4%",12,0,0
2557920,"CB","Jourdan Lewis (DAL)",13,136,"61.1%",8.39,4.62,1.09,3.44,-0.83,0.08,8.97,4.44,1.38,3.9,77,8,6,"75.0%",1,0,0,0,"12.5%","1.3%",5,0,0
2532848,"FS","Tashaun Gipson (JAX)",16,549,"81.5%",8.03,6.63,-2.73,0.87,3.62,-0.36,8.91,6.45,-1.63,0.83,206,13,10,"76.9%",0,1,0,3,"0.0%","1.9%",8.5,0,0
2555329,"OLB","Myles Jack (JAX)",16,553,"80.2%",8.01,3.09,-3.03,4.38,0.16,3.42,8.07,2.83,-2.58,4.24,309,16,16,"100.0%",0,1,0,0,"0.0%","0.3%",14.5,0,0
2533062,"CB","Stephon Gilmore (NE)",16,627,"30.0%",7.95,1.3,3.17,1.82,-0.7,2.36,7.6,1.28,2.63,2.03,162,14,9,"64.3%",0,1,4,0,"28.6%","3.1%",7.5,0,0
2556571,"CB","Jonathan Jones (NE)",16,353,"52.3%",7.63,0.19,5.54,-2.1,2.64,1.37,8.41,-0.29,5.63,-0.93,160,16,11,"68.8%",1,1,3,0,"25.0%","3.1%",12.5,0,0
2556429,"SS","Matthias Farley (IND)",5,101,"92.6%",7.48,1.12,1.6,-0.09,5.59,-0.75,7.84,1,2.14,-0.14,64,6,4,"66.7%",0,1,1,1,"16.7%","4.7%",2.5,0,0
2543874,"FS","Andre Hal (HOU)",8,181,"90.1%",7.32,-0.99,-2.1,-0.04,7.14,3.31,7.67,-1.09,-1.64,-0.05,74,3,3,"100.0%",0,3,0,1,"0.0%","5.4%",1,0,0
2558005,"ILB","Jayon Brown (TEN)",16,506,"84.0%",7.28,2.94,2.45,5.06,-3.18,0,6.44,2.61,1.78,5.23,240,18,14,"77.8%",1,0,2,0,"16.7%","1.2%",6.5,1,0
2532961,"ILB","Danny Trevathan (CHI)",16,628,"79.4%",7.04,2.46,1.25,-3.06,6.64,-0.25,6.76,1.73,1.19,-2.55,323,19,13,"68.4%",0,2,2,1,"10.5%","1.6%",7,0,0
2550930,"ILB","Todd Davis (DEN)",15,426,"81.8%",6.9,4.01,-0.7,-1.33,3.94,0.98,9.51,4.14,1.36,-0.92,243,24,19,"79.2%",0,1,3,3,"12.5%","2.9%",11,0,1
2543814,"MLB","Preston Brown (CIN)",7,191,"80.7%",6.81,1.72,0.01,-0.24,5.29,0.03,6.81,1.39,0.13,-0.03,119,8,6,"75.0%",1,1,0,1,"12.5%","2.5%",5.5,0,0
2539237,"CB","D.J. Hayden (JAX)",10,279,"53.4%",6.74,4.25,4.15,0.07,-1.45,-0.28,7.34,4.17,4.34,0.56,135,17,14,"82.4%",1,0,2,0,"17.6%","2.2%",10.5,0,0
2558061,"CB","Marshon Lattimore (NO)",16,569,"36.9%",6.73,0.21,-2.02,4.25,3.04,1.25,8.16,0.79,-1.31,4.4,189,16,16,"100.0%",0,2,0,1,"0.0%","1.6%",12,1,0
2552689,"CB","Ronald Darby (PHI)",9,373,"40.2%",6.33,-1.53,4.01,-0.57,4.08,0.34,7.54,-0.93,4.51,-0.46,123,13,10,"76.9%",0,1,2,0,"15.4%","2.4%",7.5,0,0
2555394,"CB","Daryl Worley (OAK)",10,228,"37.2%",6.21,-0.36,1.37,0.77,4.41,0.02,6.92,0.06,1.83,0.6,76,9,5,"55.6%",0,1,2,0,"22.2%","4.0%",5,0,0
2557867,"CB","Tre'Davious White (BUF)",16,526,"36.6%",6.15,1.2,2.37,-1.63,2.89,1.32,7.27,1.17,2.79,-0.91,176,14,11,"78.6%",1,1,0,0,"7.1%","1.1%",4.5,0,1
2540180,"FS","Tyrann Mathieu (HOU)",16,637,"74.4%",6.07,6.2,-1.53,1.07,0.39,-0.04,5.03,5.7,-2.22,1.2,277,16,13,"81.2%",0,1,1,1,"6.2%","1.1%",16,0,0
2556593,"ILB","Cory Littleton (LA)",16,556,"74.8%",5.99,3.97,-4.09,-1.68,5.77,2.02,6.33,3.32,-3.99,-0.8,260,28,24,"85.7%",0,2,2,1,"7.1%","1.9%",17,0,0
2560725,"S","Minkah Fitzpatrick (MIA)",16,507,"53.1%",5.92,2.29,2.89,0.32,-2.76,3.16,5.12,2.71,1.39,0.61,199,10,8,"80.0%",1,0,1,0,"20.0%","1.0%",7,0,0
2552385,"FS","Adrian Amos (CHI)",16,655,"93.0%",5.83,-0.77,3.14,0.81,2.53,0.13,6.05,-0.85,3.27,0.96,309,20,15,"75.0%",0,2,3,1,"15.0%","1.9%",18,0,0
2555166,"MLB","Joe Schobert (CLE)",13,527,"80.0%",5.76,2.75,2,-0.18,2.55,-1.37,5.75,2.67,1.93,-0.03,204,8,5,"62.5%",0,1,0,1,"0.0%","1.0%",6,0,0
496735,"CB","Kareem Jackson (HOU)",16,593,"63.0%",5.72,-0.51,9.54,3.02,-2.79,-3.54,5.72,-0.29,8.96,3.39,284,20,14,"70.0%",1,0,4,2,"25.0%","2.5%",10,1,0
2561008,"DB","Ronnie Harrison (JAX)",12,167,"82.0%",5.56,0.49,0.75,0.04,3.59,0.68,5.88,0.47,1.14,-0.01,90,9,8,"88.9%",0,1,1,0,"11.1%","2.2%",4,0,0
2550257,"SS","Daniel Sorensen (KC)",7,202,"80.5%",5.36,1.18,1.98,-0.6,-1.51,4.31,5.41,1.06,2.1,-0.54,78,7,4,"57.1%",1,0,1,0,"28.6%","2.6%",2.5,0,0
2558168,"CB","Rasul Douglas (PHI)",12,362,"46.2%",5.29,0.3,-0.15,1.37,4.2,-0.44,6.58,0.41,0.89,1.52,124,17,15,"88.2%",0,1,0,1,"0.0%","1.6%",17.5,0,0
2540170,"CB","David Amerson (ARI)",6,150,"46.6%",5.23,1.08,3.53,0.37,-0.73,0.98,6.82,1.52,4.43,0.62,60,8,5,"62.5%",1,0,1,0,"25.0%","3.3%",5,0,0
2543850,"SS","Ricardo Allen (ATL)",3,130,"90.6%",5.17,0.03,4.68,0.24,0.03,0.18,5.46,-0.01,4.78,0.47,67,6,5,"83.3%",1,0,0,2,"16.7%","4.5%",7,0,0
2557880,"ILB","Josh Harvey-Clemons (WAS)",14,163,"80.9%",5.1,-0.07,3.08,3.09,-1,0,6.62,0.16,4.06,3.41,83,8,7,"87.5%",0,0,0,0,"0.0%","0.0%",6.5,0,0
2556363,"OLB","Kamu Grugier-Hill (PHI)",16,161,"76.8%",5.05,1,-0.51,-0.27,4.26,0.58,5.69,0.97,-0.22,0.09,84,6,6,"100.0%",0,1,0,1,"0.0%","2.4%",4.5,0,0
2550613,"CB","Malcolm Butler (TEN)",16,501,"36.5%",5.01,-1.37,-0.17,0.92,2.33,3.3,5.96,-0.88,0.77,0.44,150,11,9,"81.8%",0,1,1,0,"9.1%","1.3%",12.5,0,1
2541243,"FS","Duron Harmon (NE)",16,426,"97.0%",4.84,0.14,-0.42,-1.01,4.51,1.62,5.04,0.11,-0.75,-0.44,151,4,4,"100.0%",0,3,0,0,"0.0%","2.0%",4,0,0
2505708,"FS","Mike Adams (CAR)",16,553,"84.3%",4.82,1.37,-0.77,0.42,4.14,-0.35,6.05,1.51,-0.33,1.08,216,11,9,"81.8%",1,2,1,1,"18.2%","2.3%",7,0,0
2541192,"SS","Chris Banjo (NO)",8,37,"91.4%",4.81,0.85,1.4,0.03,1.13,1.4,4.7,0.77,1.26,0.13,19,2,1,"50.0%",1,1,0,0,"50.0%","10.5%",0,0,0
2508080,"FS","Earl Thomas (SEA)",3,100,"94.8%",4.8,1.63,-1.5,0.05,5.19,-0.56,4.73,1.7,-1.46,-0.15,50,3,3,"100.0%",0,1,0,1,"0.0%","4.0%",1,0,0
2558163,"OLB","Alex Anzalone (NO)",16,334,"74.3%",4.77,0.05,0.34,-0.22,4.58,0.01,4.45,-0.25,0.51,-0.4,159,7,7,"100.0%",0,1,0,1,"0.0%","1.3%",5,0,0
2561107,"LB","Corey Thompson (BUF)",3,29,"82.4%",4.49,0.03,-0.13,4.74,-0.15,0,4.44,0,-0.14,4.73,13,1,1,"100.0%",0,0,0,0,"0.0%","0.0%",2,1,0
2552488,"CB","Marcus Peters (LA)",16,525,"53.0%",4.39,1.62,-0.96,-1.95,3.92,1.77,6.83,2.18,0.66,-1.68,232,19,16,"84.2%",0,2,2,0,"10.5%","1.7%",12,0,0
2552448,"CB","Trae Waynes (MIN)",13,368,"36.7%",4.35,0.17,6.02,-0.6,-1.43,0.19,4.97,0.19,6.56,-0.53,112,11,7,"63.6%",1,0,2,0,"27.3%","2.7%",4,0,0
2556374,"SS","Blake Countess (LA)",8,44,"97.7%",4.32,0.36,0.57,-0.11,2.4,1.1,4.38,0.31,0.69,-0.12,21,1,0,"0.0%",0,1,1,0,"100.0%","9.5%",0.5,0,0
2555342,"SS","Karl Joseph (OAK)",12,239,"84.9%",4.3,0.62,0.2,0.24,3.13,0.12,4.34,0.64,0.24,0.22,99,3,2,"66.7%",0,1,0,1,"0.0%","2.0%",1,0,0
2558094,"ILB","Zach Cunningham (HOU)",14,440,"76.1%",4.3,-0.3,-1.41,-3.42,5.61,3.81,4.54,-0.27,-1.37,-3.24,245,20,20,"100.0%",0,1,0,2,"0.0%","1.2%",15,0,0
2557979,"SS","Jamal Adams (NYJ)",16,633,"80.5%",4.27,2.18,3.68,1.84,-3.43,0,4.84,2.61,3.91,1.75,314,13,9,"69.2%",0,0,4,2,"30.8%","1.9%",11.5,0,0
2556278,"FS","Will Parks (DEN)",15,327,"71.8%",4.26,1.53,0.05,-0.02,2.35,0.36,5.52,1.46,0.67,0.68,124,5,4,"80.0%",0,1,1,1,"20.0%","2.4%",4.5,0,0
2555522,"ILB","B.J. Goodson (NYG)",15,232,"80.8%",4.1,1.28,-2.04,1.3,3.55,0,3.84,1.37,-2.02,0.94,126,12,10,"83.3%",0,1,1,0,"8.3%","1.6%",6.5,0,0
2560913,"DB","Tracy Walker (DET)",14,194,"94.1%",4.05,1.41,3.76,0.82,-1.9,-0.05,4.51,1.64,3.91,0.9,79,3,1,"33.3%",1,0,1,0,"66.7%","2.5%",1,0,0
2495872,"CB","Johnathan Joseph (HOU)",14,485,"47.6%",4.01,5.1,-1.81,1.99,-1.16,-0.11,3.94,5.41,-2.56,2.36,207,29,26,"89.7%",1,0,2,1,"10.3%","1.9%",21,0,0
2558182,"SS","Rayshawn Jenkins (LAC)",8,73,"77.0%",3.8,0.72,3.41,0.18,-0.51,0,3.57,0.64,3.27,0.16,35,4,2,"50.0%",0,0,0,0,"0.0%","0.0%",2,0,0
2560970,"S","Jessie Bates (CIN)",16,630,"95.8%",3.78,-2.28,3.09,-0.75,1.61,2.12,6.71,-2.16,4.5,0.64,315,13,9,"69.2%",1,2,2,0,"23.1%","1.6%",11.5,0,0
2495613,"FS","Corey Graham (PHI)",13,439,"90.4%",3.74,0.57,-2.92,1.27,4.51,0.32,3.75,0.35,-2.78,1.36,191,12,10,"83.3%",0,1,2,1,"16.7%","2.1%",6.5,0,0
2553710,"SS","Deshazor Everett (WAS)",11,51,"78.3%",3.73,-0.09,-0.66,0.53,3.7,0.26,3.75,-0.09,-0.67,0.56,20,1,1,"100.0%",0,1,0,0,"0.0%","5.0%",1,0,0
2553637,"CB","Justin Coleman (SEA)",15,444,"56.1%",3.73,0.93,3.09,0.3,-0.58,0,4.28,0.69,3.39,0.77,232,14,10,"71.4%",0,0,3,1,"21.4%","1.7%",9,1,0
2556445,"CB","Brian Poole (ATL)",16,531,"58.6%",3.72,2.37,2.8,-3.75,0.84,1.46,3.82,2.53,2.24,-3.25,267,19,15,"79.0%",2,1,1,1,"15.8%","1.9%",11.5,0,0
2539982,"OLB","A.J. Klein (NO)",16,381,"80.2%",3.66,0.52,0.15,0.08,2.95,-0.05,3.81,0.38,0.32,0.21,176,9,8,"88.9%",0,1,1,0,"11.1%","1.1%",6.5,0,0
2560754,"DB","J.C. Jackson (NE)",13,266,"34.6%",3.66,-0.58,2.43,-2.28,3.61,0.47,5.01,-0.34,2.76,-1.49,79,7,5,"71.4%",0,1,0,0,"0.0%","1.3%",5,0,0
2555169,"ILB","Reggie Ragland (KC)",15,234,"91.4%",3.63,-1.08,3.43,-0.28,-1.95,3.5,4.7,-1.2,4.07,0.28,144,6,5,"83.3%",1,0,0,0,"16.7%","0.7%",2,0,0
494287,"FS","Devin McCourty (NE)",16,625,"83.9%",3.51,-0.41,-3.2,3.45,-1.43,5.1,3.11,-0.93,-3.74,4.11,265,19,16,"84.2%",0,1,1,0,"5.3%","0.8%",13,1,0
2539935,"OLB","Kiko Alonso (MIA)",15,525,"80.7%",3.43,-0.79,-3.43,6,1.11,0.53,2.75,-1.66,-3.12,5.88,301,22,19,"86.4%",1,1,0,1,"4.6%","1.0%",14,0,1
2556673,"OLB","Brennan Scarlett (HOU)",7,54,"84.4%",3.32,-0.44,4.52,0.77,-0.18,-1.35,3.25,-0.47,4.5,0.74,23,2,1,"50.0%",1,0,0,1,"50.0%","8.7%",1.5,0,0
2552310,"ILB","Denzel Perryman (LAC)",8,177,"78.5%",3.22,-0.5,-1.22,0.43,4.63,-0.12,3.52,-0.41,-1.3,0.72,96,10,8,"80.0%",0,1,1,0,"10.0%","2.1%",4.5,0,0
2552568,"CB","Byron Jones (DAL)",16,594,"28.8%",3.22,1.61,2.78,0.65,-1.82,0,4.63,1.59,4.11,0.75,161,15,11,"73.3%",0,0,3,0,"20.0%","1.9%",8,0,0
2560760,"SS","Derwin James (LAC)",15,568,"72.0%",3.19,3.18,3.98,-0.6,-3.26,-0.11,3.35,2.3,4.06,0.36,247,28,24,"85.7%",1,0,3,1,"14.3%","2.0%",18,0,0
80668,"CB","Captain Munnerlyn (CAR)",16,425,"51.8%",3.15,-1.46,1.83,4.85,-2.07,0,3.92,-1.38,2.16,5.21,188,10,8,"80.0%",0,0,2,0,"20.0%","1.1%",7.5,0,0
2534832,"FS","Rodney McLeod (PHI)",3,106,"96.1%",3.12,1.83,2.79,-0.44,-1.06,0,3.49,1.85,3.41,-0.71,49,5,2,"40.0%",0,0,3,0,"60.0%","6.1%",1,0,0
2543823,"CB","E.J. Gaines (CLE)",4,111,"42.3%",3.07,0.05,0.8,0.24,2.3,-0.32,3.44,0.13,1.09,0.24,41,2,1,"50.0%",0,1,0,0,"0.0%","2.4%",1.5,0,0
2559208,"CB","Ryan Lewis (BUF)",5,102,"42.0%",2.95,0.88,3.54,-1.02,-0.45,0,3.59,1,3.88,-0.83,38,8,6,"75.0%",0,0,2,0,"25.0%","5.3%",3,0,0
2533057,"MLB","Dont'a Hightower (NE)",15,457,"84.4%",2.86,0.81,-2.74,0.56,2.85,1.37,2.73,0.55,-2.67,0.63,142,13,13,"100.0%",0,1,0,0,"0.0%","0.7%",8,0,0
2540164,"SS","Tony Jefferson (BAL)",14,531,"84.4%",2.85,1.89,-2.17,3.37,2.8,-3.04,4.41,1.95,-0.95,3.64,235,13,11,"84.6%",0,1,2,0,"15.4%","1.3%",13,1,2
2560884,"CB","M.J. Stewart (TB)",8,202,"43.6%",2.84,1.05,1.9,0.74,-0.84,0,2.71,1.05,1.58,0.92,78,7,7,"100.0%",0,0,0,0,"0.0%","0.0%",4.5,0,0
2558175,"LB","Nate Gerry (PHI)",9,60,"85.7%",2.79,0.1,3.71,-0.56,-0.45,0,2.69,-0.03,3.56,-0.4,39,4,3,"75.0%",0,0,0,0,"0.0%","0.0%",3.5,0,0
2557945,"SS","Justin Evans (TB)",10,353,"94.2%",2.74,0.28,5.67,0.34,-2.22,-1.34,3.53,0.31,5.97,0.82,151,3,2,"66.7%",1,0,0,1,"33.3%","1.3%",3.5,0,0
2552389,"CB","Damarious Randall (CLE)",15,629,"90.1%",2.67,-3.54,-1.78,0.83,7.95,-0.78,2.97,-3.13,-1.77,0.7,232,20,18,"90.0%",0,3,1,2,"5.0%","2.6%",17.5,0,0
2506268,"OLB","Lorenzo Alexander (BUF)",16,354,"74.7%",2.61,0.86,0.93,-0.08,0.9,0,3.23,1.08,1.06,0.2,64,5,5,"100.0%",0,0,0,1,"0.0%","1.6%",4,0,0
2539309,"SS","T.J. McDonald (MIA)",14,500,"86.3%",2.6,0.41,-5.63,-1.8,7.92,1.71,3.34,0.57,-4.92,-1.93,257,10,10,"100.0%",0,3,0,2,"0.0%","2.0%",8,0,0
2552686,"OLB","Damien Wilson (DAL)",16,125,"74.7%",2.58,1,2.2,0.11,-0.73,0,3.08,1.21,2.18,0.42,66,7,5,"71.4%",0,0,0,0,"0.0%","0.0%",4.5,0,0
2543597,"ILB","Avery Williamson (NYJ)",16,627,"83.5%",2.35,0.32,0.75,-2.04,2.24,1.08,2.14,-0.02,0.11,-1.26,317,24,21,"87.5%",0,1,1,2,"4.2%","1.3%",18.5,0,0
2559058,"S","Maurice Smith (MIA)",2,29,"89.7%",2.27,-0.53,3.69,-0.6,-0.28,0,2.08,-0.48,3.45,-0.61,15,2,1,"50.0%",0,0,1,0,"50.0%","6.7%",0,0,0
1302,"CB","Aqib Talib (LA)",8,217,"54.7%",2.26,1.31,5.52,-3.75,-1.26,0.44,3.34,1.12,6.62,-3.58,94,12,7,"58.3%",1,0,1,0,"16.7%","2.1%",4,0,0
2558136,"CB","Fabian Moreau (WAS)",16,528,"47.9%",2.25,1.37,1.3,-0.63,-0.26,0.48,3.01,1.06,2.12,-0.39,226,11,8,"72.7%",0,1,2,0,"18.2%","1.3%",6,0,0
2555505,"OLB","Matt Judon (BAL)",16,434,"76.4%",2.23,1.07,1.64,0.11,-0.59,0,2.3,1.04,1.54,0.31,47,4,2,"50.0%",0,0,0,0,"0.0%","0.0%",0.5,0,0
2532890,"OLB","Mychal Kendricks (SEA)",4,97,"75.3%",2.23,2.3,0.23,0.35,-0.66,0,2.31,2.08,0.44,0.45,57,5,3,"60.0%",0,0,1,0,"20.0%","1.8%",1,0,0
2539338,"CB","B.W. Webb (NYG)",16,576,"40.2%",2.22,-0.26,0.58,3.72,-1.83,-0.01,3.12,0.16,1.5,3.29,190,15,11,"73.3%",1,0,0,1,"6.7%","1.0%",9.5,1,0
2539943,"FS","D.J. Swearinger (WAS)",15,565,"85.7%",2.22,-0.52,2.16,-4.26,4.56,0.27,2.56,-0.6,2.05,-3.73,291,22,17,"77.3%",1,3,3,2,"18.2%","3.1%",13,0,0
2556833,"CB","De'Vante Harris (TB)",5,59,"37.0%",2.2,0.16,-0.1,0.21,1.93,0,2.3,0.42,-0.28,0.24,19,2,2,"100.0%",0,0,0,1,"0.0%","5.3%",0,0,0
2560928,"LB","Kyzir White (LAC)",2,42,"74.4%",2.17,3.13,-0.38,-0.53,-0.31,0.28,2.34,2.82,-0.03,-0.42,26,5,3,"60.0%",1,0,0,0,"20.0%","3.8%",0,0,0
2556617,"S","Doug Middleton (NYJ)",4,141,"94.9%",2.07,-0.52,0.16,0.64,1.79,0,2.2,-0.28,0.26,0.43,63,2,1,"50.0%",0,0,1,2,"50.0%","4.8%",2,0,0
2555285,"OLB","Leonard Floyd (CHI)",16,511,"69.8%",2.02,-1.01,0.11,-2.58,2.13,3.37,2.44,-1.13,0.83,-2.76,57,7,6,"85.7%",0,1,1,0,"14.3%","3.5%",3,0,0
2552386,"FS","Clayton Geathers (IND)",12,407,"87.6%",2.02,-1.56,3.62,2.24,-2.28,0,3.38,-1.91,5.88,1.69,231,19,16,"84.2%",0,0,1,1,"5.3%","0.9%",10,0,0
2555340,"OLB","Kyler Fackrell (GB)",16,344,"71.9%",1.98,0.52,1.43,0.48,-0.44,0,2.17,0.54,1.46,0.61,34,2,2,"100.0%",0,0,0,0,"0.0%","0.0%",0,0,0
2555568,"SS","Erik Harris (OAK)",15,220,"87.1%",1.97,-1.31,-0.91,2.28,5.44,-3.52,1.77,-1.09,-1.48,2.42,114,7,5,"71.4%",0,2,1,0,"14.3%","2.6%",5,0,0
2540288,"CB","Darius Slay (DET)",15,499,"40.5%",1.82,0.37,-2.9,1.29,-2.13,5.19,2.72,0.23,-1.86,1.29,168,18,15,"83.3%",1,0,1,0,"11.1%","1.2%",10,0,2
2539290,"FS","Jordan Poyer (BUF)",16,546,"91.1%",1.82,-1.37,0.65,-1.99,6.19,-1.66,1.49,-1.48,0.67,-2.22,235,8,7,"87.5%",0,3,1,0,"12.5%","1.7%",8,0,0
2543571,"CB","Bashaud Breeland (GB)",7,184,"45.1%",1.74,1.05,0.95,-0.01,-0.85,0.61,1.68,1.02,0.9,-0.01,68,7,6,"85.7%",1,0,0,0,"14.3%","1.5%",3,0,1
2558183,"SS","John Johnson (LA)",16,564,"85.7%",1.73,1.54,-6.72,2.13,4.26,0.52,3.24,1.89,-6.04,2.61,252,19,17,"89.5%",0,2,1,1,"5.3%","1.6%",19,0,0
2543680,"FS","Antone Exum (SF)",12,320,"88.3%",1.71,-0.08,-4.31,-0.65,3.41,3.35,2.09,-0.11,-4.34,-0.22,149,4,3,"75.0%",0,1,1,4,"25.0%","4.0%",3.5,0,1
2534846,"CB","Neiko Thorpe (SEA)",3,23,"33.3%",1.7,1.7,0,0,0,0,1.7,1.7,0,0,6,0,0,"0.0%",0,0,0,0,"0.0%","0.0%",0,0,0
2561155,"ILB","Zaire Franklin (IND)",11,90,"85.0%",1.68,1.22,0.39,0.8,-0.73,0,1.46,1.15,0.36,0.69,61,5,4,"80.0%",0,0,1,0,"20.0%","1.6%",4,0,0
2556934,"CB","Javien Elliott (TB)",11,222,"59.4%",1.63,-0.17,-0.51,-1.26,2.63,0.94,2.53,-0.37,0.25,-0.92,116,7,7,"100.0%",0,1,0,0,"0.0%","0.9%",7,0,0
496727,"SS","Morgan Burnett (PIT)",11,254,"70.7%",1.6,-1.88,2.49,0.49,0.5,0,1.42,-1.87,2.35,0.44,119,9,7,"77.8%",0,0,1,1,"11.1%","1.7%",6,0,1
2553536,"CB","Troy Hill (LA)",12,235,"48.5%",1.58,0.78,1.7,-0.73,-1.22,1.04,2.72,1.49,2.23,-0.82,104,10,8,"80.0%",1,0,1,0,"20.0%","1.9%",6.5,0,0
2555299,"CB","Vernon Hargreaves III (TB)",1,39,"31.6%",1.57,1.33,0.37,0,-0.13,0,1.48,1.16,0.45,0,12,1,0,"0.0%",0,0,1,0,"100.0%","8.3%",0,0,0
2558801,"OLB","Jordan Evans (CIN)",14,246,"71.3%",1.56,0.65,-0.53,-4.54,5.81,0.17,1.59,0.24,-0.08,-4.55,138,12,11,"91.7%",0,1,0,2,"0.0%","2.2%",5,0,0
2552266,"OLB","Anthony Chickillo (PIT)",16,180,"60.9%",1.54,-0.01,1.19,0,0.36,0,1.37,-0.01,1.02,0,13,1,0,"0.0%",0,0,0,1,"0.0%","7.7%",0,0,0
2561001,"CB","Grant Haley (NYG)",10,264,"43.4%",1.51,1.63,0.57,0.44,-1.13,0,2.4,1.47,1.49,0.57,97,7,4,"57.1%",0,0,1,0,"14.3%","1.0%",4,0,0
2557967,"OLB","Duke Riley (ATL)",14,233,"82.6%",1.48,1.55,0.28,1.49,-1.84,0,2.7,1.38,0.94,2.22,141,15,14,"93.3%",0,0,0,0,"0.0%","0.0%",15,0,0
2553687,"MLB","Zach Vigil (WAS)",4,19,"94.4%",1.45,1.42,-0.2,0.42,-0.18,0,1.63,1.32,0.07,0.43,12,2,2,"100.0%",0,0,0,0,"0.0%","0.0%",1,0,0
2552289,"OLB","Bud Dupree (PIT)",16,526,"68.5%",1.43,0.27,-0.29,1.48,-0.03,0,1.73,0.18,-0.15,1.73,47,2,2,"100.0%",0,0,0,1,"0.0%","2.1%",2,0,0
2561042,"LB","Nick DeLuca (JAX)",4,35,"55.0%",1.42,-0.13,1.67,0,-0.12,0,1.38,-0.16,1.66,0,11,1,0,"0.0%",0,0,0,0,"0.0%","0.0%",0,0,0
2557969,"OLB","Matt Milano (BUF)",13,412,"74.5%",1.38,0.96,3.25,-0.3,-2.42,-0.12,0.56,0.68,3.29,-0.87,197,12,9,"75.0%",1,0,0,0,"8.3%","0.5%",5.5,0,1
2560789,"LB","Darius Leonard (IND)",15,535,"78.4%",1.38,1.83,4.47,-3.45,-1.47,0,-0.8,0.18,3.95,-3.46,327,36,34,"94.4%",0,0,2,1,"5.6%","0.9%",20.5,0,0
2506345,"CB","Adam Jones (DEN)",5,66,"43.8%",1.36,-0.74,2.65,-0.25,-0.3,0,1.99,-0.76,3.18,-0.14,22,6,4,"66.7%",0,0,1,0,"16.7%","4.6%",2,0,0
2560713,"LB","Tremaine Edmunds (BUF)",15,505,"78.9%",1.36,1.46,-1.59,4.83,-3.34,0,1.96,1.03,-0.63,4.91,263,23,22,"95.6%",0,0,0,1,"0.0%","0.4%",13.5,1,0
2508004,"DB","Anthony Levine (BAL)",16,227,"66.9%",1.33,1.14,0.65,-0.48,0.03,0,1.28,1.14,0.37,-0.25,83,6,5,"83.3%",0,0,1,1,"16.7%","2.4%",0,0,0
2541162,"CB","A.J. Bouye (JAX)",13,449,"36.3%",1.33,1.15,1.01,-0.98,0.15,0,2.45,1.41,1.58,-0.68,146,12,11,"91.7%",0,0,0,2,"0.0%","1.4%",9,0,0
2552296,"OLB","Kyle Emanuel (LAC)",13,88,"83.6%",1.29,-0.72,2.5,0,-0.5,0,1.24,-0.82,2.38,0.17,39,3,2,"66.7%",0,0,0,0,"0.0%","0.0%",1,0,0
2558097,"ILB","Ukeme Eligwe (NYG)",3,28,"90.9%",1.25,0.28,-0.37,0.06,1.27,0,1.28,0.34,-0.44,0.1,14,2,2,"100.0%",0,0,0,1,"0.0%","7.1%",1,0,0
2559260,"DB","Tre Sullivan (PHI)",11,174,"95.3%",1.25,2.91,0.14,-0.05,-1.76,0,1.39,2.88,0.25,0.02,80,1,1,"100.0%",0,0,0,0,"0.0%","0.0%",1,0,0
2556817,"CB","Tony McRae (CIN)",5,61,"27.6%",1.21,1.3,-0.06,0.14,-0.17,0,1.4,1.33,0.01,0.23,16,3,2,"66.7%",0,0,1,0,"33.3%","6.2%",0.5,0,0
2495252,"OLB","K.J. Wright (SEA)",5,132,"78.3%",1.18,-0.1,0.58,0.58,0.11,0,1.32,-0.21,0.73,0.69,81,5,4,"80.0%",0,0,1,1,"20.0%","2.5%",2.5,0,0
2558064,"OLB","T.J. Watt (PIT)",16,541,"68.8%",1.17,0.95,0.15,0.66,-0.59,0,1.75,1.09,0.7,0.55,52,7,4,"57.1%",0,0,2,0,"28.6%","3.8%",1.5,0,0
79848,"SS","Malcolm Jenkins (PHI)",16,680,"72.5%",1.17,-0.5,2.35,-0.86,0.21,-0.03,1.94,-1.01,2.99,-0.22,354,21,18,"85.7%",0,1,2,1,"9.5%","1.1%",13,0,0
2552320,"ILB","Ramik Wilson (LA)",11,86,"69.7%",1.13,0.94,0.63,0.13,-0.57,0,1.18,0.64,0.41,0.7,44,4,4,"100.0%",0,0,0,0,"0.0%","0.0%",4,0,0
2561006,"FS","Marcell Harris (SF)",7,172,"81.8%",1.08,-0.25,0.05,2.64,-1.36,0,1.21,-0.5,0.51,2.55,92,4,4,"100.0%",0,0,0,0,"0.0%","0.0%",4.5,0,0
2555542,"FS","Jordan Lucas (KC)",7,167,"77.8%",1.06,0.3,-0.79,-4.13,5.33,0.35,2.23,0.42,0.01,-3.88,61,4,4,"100.0%",0,1,0,0,"0.0%","1.6%",3,0,0
2558847,"FS","Marcus Williams (NO)",16,597,"98.3%",1.06,-0.06,-4.58,2.5,2.16,1.04,1.67,-0.01,-4.33,2.81,217,8,7,"87.5%",0,2,0,0,"0.0%","0.9%",8,0,0
2532946,"CB","Coty Sensabaugh (PIT)",15,458,"36.4%",1.02,-1.7,5.27,-0.8,-1.76,0,2.87,-1.39,6.22,-0.2,144,16,8,"50.0%",0,0,3,0,"18.8%","2.1%",6.5,0,0
2557961,"CB","Quincy Wilson (IND)",13,282,"44.2%",0.98,2.61,-1.36,-0.84,0.57,0,1.1,2.87,-1.32,-1.02,120,15,14,"93.3%",0,0,0,1,"0.0%","0.8%",7.5,0,0
2560741,"CB","Holton Hill (MIN)",12,172,"33.3%",0.98,0.81,-0.55,1.33,-0.61,0,1.28,0.9,-0.27,1.27,52,1,0,"0.0%",0,0,1,0,"100.0%","1.9%",2,0,0
2507817,"SS","Rafael Bush (BUF)",14,250,"53.8%",0.95,-0.59,1.22,1.62,-1.3,0,2.34,-0.67,2.08,2.24,105,11,10,"90.9%",0,0,0,0,"0.0%","0.0%",5.5,0,0
2558819,"CB","Derrick Jones (NYJ)",1,17,"58.8%",0.92,0.79,-0.36,0.6,-0.11,0,1.36,0.82,0.09,0.56,10,2,2,"100.0%",0,0,0,0,"0.0%","0.0%",3,0,0
2552276,"OLB","Preston Smith (WAS)",16,482,"62.9%",0.92,-0.06,0.16,1.06,-0.24,0,0.76,-0.1,-0.05,1.15,21,3,2,"66.7%",0,0,0,0,"0.0%","0.0%",0.5,0,0
2553562,"DB","Dean Marlowe (BUF)",1,28,"100.0%",0.87,-0.17,1.26,0.06,-0.28,0,1.13,-0.07,1.43,0.05,10,2,1,"50.0%",0,0,1,0,"50.0%","10.0%",1,0,0
2533048,"OLB","Nick Perry (GB)",9,173,"91.7%",0.86,-0.11,1.08,0,-0.12,0,0.84,-0.11,1.07,0,9,1,1,"100.0%",0,0,0,0,"0.0%","0.0%",0,0,0
2560986,"LB","Jason Cabinda (OAK)",10,49,"88.9%",0.85,0.81,-0.38,0.85,-0.43,0,0.59,0.68,-0.48,0.82,35,4,3,"75.0%",0,0,0,0,"0.0%","0.0%",1,0,0
2552262,"SS","Quandre Diggs (DET)",16,541,"84.5%",0.83,-1.85,-3.66,0.59,5.99,-0.23,1.95,-1.92,-3.43,1.55,226,17,14,"82.4%",0,2,3,0,"17.6%","2.2%",15,0,1
2556711,"SS","Jarrod Wilson (JAX)",11,115,"85.4%",0.83,-0.09,1.47,0.39,-0.95,0,0.88,-0.14,1.59,0.38,39,2,1,"50.0%",0,0,0,0,"0.0%","0.0%",1,0,0
2557995,"FS","Marcus Maye (NYJ)",6,205,"96.0%",0.75,-1.28,-0.63,-0.59,3.84,-0.59,0.72,-1.05,-1.14,-0.36,98,4,3,"75.0%",0,1,1,0,"25.0%","2.0%",1,0,0
2559054,"ILB","Nicholas Morrow (OAK)",14,237,"77.8%",0.71,3.33,0.53,-2.54,-0.61,0,1.14,3.37,0.65,-2.27,135,10,9,"90.0%",0,0,1,1,"10.0%","1.5%",3.5,0,0
2558923,"LB","Riley Bullough (TB)",4,42,"90.3%",0.7,-0.34,0.61,-0.34,0.77,0,1.12,-0.33,0.71,-0.02,21,2,2,"100.0%",0,0,0,1,"0.0%","4.8%",1,0,0
2553817,"SS","Corey Moore (IND)",6,28,"85.2%",0.66,-0.55,-0.68,0.01,2.54,-0.65,0.64,-0.55,-0.69,0,14,1,1,"100.0%",0,1,0,0,"0.0%","7.1%",1,0,0
2557955,"CB","Teez Tabor (DET)",10,169,"41.5%",0.65,0.28,0.41,0.69,-0.73,0,0.32,0.19,0.28,0.58,61,6,5,"83.3%",0,0,0,0,"0.0%","0.0%",4.5,0,0
2535613,"ILB","L.J. Fort (PIT)",11,198,"83.5%",0.63,1.56,-0.89,0.99,-1.03,0,1.13,1.62,-0.22,0.77,81,14,12,"85.7%",0,0,0,0,"0.0%","0.0%",8,0,0
2539277,"MLB","Manti Te'o (NO)",5,70,"80.4%",0.61,0.04,1.22,-0.44,-0.21,0,0.35,-0.09,1.1,-0.45,32,6,6,"100.0%",0,0,0,1,"0.0%","3.1%",3.5,0,0
2559164,"CB","Michael Davis (LAC)",13,362,"35.9%",0.54,1.67,-0.44,0.67,-1.37,0,0.91,1.6,-0.3,0.98,114,6,4,"66.7%",0,0,2,0,"33.3%","1.8%",4.5,0,0
2556367,"CB","William Jackson (CIN)",16,601,"32.3%",0.5,-2.19,3.25,1.48,-2.05,0,0.94,-2.31,3.64,1.65,171,7,5,"71.4%",0,0,0,0,"0.0%","0.0%",3,0,0
2495136,"ILB","Bruce Carter (ATL)",7,43,"86.5%",0.47,0.45,-0.1,0.48,-0.34,0,0.39,0.38,-0.11,0.46,28,3,2,"66.7%",0,0,0,0,"0.0%","0.0%",2,0,0
2533016,"OLB","Najee Goode (IND)",6,36,"81.8%",0.46,-0.03,0.33,0.45,-0.29,0,0.42,-0.05,0.33,0.43,21,1,1,"100.0%",0,0,0,0,"0.0%","0.0%",0,0,0
2532974,"OLB","Kyle Wilber (OAK)",3,29,"100.0%",0.44,-0.07,0.38,0.16,-0.04,0,0.39,-0.09,0.38,0.15,4,1,0,"0.0%",0,0,0,0,"0.0%","0.0%",0.5,0,0
2555168,"MLB","Kentrell Brothers (MIN)",2,4,"100.0%",0.41,0.27,0.18,0,-0.03,0,0.38,0.24,0.17,0,3,1,0,"0.0%",0,0,0,0,"0.0%","0.0%",0,0,0
2543811,"CB","Pierre Desir (IND)",15,528,"33.6%",0.41,-0.12,2.58,-0.21,-1.84,0,1.2,-0.05,2.84,0.25,167,6,3,"50.0%",0,0,3,0,"50.0%","1.8%",6,0,0
2543738,"OLB","Kareem Martin (NYG)",16,317,"63.3%",0.4,0,0,0.4,0,0,0.43,0,0,0.43,17,0,0,"0.0%",0,0,0,0,"0.0%","0.0%",1,0,0
2561366,"LB","Frankie Luvu (NYJ)",14,275,"73.7%",0.38,0.37,-0.03,0.34,-0.3,0,1.33,0.37,0.63,0.63,25,2,2,"100.0%",0,0,0,0,"0.0%","0.0%",1.5,0,0
2560886,"DB","Greg Stroman (WAS)",12,261,"47.0%",0.37,1.64,2.92,-3.35,-1.27,0.42,0.93,1.91,3.02,-3.15,109,11,9,"81.8%",1,0,1,0,"18.2%","1.8%",7,0,0
2560766,"CB","Taron Johnson (BUF)",11,262,"50.4%",0.35,0.43,0.38,0.87,-1.34,0,1.03,0.48,0.61,1.27,123,3,3,"100.0%",0,0,0,0,"0.0%","0.0%",6.5,0,0
2561147,"CB","Cornell Armstrong (MIA)",6,42,"38.1%",0.34,0.44,0.02,0.06,-0.17,0,0.59,0.64,0.08,0.05,15,1,1,"100.0%",0,0,0,0,"0.0%","0.0%",1,0,0
2495493,"DE","Justin Houston (KC)",11,390,"79.0%",0.34,-0.13,-0.05,1.01,-0.48,0,0.25,-0.05,-0.36,1.14,42,2,1,"50.0%",0,0,0,0,"0.0%","0.0%",1.5,0,0
2560901,"DB","Kevin Toliver (CHI)",10,98,"43.8%",0.33,-0.2,-0.36,1.35,-0.45,0,1.45,0.22,0.1,1.57,38,7,6,"85.7%",0,0,1,0,"14.3%","2.6%",0,0,1
2541202,"CB","Marcus Cooper (CHI/DET)",4,28,"21.4%",0.33,0.2,0.61,-0.42,-0.06,0,0.49,0.2,0.75,-0.41,6,1,1,"100.0%",0,0,0,0,"0.0%","0.0%",1,1,0
2561316,"CB","Jalen Davis (MIA)",3,28,"42.3%",0.31,0.13,0.37,-0.07,-0.12,0,0.29,0.13,0.36,-0.08,11,1,1,"100.0%",0,0,0,0,"0.0%","0.0%",0,0,0
2555155,"SS","Deon Bush (CHI)",7,102,"97.0%",0.29,0.59,0.48,0.27,-1.04,0,0.24,0.54,0.38,0.36,55,4,3,"75.0%",0,0,0,0,"0.0%","0.0%",3,1,0
2552592,"MLB","Kwon Alexander (TB)",6,233,"79.6%",0.29,2.43,0.19,-0.73,-1.59,0,1.09,1.81,0.97,-0.1,129,14,12,"85.7%",0,0,2,0,"14.3%","1.6%",5.5,0,1
2550541,"OLB","Shaquil Barrett (DEN)",12,149,"60.9%",0.29,0,0,0.29,0,0,0.28,0,0,0.28,13,0,0,"0.0%",0,0,0,0,"0.0%","0.0%",1,0,0
2533059,"CB","Morris Claiborne (NYJ)",15,572,"32.9%",0.25,-3.17,-1.44,-0.51,5.28,0.09,0.61,-2.93,-0.8,-1.03,166,12,10,"83.3%",0,1,1,2,"8.3%","2.4%",6.5,0,0
2495807,"FS","Antoine Bethea (ARI)",16,567,"83.9%",0.22,-1.88,2.58,4.05,-4.53,0,2.54,-1.76,4.24,4.59,263,23,20,"87.0%",0,0,2,0,"8.7%","0.8%",18.5,0,0
2558166,"OLB","Tyus Bowser (BAL)",14,102,"81.0%",0.21,0.51,-0.12,0,-0.18,0,0.17,0.49,-0.13,0,14,1,1,"100.0%",0,0,0,0,"0.0%","0.0%",0,0,0
2552279,"OLB","Za'Darius Smith (BAL)",16,457,"93.8%",0.19,-0.19,-0.52,0.44,0.46,0,0.14,-0.22,-0.53,0.43,27,1,1,"100.0%",0,0,0,1,"0.0%","3.7%",1,0,0
2540013,"ILB","Will Compton (TEN)",5,38,"86.7%",0.19,0.19,0,0,0,0,0.35,0.19,0.17,0,16,0,0,"0.0%",0,0,0,0,"0.0%","0.0%",0,0,0
2560956,"DB","Marcus Allen (PIT)",2,13,"33.3%",0.18,0,0,0.18,0,0,0.47,0,0,0.47,3,0,0,"0.0%",0,0,0,0,"0.0%","0.0%",0.5,0,0
2540159,"MLB","Kevin Minter (TB)",4,9,"75.0%",0.18,0,0,0.18,0,0,0.22,0,0,0.22,5,0,0,"0.0%",0,0,0,0,"0.0%","0.0%",1,0,0
2560875,"LB","Andre Smith (CAR)",1,4,"100.0%",0.17,0.1,0.13,-0.02,-0.04,0,0.38,0.07,0.38,-0.03,4,1,1,"100.0%",0,0,0,0,"0.0%","0.0%",0.5,0,0
2552307,"ILB","Bryce Hager (LA)",8,40,"76.7%",0.16,0.04,0.45,-0.08,-0.25,0,0.14,0.01,0.44,-0.07,15,1,0,"0.0%",0,0,1,0,"100.0%","6.7%",1,0,0
2558821,"CB","Jamal Agnew (DET)",5,73,"35.2%",0.14,0.01,-0.46,0.86,-0.27,0,0.2,0,-0.39,0.86,24,1,1,"100.0%",0,0,0,0,"0.0%","0.0%",1,0,0
2552730,"ILB","Brian Peters (HOU)",5,33,"81.5%",0.13,0.09,-0.07,0.34,-0.24,0,0.21,0.09,-0.09,0.44,21,2,2,"100.0%",0,0,0,0,"0.0%","0.0%",1.5,0,0
2535867,"ILB","Julian Stanford (BUF)",5,44,"82.4%",0.12,-0.25,0,0.37,0,0,0.17,-0.18,-0.01,0.36,22,0,0,"0.0%",0,0,0,0,"0.0%","0.0%",1,0,0
2558830,"OLB","Samson Ebukam (LA)",16,382,"69.8%",0.11,0.06,0.4,0.05,-0.4,0,0.01,-0.12,0.49,0.04,35,1,0,"0.0%",0,0,0,0,"0.0%","0.0%",1,0,0
2543869,"OLB","Devon Kennard (DET)",15,479,"85.1%",0.09,0.12,-0.45,0.86,-0.43,0,-0.23,0,-0.51,0.7,36,3,3,"100.0%",0,0,0,0,"0.0%","0.0%",2,0,0
2543464,"ILB","C.J. Mosley (BAL)",15,548,"86.5%",0.09,0.13,0.93,0.69,-1.66,0,0.55,0.09,1.17,0.96,244,17,16,"94.1%",0,0,0,1,"0.0%","0.4%",13.5,0,0
2555171,"ILB","Tyler Matakevich (PIT)",3,29,"75.0%",0.08,0.15,-0.04,0.13,-0.16,0,0.16,0.2,-0.08,0.2,12,1,1,"100.0%",0,0,0,0,"0.0%","0.0%",1,0,0
2541539,"ILB","Daren Bates (TEN)",8,32,"78.3%",0.08,0.18,-0.09,0.19,-0.19,0,0.06,0.18,-0.1,0.18,12,1,1,"100.0%",0,0,0,0,"0.0%","0.0%",0,0,0
2558274,"FS","Shalom Luani (SEA)",2,8,"71.4%",0.06,0,0,0.06,0,0,0.06,0,0,0.06,4,0,0,"0.0%",0,0,0,0,"0.0%","0.0%",1,0,0
306,"CB","Dominique Rodgers-Cromartie (OAK)",5,67,"43.1%",0.06,-0.02,0.39,0,-0.3,0,0.37,-0.06,0.72,0.02,27,2,1,"50.0%",0,0,1,0,"50.0%","3.7%",0,0,0
2555381,"FS","DeAndre Houston-Carson (CHI)",8,36,"81.8%",0.04,0,0,0.04,0,0,0.03,0,0,0.03,16,0,0,"0.0%",0,0,0,0,"0.0%","0.0%",1,0,0
2556489,"OLB","James Burgess (CLE)",3,31,"83.3%",0.03,-1.14,1.55,-0.21,-0.16,0,0.37,-1.09,1.65,-0.03,15,2,1,"50.0%",0,0,0,0,"0.0%","0.0%",0,0,0
496937,"ILB","Sean Lee (DAL)",7,121,"77.8%",0.02,0.32,0.03,-0.54,0.2,0,0.35,0.2,0.47,-0.52,57,3,3,"100.0%",0,0,0,1,"0.0%","1.8%",2,0,0
2532861,"CB","Casey Hayward (LAC)",15,560,"32.3%",0.01,1,0.68,0.24,-1.91,0,1.23,1.37,1.26,0.51,153,6,4,"66.7%",0,0,2,0,"33.3%","1.3%",3,0,0
2559109,"CB","Deante Burton (ATL/HOU)",2,41,"40.0%",0.01,-0.03,-0.57,0.78,-0.17,0,0.24,-0.03,-0.4,0.84,14,1,1,"100.0%",0,0,0,0,"0.0%","0.0%",1,0,0
2558853,"CB","Mike Tyson (HOU)",5,103,"88.9%",0,0,0,0,0,0,0,0,0,0,34,0,0,"0.0%",0,0,0,0,"0.0%","0.0%",0,0,0
2532869,"FS","George Iloka (MIN)",5,80,"87.2%",0,0,0,0,0,0,0,0,0,0,36,0,0,"0.0%",0,0,0,0,"0.0%","0.0%",0,0,0
2543712,"SS","Terrence Brooks (NYJ)",3,44,"97.7%",0,0,0,0,0,0,0,0,0,0,20,0,0,"0.0%",0,0,0,0,"0.0%","0.0%",0,0,0
2541696,"S","Jordan Dangerfield (PIT)",4,33,"100.0%",0,0,0,0,0,0,0,0,0,0,9,0,0,"0.0%",0,0,0,0,"0.0%","0.0%",0,0,0
2552255,"CB","Eric Rowe (NE)",4,86,"36.6%",0,0,0,0,0,0,0,0,0,0,29,0,0,"0.0%",0,0,0,0,"0.0%","0.0%",0,0,0
2556512,"CB","Donte' Deayon (NYG)",4,70,"40.3%",0,0,0,0,0,0,0,0,0,0,26,0,0,"0.0%",0,0,0,0,"0.0%","0.0%",0,0,0
2560816,"ILB","Skai Moore (IND)",5,33,"92.9%",0,0,0,0,0,0,0,0,0,0,20,0,0,"0.0%",0,0,0,0,"0.0%","0.0%",0,0,0
2561207,"FS","Raven Greene (GB)",3,34,"82.8%",0,0,0,0,0,0,0,0,0,0,18,0,0,"0.0%",0,0,0,0,"0.0%","0.0%",0,0,0
2560921,"DB","Armani Watts (KC)",4,45,"56.1%",0,0,0,0,0,0,0,0,0,0,17,0,0,"0.0%",0,0,0,0,"0.0%","0.0%",0,0,0
2495190,"OLB","Ryan Kerrigan (WAS)",16,478,"80.8%",0,0,0,0,0,0,0,0,0,0,20,0,0,"0.0%",0,0,0,0,"0.0%","0.0%",0,0,0
2541431,"FS","Kemal Ishmael (ATL)",8,24,"79.2%",0,0,0,0,0,0,0,0,0,0,18,0,0,"0.0%",0,0,0,0,"0.0%","0.0%",0,0,0
2560784,"OLB","Harold Landry (TEN)",15,377,"80.0%",0,0,0,0,0,0,0,0,0,0,15,0,0,"0.0%",0,0,0,0,"0.0%","0.0%",0,0,0
2560881,"LB","Breeland Speaks (KC)",15,271,"94.1%",0,0,0,0,0,0,0,0,0,0,15,0,0,"0.0%",0,0,0,0,"0.0%","0.0%",0,0,0
2560963,"CB","Anthony Averett (BAL)",5,45,"36.4%",0,0,0,0,0,0,0,0,0,0,15,0,0,"0.0%",0,0,0,0,"0.0%","0.0%",0,0,0
2539219,"CB","Blidi Wreh-Wilson (ATL)",3,25,"58.3%",0,0,0,0,0,0,0,0,0,0,13,0,0,"0.0%",0,0,0,0,"0.0%","0.0%",0,0,0
2550365,"S","Kenny Ladler (NYG)",2,18,"82.4%",0,0,0,0,0,0,0,0,0,0,5,0,0,"0.0%",0,0,0,0,"0.0%","0.0%",0,0,0
2552301,"DE","Vic Beasley (ATL)",16,450,"77.8%",0,0,0,0,0,0,0,0,0,0,13,0,0,"0.0%",0,0,0,0,"0.0%","0.0%",0,0,0
2543724,"CB","Walt Aikens (MIA)",7,20,"72.2%",0,0,0,0,0,0,0,0,0,0,8,0,0,"0.0%",0,0,0,0,"0.0%","0.0%",0,0,0
2561015,"OLB","Lorenzo Carter (NYG)",15,295,"70.6%",0,0,0,0,0,0,0,0,0,0,12,0,0,"0.0%",0,0,0,0,"0.0%","0.0%",0,0,0
2561340,"CB","Tre Herndon (JAX)",4,47,"27.3%",0,0,0,0,0,0,0,0,0,0,12,0,0,"0.0%",0,0,0,0,"0.0%","0.0%",0,0,0
2555543,"FS","Keanu Neal (ATL)",1,24,"50.0%",0,0,0,0,0,0,0,0,0,0,5,0,0,"0.0%",0,0,0,0,"0.0%","0.0%",0,0,0
2559200,"LB","Joe Jones (DEN)",3,15,"91.7%",0,0,0,0,0,0,0,0,0,0,9,0,0,"0.0%",0,0,0,0,"0.0%","0.0%",0,0,0
2560826,"LB","Uchenna Nwosu (LAC)",15,176,"68.8%",0,0,0,0,0,0,0,0,0,0,10,0,0,"0.0%",0,0,0,0,"0.0%","0.0%",0,0,0
2553736,"DB","Denzel Rice (CLE)",1,21,"50.0%",0,0,0,0,0,0,0,0,0,0,10,0,0,"0.0%",0,0,0,0,"0.0%","0.0%",0,0,0
2558858,"CB","Joshua Holsey (WAS)",1,17,"58.8%",0,0,0,0,0,0,0,0,0,0,10,0,0,"0.0%",0,0,0,0,"0.0%","0.0%",0,0,0
2535693,"CB","Johnson Bademosi (HOU)",4,20,"50.0%",0,0,0,0,0,0,0,0,0,0,9,0,0,"0.0%",0,0,0,0,"0.0%","0.0%",0,0,0
2561157,"DB","Keion Crossen (NE)",6,33,"29.0%",0,0,0,0,0,0,0,0,0,0,9,0,0,"0.0%",0,0,0,0,"0.0%","0.0%",0,0,0
2552494,"DE","Eli Harold (DET)",11,122,"100.0%",0,0,0,0,0,0,0,0,0,0,7,0,0,"0.0%",0,0,0,0,"0.0%","0.0%",0,0,0
2541848,"OLB","Deon Lacey (BUF)",1,10,"77.8%",0,0,0,0,0,0,0,0,0,0,6,0,0,"0.0%",0,0,0,0,"0.0%","0.0%",0,0,0
2553722,"OLB","Matt Longacre (LA)",13,136,"100.0%",0,0,0,0,0,0,0,0,0,0,7,0,0,"0.0%",0,0,0,0,"0.0%","0.0%",0,0,0
71197,"OLB","Connor Barwin (NYG)",15,160,"75.0%",0,0,0,0,0,0,0,0,0,0,6,0,0,"0.0%",0,0,0,0,"0.0%","0.0%",0,0,0
79901,"CB","Vontae Davis (BUF)",1,16,"37.5%",0,0,0,0,0,0,0,0,0,0,5,0,0,"0.0%",0,0,0,0,"0.0%","0.0%",0,0,0
2495201,"OLB","Pernell McPhee (WAS)",13,123,"75.0%",0,0,0,0,0,0,0,0,0,0,5,0,0,"0.0%",0,0,0,0,"0.0%","0.0%",0,0,0
2534567,"MLB","Korey Toomer (GB)",3,10,"75.0%",0,0,0,0,0,0,0,0,0,0,5,0,0,"0.0%",0,0,0,0,"0.0%","0.0%",0,0,0
2555366,"CB","Deiondre' Hall (PHI)",4,7,"100.0%",0,0,0,0,0,0,0,0,0,0,1,0,0,"0.0%",0,0,0,0,"0.0%","0.0%",0,0,0
2559287,"LB","Isaiah Irving (CHI)",9,74,"85.7%",0,0,0,0,0,0,0,0,0,0,6,0,0,"0.0%",0,0,0,0,"0.0%","0.0%",0,0,0
2561644,"CB","Adonis Alexander (WAS)",2,9,"62.5%",0,0,0,0,0,0,0,0,0,0,4,0,0,"0.0%",0,0,0,0,"0.0%","0.0%",0,0,0
2533534,"DE","Olivier Vernon (NYG)",11,386,"66.7%",0,0,0,0,0,0,0,0,0,0,4,0,0,"0.0%",0,0,0,0,"0.0%","0.0%",0,0,0
2552321,"MLB","Stephone Anthony (MIA)",5,5,"80.0%",0,0,0,0,0,0,0,0,0,0,4,0,0,"0.0%",0,0,0,0,"0.0%","0.0%",0,0,0
2559037,"ILB","Ahmad Thomas (IND)",1,5,"100.0%",0,0,0,0,0,0,0,0,0,0,4,0,0,"0.0%",0,0,0,0,"0.0%","0.0%",0,0,0
2559356,"CB","Dominique Hatfield (LA)",3,6,"66.7%",0,0,0,0,0,0,0,0,0,0,1,0,0,"0.0%",0,0,0,0,"0.0%","0.0%",0,0,0
2560782,"LB","Micah Kiser (LA)",4,4,"100.0%",0,0,0,0,0,0,0,0,0,0,0,0,0,"0.0%",0,0,0,0,"0.0%","0.0%",0,0,0
2560818,"DB","Siran Neal (BUF)",3,5,"100.0%",0,0,0,0,0,0,0,0,0,0,1,0,0,"0.0%",0,0,0,0,"0.0%","0.0%",0,0,0
496814,"OLB","Albert McClellan (BAL/NE)",5,16,"75.0%",0,0,0,0,0,0,0,0,0,0,3,0,0,"0.0%",0,0,0,0,"0.0%","0.0%",0,0,0
2541135,"FS","Cody Davis (JAX)",1,3,"100.0%",0,0,0,0,0,0,0,0,0,0,2,0,0,"0.0%",0,0,0,0,"0.0%","0.0%",0,0,0
2553774,"OLB","Cameron Lynch (TB)",5,8,"75.0%",0,0,0,0,0,0,0,0,0,0,3,0,0,"0.0%",0,0,0,0,"0.0%","0.0%",0,0,0
2555178,"CB","Maurice Canady (BAL)",2,8,"37.5%",0,0,0,0,0,0,0,0,0,0,2,0,0,"0.0%",0,0,0,0,"0.0%","0.0%",0,0,0
2555294,"LB","Shilique Calhoun (OAK)",7,67,"75.0%",0,0,0,0,0,0,0,0,0,0,3,0,0,"0.0%",0,0,0,0,"0.0%","0.0%",0,0,0
2556550,"CB","Josh Hawkins (CAR/PHI)",2,5,"60.0%",0,0,0,0,0,0,0,0,0,0,2,0,0,"0.0%",0,0,0,0,"0.0%","0.0%",0,0,0
2557841,"OLB","Tim Williams (BAL)",7,83,"100.0%",0,0,0,0,0,0,0,0,0,0,3,0,0,"0.0%",0,0,0,0,"0.0%","0.0%",0,0,0
2557853,"OLB","Ryan Anderson (WAS)",13,97,"60.0%",0,0,0,0,0,0,0,0,0,0,3,0,0,"0.0%",0,0,0,0,"0.0%","0.0%",0,0,0
2558189,"DB","Obi Melifonwu (NE)",2,15,"27.3%",0,0,0,0,0,0,0,0,0,0,2,0,0,"0.0%",0,0,0,0,"0.0%","0.0%",0,0,0
2559043,"OLB","Chase Allen (MIA)",2,5,"75.0%",0,0,0,0,0,0,0,0,0,0,3,0,0,"0.0%",0,0,0,0,"0.0%","0.0%",0,0,0
2560976,"LB","Keishawn Bierria (DEN)",3,6,"50.0%",0,0,0,0,0,0,0,0,0,0,2,0,0,"0.0%",0,0,0,0,"0.0%","0.0%",0,0,0
2561283,"LB","Zeke Turner (ARI)",2,4,"100.0%",0,0,0,0,0,0,0,0,0,0,3,0,0,"0.0%",0,0,0,0,"0.0%","0.0%",0,0,0
2561301,"LB","Chris Board (BAL)",2,8,"100.0%",0,0,0,0,0,0,0,0,0,0,1,0,0,"0.0%",0,0,0,0,"0.0%","0.0%",0,0,0
2561394,"DB","Jeremy Reaves (WAS)",1,3,"100.0%",0,0,0,0,0,0,0,0,0,0,1,0,0,"0.0%",0,0,0,0,"0.0%","0.0%",0,0,0
2540291,"CB","Kayvon Webster (HOU)",2,6,"33.3%",0,0,0,0,0,0,0,0,0,0,2,0,0,"0.0%",0,0,0,0,"0.0%","0.0%",0,0,0
2543739,"CB","Dontae Johnson (BUF)",1,5,"50.0%",0,0,0,0,0,0,0,0,0,0,2,0,0,"0.0%",0,0,0,0,"0.0%","0.0%",0,0,0
2553545,"DB","Isaiah Johnson (LA)",1,5,"50.0%",0,0,0,0,0,0,0,0,0,0,2,0,0,"0.0%",0,0,0,0,"0.0%","0.0%",0,0,0
2556614,"LB","Cassanova McKinzy (WAS)",3,25,"66.7%",0,0,0,0,0,0,0,0,0,0,2,0,0,"0.0%",0,0,0,0,"0.0%","0.0%",0,0,0
2558165,"LB","Tarell Basham (NYJ)",7,52,"100.0%",0,0,0,0,0,0,0,0,0,0,2,0,0,"0.0%",0,0,0,0,"0.0%","0.0%",0,0,0
2560719,"CB","Brandon Facyson (LAC)",3,5,"40.0%",0,0,0,0,0,0,0,0,0,0,2,0,0,"0.0%",0,0,0,0,"0.0%","0.0%",0,0,0
2560815,"DB","Kam Moore (NYG)",2,5,"66.7%",0,0,0,0,0,0,0,0,0,0,2,0,0,"0.0%",0,0,0,0,"0.0%","0.0%",0,0,0
2560999,"LB","Shaquem Griffin (SEA)",3,4,"100.0%",0,0,0,0,0,0,0,0,0,0,1,0,0,"0.0%",0,0,0,0,"0.0%","0.0%",0,0,0
2561469,"CB","Darious Williams (LA)",1,2,"100.0%",0,0,0,0,0,0,0,0,0,0,1,0,0,"0.0%",0,0,0,0,"0.0%","0.0%",0,0,0
2495101,"OLB","Sam Acho (CHI)",2,13,"100.0%",0,0,0,0,0,0,0,0,0,0,1,0,0,"0.0%",0,0,0,0,"0.0%","0.0%",0,0,0
2495229,"MLB","Kelvin Sheppard (DET)",1,3,"50.0%",0,0,0,0,0,0,0,0,0,0,1,0,0,"0.0%",0,0,0,0,"0.0%","0.0%",0,0,0
2531080,"OLB","Ben Jacobs (CAR)",2,2,"100.0%",0,0,0,0,0,0,0,0,0,0,1,0,0,"0.0%",0,0,0,0,"0.0%","0.0%",0,0,0
2534741,"FS","Keith Tandy (ATL)",1,1,"100.0%",0,0,0,0,0,0,0,0,0,0,0,0,0,"0.0%",0,0,0,0,"0.0%","0.0%",0,0,0
2541756,"FS","Brynden Trawick (TEN)",2,2,"100.0%",0,0,0,0,0,0,0,0,0,0,0,0,0,"0.0%",0,0,0,0,"0.0%","0.0%",0,0,0
2541864,"OLB","Josh Martin (NYJ)",1,11,"33.3%",0,0,0,0,0,0,0,0,0,0,1,0,0,"0.0%",0,0,0,0,"0.0%","0.0%",0,0,0
2549896,"OLB","Marquis Flowers (DET)",1,3,"50.0%",0,0,0,0,0,0,0,0,0,0,1,0,0,"0.0%",0,0,0,0,"0.0%","0.0%",0,0,0
2555545,"S","Will Redmond (GB)",1,4,"100.0%",0,0,0,0,0,0,0,0,0,0,0,0,0,"0.0%",0,0,0,0,"0.0%","0.0%",0,0,0
2556588,"DE","Eric Lee (DET)",1,12,"100.0%",0,0,0,0,0,0,0,0,0,0,1,0,0,"0.0%",0,0,0,0,"0.0%","0.0%",0,0,0
2558241,"OLB","Blair Brown (JAX)",1,2,"100.0%",0,0,0,0,0,0,0,0,0,0,1,0,0,"0.0%",0,0,0,0,"0.0%","0.0%",0,0,0
2558303,"CB","Jeff Richards (LAC)",1,1,"100.0%",0,0,0,0,0,0,0,0,0,0,1,0,0,"0.0%",0,0,0,0,"0.0%","0.0%",0,0,0
2560724,"LB","Kylie Fitts (CHI)",4,41,"33.3%",0,0,0,0,0,0,0,0,0,0,1,0,0,"0.0%",0,0,0,0,"0.0%","0.0%",0,0,0
2560743,"LB","Jeff Holland (DEN)",3,17,"100.0%",0,0,0,0,0,0,0,0,0,0,1,0,0,"0.0%",0,0,0,0,"0.0%","0.0%",0,0,0
2560762,"LB","Malik Jefferson (CIN)",2,3,"100.0%",0,0,0,0,0,0,0,0,0,0,1,0,0,"0.0%",0,0,0,0,"0.0%","0.0%",0,0,0
2560897,"LB","Matthew Thomas (PIT)",1,4,"100.0%",0,0,0,0,0,0,0,0,0,0,1,0,0,"0.0%",0,0,0,0,"0.0%","0.0%",0,0,0
2561009,"DE","Marquis Haynes (CAR)",4,31,"100.0%",0,0,0,0,0,0,0,0,0,0,1,0,0,"0.0%",0,0,0,0,"0.0%","0.0%",0,0,0
2561022,"LB","Jack Cichy (TB)",1,3,"50.0%",0,0,0,0,0,0,0,0,0,0,1,0,0,"0.0%",0,0,0,0,"0.0%","0.0%",0,0,0
2561041,"CB","Dee Delaney (JAX)",1,1,"100.0%",0,0,0,0,0,0,0,0,0,0,1,0,0,"0.0%",0,0,0,0,"0.0%","0.0%",0,0,0
2561538,"DB","A.J. Moore (HOU)",1,1,"100.0%",0,0,0,0,0,0,0,0,0,0,1,0,0,"0.0%",0,0,0,0,"0.0%","0.0%",0,0,0
2561585,"DB","Dallin Leavitt (OAK)",1,1,"100.0%",0,0,0,0,0,0,0,0,0,0,1,0,0,"0.0%",0,0,0,0,"0.0%","0.0%",0,0,0
2550767,"CB","C.J. Goodwin (DAL)",1,2,"0.0%",0,0,0,0,0,0,0,0,0,0,0,0,0,"0.0%",0,0,0,0,"0.0%","0.0%",0,0,0
2539662,"DE","Lerentee McCray (JAX)",7,45,"0.0%",0,0,0,0,0,0,0,0,0,0,0,0,0,"0.0%",0,0,0,0,"0.0%","0.0%",0,0,0
2540219,"FS","J.J. Wilcox (IND/NYJ)",7,51,"77.8%",0,0.12,0.06,0.12,-0.3,0,-0.09,0.02,0.19,0,20,1,1,"100.0%",0,0,0,0,"0.0%","0.0%",1,0,0
2561328,"OLB","Sharif Finch (TEN)",15,101,"69.2%",0,0.23,0.15,-0.29,-0.1,0,-0.03,0.21,0.45,-0.59,8,2,2,"100.0%",0,0,0,0,"0.0%","0.0%",1,0,0
2543505,"CB","Bradley Roby (DEN)",14,517,"36.0%",-0.01,0.21,3.83,-2.08,-1.96,0,1.42,0.6,4.01,-1.23,163,15,12,"80.0%",0,0,2,0,"13.3%","1.2%",11,0,0
2561131,"FS","George Odum (IND)",9,116,"96.2%",-0.02,0.09,-0.93,-0.1,1.03,-0.12,0.01,0.04,-0.72,-0.22,67,4,4,"100.0%",0,1,0,1,"0.0%","3.0%",5,0,0
2535687,"SS","Michael Thomas (NYG)",16,317,"71.9%",-0.03,-0.22,-2.22,0.11,0.61,1.69,-0.08,-0.14,-2.35,0.11,132,13,9,"69.2%",0,1,2,0,"15.4%","2.3%",5,0,1
2553657,"OLB","Neville Hewitt (NYJ)",8,150,"68.3%",-0.04,-1.11,2.99,-1.02,-0.9,0,0.64,-1.03,3.73,-1.15,72,4,2,"50.0%",0,0,0,0,"0.0%","0.0%",3.5,0,0
2561033,"DB","Dane Cruikshank (TEN)",6,26,"100.0%",-0.05,0.07,0.04,0.13,-0.28,0,-0.17,0.07,-0.07,0.12,6,1,1,"100.0%",0,0,0,0,"0.0%","0.0%",1,0,0
2557924,"OLB","Jalen Reeves-Maybin (DET)",9,63,"73.9%",-0.07,0.14,0.03,0.13,-0.37,0,0.01,0.14,0.16,0.08,26,1,1,"100.0%",0,0,0,0,"0.0%","0.0%",1,0,0
2532804,"ILB","Zach Brown (WAS)",16,386,"84.3%",-0.08,1.14,-0.21,1.95,-2.95,0,1.09,1.39,0.62,2.04,207,21,17,"81.0%",0,0,1,0,"4.8%","0.5%",14,0,0
2550572,"ILB","Christian Jones (DET)",16,315,"82.7%",-0.1,-0.88,2.89,-1,-1.1,0,0.86,-0.85,3.63,-0.82,139,7,5,"71.4%",0,0,0,2,"0.0%","1.4%",4,0,0
2561143,"LB","Ja'Whaun Bentley (NE)",3,76,"61.1%",-0.1,0.02,0.19,0.04,-0.36,0,-0.07,-0.06,0.18,0.16,28,2,2,"100.0%",0,0,0,0,"0.0%","0.0%",1.5,0,0
2559293,"DB","Dymonte Thomas (DEN)",3,31,"93.1%",-0.12,0,0,-0.12,0,0,-0.22,0,0,-0.22,12,0,0,"0.0%",0,0,0,0,"0.0%","0.0%",0.5,0,0
2560764,"DB","Danny Johnson (WAS)",6,47,"52.3%",-0.14,-1.21,-0.6,0.68,1,0,1.67,-0.62,0.05,1.24,21,7,6,"85.7%",0,0,1,1,"14.3%","9.5%",5,0,0
2555177,"CB","Mackensie Alexander (MIN)",15,333,"46.4%",-0.15,2.18,2.02,-2.79,-1.55,0,-0.26,2.18,1.78,-2.66,137,10,7,"70.0%",0,0,1,0,"10.0%","0.7%",3.5,0,0
71423,"OLB","Brian Orakpo (TEN)",13,332,"81.6%",-0.15,0.33,-1.49,1.34,-0.33,0,-0.14,0.33,-1.43,1.29,26,2,2,"100.0%",0,0,0,0,"0.0%","0.0%",1.5,0,0
2556798,"CB","Kenneth Durden (TEN)",2,4,"75.0%",-0.16,0.12,-0.02,-0.23,-0.03,0,0,0.23,-0.18,-0.02,3,1,1,"100.0%",0,0,0,0,"0.0%","0.0%",0,0,0
2555307,"OLB","Devante Bond (TB)",10,87,"69.4%",-0.17,0.35,0.11,-0.26,-0.37,0,0.15,0.35,0.44,-0.27,32,1,1,"100.0%",0,0,0,0,"0.0%","0.0%",1,0,0
2550842,"SS","Adrian Phillips (LAC)",15,436,"84.5%",-0.18,1.1,2.55,-2.38,-1.45,-0.01,0.7,1.34,3.05,-2.24,278,15,7,"46.7%",1,0,5,2,"40.0%","2.9%",8,0,0
2558988,"CB","Lenzy Pipkins (IND)",1,42,"71.4%",-0.18,0.19,-0.01,-0.04,-0.32,0,0.16,0.19,0.32,-0.02,30,1,1,"100.0%",0,0,0,0,"0.0%","0.0%",1,0,0
2533049,"OLB","Whitney Mercilus (HOU)",16,485,"74.0%",-0.2,0.41,1.42,-1.19,-0.83,0,-0.59,0.45,1.03,-1.25,75,7,6,"85.7%",0,0,0,0,"0.0%","0.0%",2.5,0,0
2558786,"S","Brandon Wilson (CIN)",10,46,"47.4%",-0.2,0.53,-0.19,-0.34,-0.19,0,-0.2,0.38,-0.15,-0.24,16,2,2,"100.0%",0,0,0,0,"0.0%","0.0%",0.5,0,0
2543681,"CB","Kyle Fuller (CHI)",16,647,"38.5%",-0.21,-1.49,-1.11,0.39,1.75,0.24,0.87,-0.93,-0.93,0.75,221,26,20,"76.9%",1,1,3,1,"15.4%","2.7%",14.5,0,1
2560774,"LB","Peter Kalambayi (HOU)",4,17,"100.0%",-0.23,0.1,0.02,-0.21,-0.14,0,-0.28,0.07,0.01,-0.22,13,1,1,"100.0%",0,0,0,0,"0.0%","0.0%",0.5,0,0
496828,"OLB","Derrick Morgan (TEN)",13,294,"77.3%",-0.26,0.28,-0.19,-0.16,-0.18,0,-0.4,0.25,-0.3,-0.17,16,2,2,"100.0%",0,0,0,0,"0.0%","0.0%",1,0,0
2556542,"LB","Nicholas Grigsby (NE)",3,14,"100.0%",-0.27,0.11,0.25,-0.51,-0.12,0,-0.32,0.08,0.23,-0.51,10,1,1,"100.0%",0,0,0,0,"0.0%","0.0%",0,0,0
2552427,"CB","Tony Lippett (NYG)",2,21,"40.0%",-0.27,-0.19,0.21,-0.21,-0.09,0,-0.46,0.08,-0.24,-0.22,8,2,1,"50.0%",0,0,1,0,"50.0%","12.5%",1,0,0
2553441,"MLB","David Mayo (CAR)",7,62,"71.1%",-0.28,0.02,0.26,-0.21,-0.34,0,-0.29,0.02,0.25,-0.22,30,1,1,"100.0%",0,0,0,0,"0.0%","0.0%",0,0,0
2540197,"CB","Nickell Robey-Coleman (LA)",16,378,"52.0%",-0.31,0.58,-0.94,2.12,-2.07,0,1.29,0.56,0.24,2.56,188,10,10,"100.0%",0,0,0,0,"0.0%","0.0%",7.5,0,0
2539240,"SS","Micah Hyde (BUF)",15,479,"91.3%",-0.34,1.2,-3.02,1.14,0.11,0.23,0.58,1.08,-2.39,1.55,208,9,7,"77.8%",1,1,1,0,"22.2%","1.4%",3,0,1
2552259,"CB","Josh Shaw (KC/TB)",7,53,"75.5%",-0.34,0.09,0.61,-0.63,-0.4,0,-0.05,0.07,0.96,-0.68,21,3,2,"66.7%",0,0,0,0,"0.0%","0.0%",3.5,0,0
2506353,"ILB","Derrick Johnson (OAK)",6,94,"88.3%",-0.34,0.86,-0.88,0.41,-0.73,0,0.02,0.76,-0.56,0.55,57,3,3,"100.0%",0,0,0,0,"0.0%","0.0%",2.5,0,0
2507843,"OLB","Vincent Rey (CIN)",8,74,"67.8%",-0.36,-0.39,1.48,-1.02,-0.43,0,-0.13,-0.33,1.58,-0.95,38,2,1,"50.0%",0,0,0,0,"0.0%","0.0%",1,0,0
2508084,"CB","Patrick Robinson (NO)",3,66,"59.4%",-0.36,0.05,0.08,-0.08,-0.41,0,-0.36,-0.03,-0.03,0.1,38,1,1,"100.0%",0,0,0,0,"0.0%","0.0%",1,0,0
2560750,"LB","Joel Iyiegbuniwe (CHI)",4,20,"83.3%",-0.36,0.13,-0.18,-0.21,-0.11,0,-0.23,0.17,-0.23,-0.07,10,1,1,"100.0%",0,0,0,0,"0.0%","0.0%",1,0,0
2552265,"CB","Steven Nelson (KC)",15,659,"35.2%",-0.38,0.43,-2.08,-0.56,0.73,1.1,1.44,1.17,-1.06,-0.49,199,16,12,"75.0%",0,1,3,0,"18.8%","2.0%",9,0,0
2540287,"FS","Rontez Miles (NYJ)",4,49,"95.6%",-0.39,0.13,0.11,-0.15,-0.47,0,-0.25,0.2,0.37,-0.34,19,1,1,"100.0%",0,0,0,0,"0.0%","0.0%",1,0,0
2543637,"CB","Terrance Mitchell (CLE)",8,265,"49.0%",-0.4,0.09,0.15,0.74,-1.37,0,0.1,0.23,0.42,0.83,122,16,13,"81.2%",1,0,2,0,"18.8%","2.5%",13,0,0
2495281,"ILB","Mason Foster (WAS)",16,585,"86.5%",-0.42,3.35,1.77,-4.81,-0.93,0.2,-1.28,2.32,2.16,-5.03,302,35,31,"88.6%",0,1,1,0,"2.9%","0.7%",21,0,0
2558174,"S","Rudy Ford (ARI)",4,34,"100.0%",-0.46,0.15,0.1,-0.35,-0.36,0,-0.57,0.22,-0.01,-0.44,14,1,1,"100.0%",0,0,0,0,"0.0%","0.0%",0,0,0
2561278,"CB","Tavierre Thomas (CLE)",1,8,"50.0%",-0.47,-0.02,-0.15,-0.26,-0.04,0,-0.22,0.03,0.04,-0.24,4,1,1,"100.0%",0,0,0,0,"0.0%","0.0%",0,0,0
2552684,"MLB","Mark Nzeocha (SF)",8,55,"72.5%",-0.48,0.1,-0.21,-0.07,-0.31,0,-0.54,0.08,-0.22,-0.08,29,1,1,"100.0%",0,0,0,0,"0.0%","0.0%",0.5,0,0
2550605,"CB","Marcus Williams (CHI/TB)",3,21,"47.6%",-0.48,0.2,-1.03,0.45,-0.11,0,-0.5,0.24,-1.09,0.46,10,2,2,"100.0%",0,0,0,0,"0.0%","0.0%",2,0,0
2556394,"CB","Chris Milton (IND)",3,38,"31.4%",-0.5,0.34,-0.4,-0.32,-0.12,0,-0.62,0.36,-0.53,-0.34,11,2,2,"100.0%",0,0,0,0,"0.0%","0.0%",1,0,0
2553790,"CB","DeVante Bausby (PHI)",4,90,"38.2%",-0.52,-0.18,0.39,-0.37,-0.37,0,-0.57,-0.17,0.35,-0.38,28,2,2,"100.0%",0,0,0,0,"0.0%","0.0%",2,0,0
2532789,"ILB","Mark Barron (LA)",12,279,"74.2%",-0.53,0.05,3.54,-2.21,-1.92,0,0.18,0.01,4.16,-2.07,155,10,7,"70.0%",0,0,0,0,"0.0%","0.0%",5,0,0
2499278,"OLB","Malcolm Smith (SF)",12,179,"77.2%",-0.54,-0.65,0.11,1.03,-1.02,0,-0.46,-0.82,-0.06,1.45,81,5,4,"80.0%",0,0,0,0,"0.0%","0.0%",1,0,0
2556371,"CB","Brandon Williams (ARI)",2,43,"41.9%",-0.56,-0.28,-0.22,0.12,-0.19,0,-0.38,-0.28,-0.12,0.2,17,1,1,"100.0%",0,0,0,0,"0.0%","0.0%",1,0,0
2505660,"OLB","Terrell Suggs (BAL)",16,478,"89.1%",-0.59,0.25,0.06,-0.45,-0.44,0,-0.53,0.11,0.04,-0.23,35,2,2,"100.0%",0,0,0,0,"0.0%","0.0%",1,0,0
2556641,"DE","Romeo Okwara (DET)",15,395,"90.9%",-0.6,0.33,-0.46,-0.26,-0.22,0,-0.69,0.24,-0.35,-0.36,19,2,2,"100.0%",0,0,0,0,"0.0%","0.0%",1,0,0
2560887,"CB","Chandon Sullivan (PHI)",4,47,"55.3%",-0.61,0.35,0.34,-1.01,-0.28,0,-0.69,0.34,0.32,-1.06,24,1,1,"100.0%",0,0,0,0,"0.0%","0.0%",1,0,0
2552605,"FS","Ibraheim Campbell (DAL/GB)",4,66,"89.2%",-0.62,0.33,-0.23,-0.09,-0.62,0,0.01,0.4,0.27,-0.04,31,3,3,"100.0%",0,0,0,0,"0.0%","0.0%",3,0,0
2543563,"ILB","Kevin Pierre-Louis (NYJ)",5,31,"41.2%",-0.63,-0.19,-0.42,0.05,-0.08,0,-0.68,-0.22,-0.43,0.04,6,1,1,"100.0%",0,0,0,0,"0.0%","0.0%",1,0,0
2558289,"LB","Tanner Vallejo (CLE)",6,76,"82.0%",-0.65,0.97,-1.05,-0.03,-0.54,0,-0.96,1.18,-1.6,-0.01,41,5,4,"80.0%",0,0,0,0,"0.0%","0.0%",0.5,0,0
2555552,"CB","Ryan Smith (TB)",12,261,"44.7%",-0.65,0.46,2.18,-2.07,-1.23,0,1.32,0.14,3.98,-1.58,103,14,11,"78.6%",0,0,2,0,"14.3%","1.9%",5.5,0,0
2555156,"SS","Jayron Kearse (MIN)",13,90,"49.4%",-0.66,0.05,-0.62,0.35,-0.44,0,-0.22,-0.06,-0.23,0.5,36,7,7,"100.0%",0,0,0,0,"0.0%","0.0%",3,0,0
2539653,"CB","Robert Alford (ATL)",15,554,"30.7%",-0.69,1.5,-0.36,-0.04,-1.8,0,0.15,2.09,-0.32,0.18,157,13,8,"61.5%",0,0,3,0,"23.1%","1.9%",3,0,0
2560839,"CB","Darius Phillips (CIN)",10,138,"43.3%",-0.7,0.3,0.3,-0.67,-0.62,0,-0.88,0.19,0.17,-0.61,55,3,3,"100.0%",0,0,0,0,"0.0%","0.0%",4,1,0
2560964,"LB","Genard Avery (CLE)",16,462,"71.4%",-0.71,0.27,-0.53,0.2,-0.65,0,-0.8,0.35,-0.51,0.01,52,2,2,"100.0%",0,0,0,0,"0.0%","0.0%",0,0,0
2543608,"CB","Dexter McDougle (PHI)",2,81,"47.4%",-0.74,-0.03,-0.06,-0.26,-0.39,0,-0.67,-0.03,-0.03,-0.22,35,2,2,"100.0%",0,0,0,0,"0.0%","0.0%",1,0,0
2559012,"OLB","Eric Wilson (MIN)",12,167,"73.6%",-0.74,3,-1.49,-1.29,-0.96,0,-0.58,2.73,-1.58,-0.77,78,8,8,"100.0%",0,0,0,0,"0.0%","0.0%",3,0,0
2555345,"DB","Su'a Cravens (DEN)",5,85,"62.5%",-0.76,0.2,0.22,-0.64,-0.54,0,-0.14,0.29,0.69,-0.58,43,2,2,"100.0%",0,0,0,0,"0.0%","0.0%",2,0,1
2541958,"SS","Jahleel Addae (LAC)",15,565,"97.6%",-0.76,-1.38,0.62,0.44,-0.44,0,-0.09,-1.45,0.92,0.89,262,8,7,"87.5%",0,0,0,2,"0.0%","0.8%",5,0,0
2555310,"MLB","Jaylon Smith (DAL)",16,562,"81.8%",-0.77,1.45,-0.47,-0.45,-1.3,0,-1.48,0.99,-0.05,-1.11,302,20,17,"85.0%",0,0,1,1,"5.0%","0.7%",13,1,0
2550565,"MLB","Adarius Taylor (TB)",15,306,"75.6%",-0.77,0.57,-1.38,-0.34,0.38,0,-0.77,0.66,-1.22,-0.59,153,11,11,"100.0%",0,0,0,2,"0.0%","1.3%",6.5,1,0
2495339,"SS","Da'Norris Searcy (CAR)",2,37,"91.9%",-0.78,-0.12,-0.27,-0.02,-0.37,0,-0.7,-0.12,-0.2,-0.02,15,1,1,"100.0%",0,0,0,0,"0.0%","0.0%",1,0,0
2556652,"CB","Lafayette Pitts (BUF)",5,52,"40.4%",-0.79,0.14,0.1,-0.8,-0.23,0,-0.52,0.14,0.09,-0.52,20,1,1,"100.0%",0,0,0,0,"0.0%","0.0%",0,0,0
2556775,"ILB","Terrance Smith (KC)",6,117,"76.8%",-0.8,0.13,-0.61,0.47,-0.79,0,-0.96,0.08,-0.61,0.37,66,4,3,"75.0%",0,0,0,0,"0.0%","0.0%",0,0,1
2543643,"SS","Nat Berhe (PIT)",2,27,"56.5%",-0.83,-0.02,-0.27,-0.4,-0.14,0,-0.8,-0.02,-0.23,-0.41,13,1,1,"100.0%",0,0,0,0,"0.0%","0.0%",1,0,0
2552317,"MLB","Mike Hull (MIA)",2,20,"81.8%",-0.84,-0.17,-0.2,-0.38,-0.1,0,-0.89,-0.2,-0.21,-0.38,9,1,1,"100.0%",0,0,0,0,"0.0%","0.0%",1,0,0
2558851,"ILB","Anthony Walker (IND)",15,353,"75.6%",-0.88,0.41,0.75,0.72,-0.93,-1.83,0.1,0.2,1.85,0.82,193,17,13,"76.5%",1,0,2,1,"17.6%","2.1%",7,0,1
2543699,"OLB","Kyle Van Noy (NE)",16,591,"79.0%",-0.9,1.18,0.33,-0.47,-1.94,0,-1.21,0.36,0.37,0,164,14,14,"100.0%",0,0,0,0,"0.0%","0.0%",9.5,0,0
2532431,"OLB","Craig Robertson (NO)",7,52,"68.3%",-0.91,-0.16,-0.54,0.09,-0.3,0,-0.86,-0.13,-0.51,0.08,28,1,1,"100.0%",0,0,0,0,"0.0%","0.0%",0.5,0,0
2532878,"CB","Leonard Johnson (ARI)",3,61,"49.0%",-0.97,0.35,0.15,-1.2,-0.27,0,-0.21,0.36,0.26,-0.56,25,2,2,"100.0%",0,0,0,0,"0.0%","0.0%",3,0,0
2536032,"OLB","Emmanuel Lamur (OAK)",8,44,"61.5%",-0.98,-0.09,-0.23,-0.4,-0.26,0,-0.98,-0.17,-0.33,-0.22,19,1,1,"100.0%",0,0,0,0,"0.0%","0.0%",0,0,0
2560947,"LB","Kenny Young (BAL)",16,205,"78.2%",-1.02,0.4,0.6,-1.02,-1,0,-0.83,0.44,0.45,-0.72,77,5,4,"80.0%",0,0,0,0,"0.0%","0.0%",1,0,0
2557837,"OLB","Reuben Foster (SF)",6,198,"80.4%",-1.04,1.36,3.08,-4.19,-1.28,0,0.6,1.54,4.14,-3.8,102,9,8,"88.9%",0,0,0,0,"0.0%","0.0%",3,0,0
2559181,"DB","Justin Hardee (NO)",5,49,"36.7%",-1.07,0.12,0.43,-1.43,-0.19,0,-1.3,0.1,0.41,-1.61,15,3,3,"100.0%",0,0,0,0,"0.0%","0.0%",2,0,0
2560775,"DB","Rashaan Gaulden (CAR)",11,80,"92.1%",-1.09,0.45,0.2,-1.72,-0.02,0,-1.08,0.51,0.09,-1.66,41,1,1,"100.0%",0,0,0,1,"0.0%","2.4%",0,0,0
2556587,"CB","Cre'von LeBlanc (DET/PHI)",8,264,"47.8%",-1.11,-0.51,0.33,0.38,-1.31,0,-0.53,-0.7,0.9,0.59,120,5,4,"80.0%",0,0,1,0,"20.0%","0.8%",4.5,0,0
2561383,"LB","Ben Niemann (KC)",6,23,"81.8%",-1.11,0.09,-0.43,-0.58,-0.19,0,-1.03,0.02,-0.28,-0.57,16,1,1,"100.0%",0,0,0,0,"0.0%","0.0%",0,0,0
2556537,"LB","Reggie Gilbert (GB)",16,264,"80.0%",-1.12,-0.29,-0.18,-0.43,-0.22,0,-1.16,-0.29,-0.2,-0.46,18,2,2,"100.0%",0,0,0,0,"0.0%","0.0%",2,0,0
2556655,"DB","Tyvis Powell (SF)",4,53,"71.4%",-1.17,0.17,0.13,-1.1,-0.38,0,-1.15,0.17,0.12,-1.06,26,1,1,"100.0%",0,0,0,0,"0.0%","0.0%",2,0,0
2561003,"LB","Shaun Dion Hamilton (WAS)",5,51,"82.0%",-1.19,0.26,-1.01,-0.09,-0.34,0,-1.42,0.16,-1.05,-0.19,24,1,1,"100.0%",0,0,0,0,"0.0%","0.0%",0,0,0
2558060,"FS","Malik Hooker (IND)",14,516,"98.8%",-1.2,0.97,-3.82,-0.22,4.14,-2.26,-1.02,0.83,-3.58,-0.15,209,6,5,"83.3%",0,2,1,1,"16.7%","1.9%",3.5,0,0
2539937,"SS","Shamarko Thomas (DEN)",2,15,"100.0%",-1.2,1.01,-2.06,0,-0.15,0,-1.12,1.01,-1.98,0,6,1,1,"100.0%",0,0,0,0,"0.0%","0.0%",0,0,0
2560718,"LB","Rashaan Evans (TEN)",14,257,"91.3%",-1.21,-0.94,1.17,0.04,-1.48,0,-1.24,-1.07,1.29,0.01,103,4,3,"75.0%",0,0,1,0,"25.0%","1.0%",1.5,0,0
2552315,"MLB","Jordan Hicks (PHI)",12,461,"85.8%",-1.22,3.7,-1.56,-2.86,-0.5,0,-0.36,3.71,-0.88,-2.68,261,13,10,"76.9%",0,0,2,2,"15.4%","1.5%",12,0,0
2540221,"ILB","Vince Williams (PIT)",14,427,"73.2%",-1.23,-0.09,2.11,-1.28,-1.97,0,-1.02,-0.29,2.74,-1.5,157,13,11,"84.6%",0,0,1,0,"7.7%","0.6%",5.5,0,0
2560758,"LB","Leon Jacobs (JAX)",12,53,"50.0%",-1.25,0.41,-1.49,0,-0.17,0,-1.28,0.38,-1.5,0,13,1,1,"100.0%",0,0,0,0,"0.0%","0.0%",0,0,0
2507917,"CB","Tramaine Brock (DEN)",11,259,"43.0%",-1.26,-1.59,0.96,0.52,-1.15,0,-0.71,-1.41,1.01,0.83,92,5,4,"80.0%",0,0,0,0,"0.0%","0.0%",3,0,1
2555380,"CB","Cyrus Jones (BAL/NE)",4,8,"100.0%",-1.31,-0.25,-0.63,-0.34,-0.09,0,-1.54,-0.33,-0.84,-0.29,7,1,1,"100.0%",0,0,0,0,"0.0%","0.0%",0,0,0
4365,"CB","Brandon Carr (BAL)",16,556,"41.6%",-1.34,-1.05,2.82,-0.93,-2.18,0,-0.37,-0.81,3.33,-0.72,187,11,9,"81.8%",0,0,0,0,"0.0%","0.0%",9,0,1
2555546,"CB","Rashard Robinson (NYJ)",4,49,"42.2%",-1.36,-0.72,-0.5,0.07,-0.2,0,-0.7,-0.62,0.03,0.1,15,3,3,"100.0%",0,0,0,0,"0.0%","0.0%",2,0,0
2543741,"FS","Jimmie Ward (SF)",8,237,"63.2%",-1.38,-0.7,1.93,-1.01,-1.59,0,-0.89,-0.34,1.78,-0.74,85,4,3,"75.0%",0,0,0,0,"0.0%","0.0%",3,0,0
2553719,"OLB","Josh Keyes (HOU)",1,16,"92.3%",-1.39,-0.59,-0.64,-0.02,-0.13,0,-1.55,-0.57,-0.82,-0.03,12,1,1,"100.0%",0,0,0,0,"0.0%","0.0%",0,0,0
2558062,"CB","Gareon Conley (OAK)",14,346,"32.3%",-1.42,1.98,-6.56,-8.15,8.29,3.03,-0.19,2.15,-6.08,-7.58,102,10,10,"100.0%",0,2,0,0,"0.0%","2.0%",5.5,0,0
2552391,"FS","Jaquiski Tartt (SF)",7,212,"82.9%",-1.42,3.19,-1.68,-1.21,-1.72,0,-1.78,3.01,-1.84,-1.23,119,8,7,"87.5%",0,0,0,0,"0.0%","0.0%",6,0,0
80431,"OLB","Clay Matthews (GB)",16,424,"74.4%",-1.42,0.22,-0.48,-0.81,-0.34,0,-0.88,0.29,0,-0.83,29,2,2,"100.0%",0,0,0,0,"0.0%","0.0%",1.5,0,0
2555551,"CB","LeShaun Sims (TEN)",12,120,"48.6%",-1.52,-0.8,-0.42,0.28,-0.58,0,-1.59,-0.83,-0.44,0.25,45,2,2,"100.0%",0,0,0,0,"0.0%","0.0%",3,0,0
494289,"CB","Sherrick McManis (CHI)",15,180,"47.1%",-1.54,-0.44,-1.45,-0.77,1.25,-0.12,-0.28,-0.37,-0.5,-0.54,70,6,6,"100.0%",0,1,0,0,"0.0%","1.4%",6,0,0
2555378,"CB","Tavon Young (BAL)",15,401,"50.5%",-1.56,2.28,-0.68,-1.29,-1.7,-0.16,0.1,3,0.24,-1.28,151,14,11,"78.6%",1,0,1,0,"14.3%","1.3%",10,0,0
2561149,"ILB","Matthew Adams (IND)",12,82,"66.0%",-1.56,-0.11,-0.64,-0.46,-0.36,0,-1.64,-0.13,-0.65,-0.51,29,3,3,"100.0%",0,0,0,0,"0.0%","0.0%",1,0,0
2552484,"CB","P.J. Williams (NO)",15,483,"44.3%",-1.6,0.7,-1.3,1.11,-2.11,0,-0.11,0.5,-0.09,1.59,191,23,17,"73.9%",0,0,3,0,"13.0%","1.6%",7.5,1,3
2557980,"FS","Jabrill Peppers (CLE)",16,446,"74.8%",-1.61,-0.15,0.94,-4.97,2.48,0.09,-0.58,-0.13,1.42,-4.44,167,17,14,"82.4%",0,1,1,1,"5.9%","1.8%",9,0,0
2508007,"CB","Marcus Sherels (MIN)",2,16,"31.2%",-1.62,-0.3,0.06,-1.32,-0.05,0,-0.95,-0.3,0.43,-1.02,5,1,1,"100.0%",0,0,0,0,"0.0%","0.0%",0,0,0
2495617,"CB","Leon Hall (OAK)",10,208,"50.0%",-1.62,0.45,-0.62,-0.43,-1.02,0,-1.06,0.52,-0.35,-0.2,93,2,2,"100.0%",0,0,0,0,"0.0%","0.0%",1.5,0,0
2560714,"LB","Duke Ejiofor (HOU)",12,125,"70.0%",-1.62,0.12,-1.41,-0.26,-0.08,0,-1.41,0.01,-0.97,-0.37,5,1,1,"100.0%",0,0,0,0,"0.0%","0.0%",0.5,0,0
2530491,"ILB","Josh Bynes (ARI)",11,370,"79.8%",-1.63,1.9,-1.61,-2.05,0.13,0,-0.95,1.71,-0.76,-2.03,186,19,18,"94.7%",0,0,1,2,"5.3%","1.6%",11.5,0,0
2555288,"ILB","Nick Kwiatkoski (CHI)",9,75,"74.6%",-1.65,0.17,-0.37,-1,-0.44,0,-1.6,0.14,-0.29,-1.01,34,3,3,"100.0%",0,0,0,0,"0.0%","0.0%",2,0,0
2555344,"CB","Artie Burns (PIT)",8,181,"36.2%",-1.65,0.18,-0.86,-0.28,-0.69,0,-1.27,0.69,-1.09,-0.17,61,6,5,"83.3%",0,0,1,0,"16.7%","1.6%",4,0,1
2557931,"CB","Cordrea Tankersley (MIA)",1,13,"53.8%",-1.68,0.42,-1.53,-0.5,-0.08,0,-0.94,0.35,-0.93,-0.29,7,2,2,"100.0%",0,0,0,0,"0.0%","0.0%",1,0,0
2559087,"CB","Arthur Maulet (IND)",4,61,"39.3%",-1.71,-0.1,-0.03,-1.32,-0.26,0,-1.75,-0.12,0.03,-1.4,23,2,2,"100.0%",0,0,0,0,"0.0%","0.0%",1.5,0,0
2557887,"ILB","Haason Reddick (ARI)",16,444,"72.8%",-1.74,-1.17,3.97,-2.37,-2.17,0,-0.41,-1.06,3.74,-0.92,190,11,9,"81.8%",0,0,1,0,"9.1%","0.5%",8.5,0,0
2560822,"CB","Parry Nickerson (NYJ)",7,147,"54.0%",-1.77,0.02,0.08,-1.06,-0.81,0,-1.08,0.1,0.53,-0.89,73,2,2,"100.0%",0,0,0,0,"0.0%","0.0%",2.5,0,0
71251,"SS","Patrick Chung (NE)",15,561,"54.5%",-1.77,-1.86,0.57,2.17,-2.68,0.04,-2.03,-1.88,-0.07,2.56,202,16,15,"93.8%",1,0,0,0,"6.2%","0.5%",14,0,0
2532875,"CB","Janoris Jenkins (NYG)",16,602,"43.6%",-1.81,-2.56,1.91,0.41,-2.78,1.22,0.73,-1.86,3.23,0.92,226,22,18,"81.8%",1,0,0,0,"4.6%","0.4%",13.5,0,1
2533060,"CB","Dre Kirkpatrick (CIN)",13,458,"34.3%",-1.81,-1.29,0.68,0.45,-1.66,0,-1.93,-1.22,0.53,0.42,139,13,9,"69.2%",0,0,2,0,"15.4%","1.4%",4,0,1
2555530,"FS","Vonn Bell (NO)",16,499,"75.9%",-1.84,2.14,-0.51,0.19,-3.66,0,-1.1,1.97,-0.06,0.66,251,18,14,"77.8%",0,0,1,0,"5.6%","0.4%",11.5,0,0
2558108,"CB","Nate Hairston (IND)",10,238,"40.8%",-1.85,1.45,-0.65,-1.67,-0.98,0,-2.34,1.37,-0.81,-1.91,90,4,3,"75.0%",0,0,0,0,"0.0%","0.0%",2.5,0,0
2553456,"CB","Akeem King (SEA)",8,91,"45.8%",-1.86,1.12,-2.38,-0.19,-0.41,0,-1.35,1.1,-1.93,-0.12,36,3,3,"100.0%",0,0,0,0,"0.0%","0.0%",3,0,0
2495343,"CB","Buster Skrine (NYJ)",14,401,"48.5%",-1.86,0.49,0.2,-1.48,-1.07,0,-1.7,0.25,0.03,-0.91,173,13,11,"84.6%",0,0,1,1,"7.7%","1.2%",7,0,0
2543459,"OLB","Anthony Barr (MIN)",12,378,"78.4%",-1.87,0.71,-1.51,1.12,-2.19,0,-1.39,0.56,-1.08,1.31,185,8,8,"100.0%",0,0,0,0,"0.0%","0.0%",5,0,0
2558159,"FS","Xavier Woods (DAL)",14,513,"97.6%",-1.92,-1.67,-2.21,-2.85,4.61,0.2,-0.62,-1.59,-1.24,-2.61,226,18,15,"83.3%",0,2,3,3,"16.7%","3.5%",9,0,0
496723,"SS","Eric Berry (KC)",2,50,"84.1%",-1.95,-1.17,-0.66,0.28,-0.4,0,-1.63,-1.25,-0.26,0.27,16,2,2,"100.0%",0,0,0,0,"0.0%","0.0%",2,0,0
2552313,"MLB","Hayes Pullard (LAC)",6,40,"85.7%",-2,0.22,-1.82,-0.08,-0.32,0,-2.36,0.02,-1.91,-0.14,23,3,3,"100.0%",0,0,0,0,"0.0%","0.0%",3,0,0
2533008,"ILB","Demario Davis (NO)",16,545,"80.8%",-2.01,1.31,0.74,-1.31,-2.75,0,-1.54,0.58,1.63,-1,270,21,21,"100.0%",0,0,0,1,"0.0%","0.4%",15.5,0,0
2555160,"ILB","Antonio Morrison (GB)",16,119,"90.4%",-2.08,0.41,-1.2,-0.48,-0.81,0,-2.17,0.28,-1.23,-0.42,62,5,5,"100.0%",0,0,0,0,"0.0%","0.0%",1.5,0,0
2533058,"OLB","Vontaze Burfict (CIN)",7,157,"77.0%",-2.09,1.01,-1.5,-1.07,-0.53,0,-0.57,1.13,-1.07,-0.1,95,11,10,"90.9%",0,0,1,1,"9.1%","2.1%",4,0,0
2543501,"CB","Aaron Colvin (HOU)",8,220,"47.6%",-2.12,-1.5,-0.57,1.04,-1.08,0,-2.27,-1.67,-0.54,1.03,99,5,3,"60.0%",0,0,0,0,"0.0%","0.0%",0.5,0,0
2543851,"CB","Phillip Gaines (BUF/CLE)",9,214,"36.1%",-2.19,-1.52,0.56,-0.43,-0.8,0,-1.5,-1.12,1.22,-0.8,72,6,5,"83.3%",0,0,1,0,"16.7%","1.4%",4,0,0
2532877,"CB","Trumaine Johnson (NYJ)",10,379,"43.1%",-2.27,0.37,-1.89,-1.21,0.51,-0.04,-0.93,0.96,-1.96,-0.39,136,12,11,"91.7%",0,1,0,0,"0.0%","0.7%",9.5,0,0
2558849,"CB","Cameron Sutton (PIT)",10,175,"38.7%",-2.32,-1.64,-3.24,3.18,-0.62,0,-1.45,-1.63,-2.61,3.41,54,5,4,"80.0%",0,0,0,0,"0.0%","0.0%",2,0,0
2560984,"LB","Oren Burks (GB)",10,69,"68.6%",-2.32,-0.49,-0.25,-1.2,-0.38,0,-2.32,-0.57,-0.44,-0.94,27,1,1,"100.0%",0,0,0,0,"0.0%","0.0%",2,0,0
2533542,"CB","Josh Robinson (NO)",3,19,"55.6%",-2.34,-2.34,0,0,0,0,-2.34,-2.34,0,0,10,0,0,"0.0%",0,0,0,0,"0.0%","0.0%",0,0,0
2539311,"OLB","Jamie Collins (CLE)",16,599,"79.5%",-2.35,-0.88,1.6,0.3,-3.34,-0.03,-1.61,-1.32,1.97,1.11,261,29,27,"93.1%",1,0,0,0,"3.4%","0.4%",10,0,0
2525323,"SS","Andrew Sendejo (MIN)",4,150,"92.4%",-2.42,-0.24,-0.55,-0.18,-1.44,0,-2.15,-0.34,-0.3,-0.07,70,3,3,"100.0%",0,0,0,0,"0.0%","0.0%",3,0,0
2540162,"CB","Logan Ryan (TEN)",14,498,"52.2%",-2.42,-0.26,0.32,0.06,-2.54,0,-2.41,-0.74,0.81,0.06,210,14,12,"85.7%",0,0,2,0,"14.3%","1.0%",8,0,0
2560850,"DB","D.J. Reed (SF)",11,198,"75.5%",-2.43,0.73,0.5,-2.13,-1.53,0,-2.84,0.71,0.17,-2.19,81,2,2,"100.0%",0,0,0,0,"0.0%","0.0%",1.5,0,1
2557972,"MLB","Marquel Lee (OAK)",16,171,"83.9%",-2.45,-0.11,-3.05,2.05,-1.35,0,-2.14,0.1,-2.79,1.9,105,7,6,"85.7%",0,0,1,0,"14.3%","1.0%",3.5,0,0
2541832,"SS","Jeff Heath (DAL)",16,580,"79.9%",-2.46,-1.28,-6.63,2.62,1.2,1.62,-2.66,-1.59,-6.27,2.37,241,10,10,"100.0%",0,1,0,2,"0.0%","1.2%",6.5,0,0
2533459,"ILB","Nate Stupar (NYG)",6,31,"84.6%",-2.47,0.05,0.06,-2.34,-0.24,0,-2.35,0.07,0.16,-2.35,17,3,3,"100.0%",0,0,0,0,"0.0%","0.0%",1,0,0
2550262,"ILB","Joe Thomas (DAL)",6,39,"81.5%",-2.47,0.36,-0.87,-1.73,-0.24,0,-2.07,0.54,-0.67,-1.7,17,2,2,"100.0%",0,0,0,0,"0.0%","0.0%",2,0,0
2555256,"OLB","Jordan Jenkins (NYJ)",16,352,"76.1%",-2.47,0.61,-0.75,-1.95,-0.38,0,-2.69,0.64,-0.81,-2.15,34,4,4,"100.0%",0,0,0,0,"0.0%","0.0%",1,0,0
2552447,"OLB","Shaq Thompson (CAR)",14,332,"73.8%",-2.49,2.91,-4.32,0.12,-1.19,0,-2.02,2.21,-3.52,0.49,153,15,15,"100.0%",0,0,0,1,"0.0%","0.6%",14,0,0
2561417,"CB","Charvarius Ward (KC)",4,73,"27.5%",-2.5,-0.74,-0.95,-0.6,-0.2,0,-0.9,-0.32,0.13,-0.51,16,6,6,"100.0%",0,0,0,0,"0.0%","0.0%",5,0,0
2507644,"OLB","Ramon Humber (BUF/NE)",4,35,"82.1%",-2.55,0.13,-1.08,-1.36,-0.25,0,-2.58,0.13,-1.09,-1.37,15,1,1,"100.0%",0,0,0,0,"0.0%","0.0%",0,0,0
2556828,"CB","Trevor Williams (LAC)",7,215,"38.2%",-2.59,-0.06,-1.55,-0.11,-0.87,0,-3.01,-0.01,-2.21,0.08,66,8,8,"100.0%",0,0,0,0,"0.0%","0.0%",4.5,0,0
2495507,"CB","Richard Sherman (SF)",13,455,"39.8%",-2.64,-1.1,-0.61,0.97,-1.9,0,-1.45,-0.71,0.02,1.13,160,9,8,"88.9%",0,0,0,0,"0.0%","0.0%",7,0,0
2558033,"OLB","Ben Gedeon (MIN)",13,97,"75.9%",-2.66,-0.98,-1.62,0.62,-0.68,0,-0.96,-0.82,-0.51,1.05,57,7,5,"71.4%",0,0,1,0,"14.3%","1.8%",2,0,0
2561103,"WR","Tremon Smith (KC)",5,36,"34.3%",-2.66,0.24,-0.31,-2.45,-0.13,0,-2.7,0.21,-0.32,-2.46,12,1,1,"100.0%",0,0,0,0,"0.0%","0.0%",0,0,0
2555383,"CB","Jalen Mills (PHI)",8,310,"47.1%",-2.69,-0.58,-0.19,-0.59,-1.33,0,-2.05,-0.4,-0.26,-0.07,117,9,7,"77.8%",0,0,2,1,"22.2%","2.6%",8,0,0
2532920,"CB","Josh Norman (WAS)",16,599,"39.9%",-2.71,-0.54,-4.33,-1.63,2.17,1.62,-1.81,-0.32,-3.96,-1.31,202,17,14,"82.4%",0,1,2,0,"11.8%","1.5%",6.5,0,0
89756,"CB","Jason McCourty (NE)",16,534,"41.1%",-2.75,0.77,-5.23,4,-2.28,0,-1.62,0.67,-4.96,4.97,198,17,14,"82.4%",0,0,2,0,"11.8%","1.0%",9.5,0,0
2553353,"CB","Darryl Roberts (NYJ)",14,432,"66.6%",-2.77,2.3,-2.44,-0.45,-2.18,0,-2.3,2.49,-2.55,-0.06,156,14,13,"92.9%",0,0,0,1,"0.0%","0.6%",10.5,0,0
2540140,"OLB","Barkevious Mingo (SEA)",15,252,"79.9%",-2.8,0.5,-0.85,-1.22,-1.24,0,-2.67,0.38,-0.98,-0.84,110,3,3,"100.0%",0,0,0,0,"0.0%","0.0%",3,0,0
2558119,"SS","Josh Jones (GB)",11,295,"79.3%",-2.82,0.85,-1.82,0.33,-2.19,0,-2.36,0.96,-1.74,0.61,139,12,10,"83.3%",0,0,2,0,"16.7%","1.4%",10.5,0,0
2539978,"ILB","Jon Bostic (PIT)",15,280,"71.0%",-2.83,1.81,-2.45,-0.71,-1.48,0,-2.4,1.78,-2.44,-0.27,114,10,8,"80.0%",0,0,1,0,"10.0%","0.9%",5,0,0
2532898,"ILB","Brandon Marshall (DEN)",10,252,"77.3%",-2.83,0.07,-0.83,-0.61,-1.46,0,-2.53,0.14,-0.56,-0.64,112,6,6,"100.0%",0,0,0,0,"0.0%","0.0%",4,0,0
2541792,"OLB","Ray-Ray Armstrong (CLE/NYG)",7,124,"86.0%",-2.84,-0.03,-1.21,-0.61,-0.99,0,-2.8,-0.09,-1.17,-0.56,73,5,5,"100.0%",0,0,0,0,"0.0%","0.0%",1,0,0
2495153,"FS","Marcus Gilchrist (OAK)",16,453,"83.3%",-2.87,-1.65,0.91,-3.7,0.64,0.93,-1.64,-1.65,2.34,-3.9,233,13,11,"84.6%",0,1,1,1,"7.7%","1.3%",11,0,0
2560827,"LB","Dorian O'Daniel (KC)",13,237,"75.9%",-2.88,1.62,-1.07,-2.01,-1.42,0,-3.09,1.29,-0.87,-2.09,112,9,8,"88.9%",0,0,0,0,"0.0%","0.0%",6,0,0
2555540,"SS","Derrick Kindred (CLE)",16,258,"74.3%",-2.9,0.75,-2.34,0.37,-1.68,0,-2.25,0.66,-1.94,0.72,106,7,7,"100.0%",0,0,0,0,"0.0%","0.0%",4,0,0
2550654,"CB","K'Waun Williams (SF)",13,351,"52.4%",-3.01,0.28,-4.6,3.16,-1.85,0,-2.92,0.37,-4.71,3.28,170,9,9,"100.0%",0,0,0,0,"0.0%","0.0%",10.5,0,1
2560946,"DB","Isaac Yiadom (DEN)",11,179,"28.7%",-3.01,-1.39,-0.64,-0.44,-0.54,0,-3.22,-1.29,-1.03,-0.35,42,4,4,"100.0%",0,0,0,0,"0.0%","0.0%",3,0,1
2530794,"FS","Ron Parker (KC)",14,590,"90.4%",-3.04,-2.78,-5.13,2.34,-0.01,2.53,-2.14,-2.79,-5.22,3.34,249,16,14,"87.5%",0,1,1,1,"6.2%","1.2%",13,0,0
2555339,"ILB","Kamalei Correa (TEN)",13,178,"78.6%",-3.07,0.79,-0.57,-3.04,-0.24,0,-3.07,0.72,-0.68,-2.86,21,4,4,"100.0%",0,0,0,0,"0.0%","0.0%",1,0,0
2532828,"OLB","Lavonte David (TB)",14,522,"73.4%",-3.12,3.24,-6.04,2.92,-3.24,0,-1.77,2.49,-4.68,3.66,284,33,32,"97.0%",0,0,0,0,"0.0%","0.0%",22.5,0,0
2539293,"ILB","Gerald Hodges (ARI)",9,171,"77.4%",-3.16,0.3,-1.29,-0.96,-1.22,0,-2.38,0.4,-0.93,-0.64,98,6,6,"100.0%",0,0,0,0,"0.0%","0.0%",3,0,0
2560746,"CB","Mike Hughes (MIN)",5,109,"50.9%",-3.18,0.52,-4.06,0.96,-0.59,0,-2.98,0.33,-3.98,1.26,53,4,4,"100.0%",0,0,0,0,"0.0%","0.0%",4.5,1,0
2558925,"LB","Austin Calitro (SEA)",7,129,"84.1%",-3.18,-0.67,-1.91,0.43,-1.02,0,-2.48,-0.57,-1.69,0.81,78,7,7,"100.0%",0,0,0,0,"0.0%","0.0%",0.5,0,0
2543470,"FS","Ha Ha Clinton-Dix (GB/WAS)",16,554,"95.7%",-3.21,1.33,-3.48,2.73,-3.79,0,-2.09,1.62,-2.25,2.33,255,14,14,"100.0%",0,0,0,1,"0.0%","0.4%",12.5,1,0
2560914,"CB","Levi Wallace (BUF)",7,212,"38.3%",-3.23,-0.23,-2.49,0.31,-0.83,0,-2.48,-0.27,-2.32,0.95,68,3,3,"100.0%",0,0,0,0,"0.0%","0.0%",3,0,0
2495504,"CB","Patrick Peterson (ARI)",16,569,"46.6%",-3.26,-0.75,0.16,0.11,-2.78,0,-1.58,-0.06,0.94,0.32,228,18,15,"83.3%",0,0,1,0,"5.6%","0.4%",10,0,0
2354,"ILB","Wesley Woodyard (TEN)",14,414,"86.7%",-3.27,2.02,0.02,-2.5,-2.81,0,-3.56,1.52,-0.15,-2.12,192,18,15,"83.3%",0,0,1,0,"5.6%","0.5%",11,0,0
2557996,"CB","Kevin King (GB)",6,170,"47.6%",-3.29,-1.63,-1.38,0.56,-0.84,0,-3.29,-1.53,-1.45,0.53,64,5,4,"80.0%",0,0,0,0,"0.0%","0.0%",3,0,0
494277,"FS","Kendrick Lewis (TEN)",8,155,"94.1%",-3.3,-1.18,-2.89,1.96,-1.18,0,-2.72,-1.12,-2.65,2.24,73,2,2,"100.0%",0,0,0,1,"0.0%","1.4%",1,0,0
2532800,"OLB","Nigel Bradham (PHI)",15,591,"81.4%",-3.31,2.81,-2.81,-0.78,-2.52,0,-3.43,1.93,-2.11,-0.73,330,21,19,"90.5%",0,0,1,2,"4.8%","0.9%",10,0,0
2556443,"SS","Sharrod Neasman (ATL)",11,253,"78.0%",-3.31,-0.62,-1.45,-0.01,-1.23,0,-3.77,-1.03,-1.27,-0.24,133,11,9,"81.8%",0,0,1,1,"9.1%","1.5%",7,0,0
2552392,"SS","Jordan Richards (ATL)",15,254,"75.0%",-3.31,-1.57,0.74,-0.51,-1.97,0,-2.98,-1.4,0.72,-0.32,124,8,7,"87.5%",0,0,0,0,"0.0%","0.0%",7,0,0
2555531,"CB","Anthony Brown (DAL)",15,437,"50.6%",-3.32,2.74,-1.49,-2.4,-2.2,0.02,-4.29,2.21,-1.94,-2.38,201,14,11,"78.6%",1,0,2,0,"21.4%","1.5%",5,0,0
2556119,"MLB","Elandon Roberts (NE)",16,216,"77.6%",-3.46,1.6,-3.44,-1.8,0.18,0,-3.29,1.66,-3.1,-2.03,103,9,9,"100.0%",0,0,0,1,"0.0%","1.0%",6,0,0
2550659,"CB","Tyler Patmon (JAX)",7,139,"45.2%",-3.49,-1.31,-3.68,2.12,-0.61,0,-3.11,-1.27,-3.31,2.09,57,4,4,"100.0%",0,0,0,0,"0.0%","0.0%",2,0,0
2555547,"CB","KeiVarae Russell (CIN)",6,81,"48.2%",-3.54,0.62,-0.99,-2.74,-0.42,0,-3.12,0.76,-0.95,-2.51,36,3,3,"100.0%",0,0,0,0,"0.0%","0.0%",2,0,0
2555550,"SS","Justin Simmons (DEN)",15,572,"80.3%",-3.58,2.51,-7.49,-0.65,2.23,-0.17,-2.26,2.52,-6.72,-0.1,263,14,14,"100.0%",0,2,0,0,"0.0%","0.8%",11,0,0
2541200,"CB","Rashaan Melvin (OAK)",14,330,"34.4%",-3.58,0.67,-2.59,-0.48,-1.17,0,-3.15,0.89,-2.62,-0.24,98,13,12,"92.3%",0,0,0,0,"0.0%","0.0%",12.5,0,0
2534830,"SS","Tavon Wilson (DET)",14,176,"63.3%",-3.59,-0.64,-2,0.12,-1.08,0,-4.05,-0.62,-2.05,-0.29,88,6,4,"66.7%",0,0,0,0,"0.0%","0.0%",5,0,0
2558857,"FS","Adrian Colbert (SF)",5,160,"98.7%",-3.62,0.27,-2.81,-0.2,-0.88,0,-3.42,0.23,-2.69,-0.08,72,2,2,"100.0%",0,0,0,1,"0.0%","1.4%",2,0,0
2560795,"CB","Avonte Maddox (PHI)",10,371,"68.8%",-3.63,-1.43,-3.3,0.5,0.52,0.09,-2.89,-1.39,-2.39,0.29,148,8,8,"100.0%",0,1,0,0,"0.0%","0.7%",6,1,0
2558077,"SS","Lano Hill (SEA)",12,201,"82.4%",-3.64,1.36,-4.02,0.58,-1.56,0,-3.3,1.19,-3.51,0.58,84,4,4,"100.0%",0,0,0,0,"0.0%","0.0%",0,0,0
2495202,"OLB","Von Miller (DEN)",15,466,"82.4%",-3.66,-0.63,-0.26,-2.61,-0.15,0,-4.21,-0.82,-0.51,-2.73,14,2,2,"100.0%",0,0,0,0,"0.0%","0.0%",0,0,0
2543769,"ILB","Deone Bucannon (ARI)",10,171,"74.4%",-3.66,1.41,-2.24,-1.9,-0.94,0,-3.8,0.9,-1.71,-2.06,80,5,5,"100.0%",0,0,0,0,"0.0%","0.0%",3,1,0
2506352,"OLB","Thomas Davis (CAR)",12,366,"69.4%",-3.67,0.36,-2.74,0.63,-1.93,0,-3.96,0.31,-2.93,0.58,164,12,10,"83.3%",0,0,1,0,"8.3%","0.6%",5.5,0,0
2555277,"CB","Eli Apple (NO/NYG)",15,552,"40.1%",-3.75,-2,-5.01,-0.8,2.75,1.32,-1.35,-1.71,-3.96,0.25,189,27,24,"88.9%",0,1,2,0,"7.4%","1.6%",18.5,0,0
496733,"CB","Joe Haden (PIT)",15,571,"36.3%",-3.77,-0.89,-1.3,-1.82,0.25,-0.02,-3.11,-0.56,-0.69,-2.09,188,12,11,"91.7%",1,0,0,1,"8.3%","1.1%",7.5,0,0
2560819,"CB","Nick Nelson (OAK)",10,164,"44.5%",-3.84,-0.46,-2.44,-0.2,-0.74,0,-3.49,-0.53,-2.03,-0.2,67,4,3,"75.0%",0,0,0,0,"0.0%","0.0%",0,0,0
2556642,"ILB","Patrick Onwuasor (BAL)",16,238,"80.5%",-3.89,-0.02,-0.91,-2.17,-0.8,0,-2.65,0.11,0,-1.96,93,6,6,"100.0%",0,0,0,1,"0.0%","1.1%",6,0,0
494307,"FS","Darian Stewart (DEN)",13,451,"91.3%",-3.93,0.2,-0.61,-1.39,-2.2,0.06,-3.16,0.18,-0.2,-1,174,6,5,"83.3%",0,1,1,0,"16.7%","1.2%",5.5,0,0
2560712,"S","Terrell Edmunds (PIT)",16,590,"88.2%",-4.05,-0.59,0.18,-3.12,-1.29,0.78,-2.29,-0.09,1.05,-2.73,265,14,11,"78.6%",0,1,1,0,"7.1%","0.8%",9.5,0,0
2560930,"DB","Jordan Whitehead (TB)",15,388,"87.6%",-4.07,-1.51,-0.29,-0.32,-1.94,0,-2.93,-1.56,-0.06,0.64,189,18,14,"77.8%",0,0,2,1,"11.1%","1.6%",11,0,0
2558971,"CB","Greg Mabin (SF)",8,74,"42.9%",-4.09,-1.21,-2.03,-0.53,-0.32,0,-3.73,-1.08,-2,-0.34,25,4,4,"100.0%",0,0,0,0,"0.0%","0.0%",2,1,0
2495251,"CB","Shareece Wright (HOU)",12,349,"38.9%",-4.14,-1.65,1.94,-3,-1.43,0,-3.43,-1.19,2,-2.8,126,10,8,"80.0%",0,0,1,0,"10.0%","0.8%",7,0,0
2307,"CB","Orlando Scandrick (KC)",13,508,"39.4%",-4.21,-2,-2.52,-0.18,0.49,0,-2.49,-1.37,-1.96,0.36,174,12,11,"91.7%",0,0,1,1,"8.3%","1.2%",8,0,0
2555355,"FS","Clayton Fejedelem (CIN)",12,118,"86.4%",-4.22,-2.19,-0.49,-0.52,-1.02,0,-3.45,-2.18,0.02,-0.27,61,2,2,"100.0%",0,0,0,0,"0.0%","0.0%",1.5,0,0
2552697,"FS","Jermaine Whitehead (CLE/GB)",8,146,"67.2%",-4.31,0,-1.52,-1.95,-0.84,0,-4.07,-0.09,-1.6,-1.54,58,5,4,"80.0%",0,0,1,0,"20.0%","1.7%",1,0,0
2558171,"CB","Corn Elder (CAR)",6,35,"62.5%",-4.32,-1.58,-2.73,0.2,-0.22,0,-4,-1.52,-2.46,0.2,20,2,2,"100.0%",0,0,0,0,"0.0%","0.0%",1,0,0
2508107,"CB","Jimmy Smith (BAL)",12,370,"39.2%",-4.33,-0.63,-3.67,-0.7,0.77,-0.11,-2.8,-0.49,-2.79,-0.18,126,8,7,"87.5%",0,1,0,0,"0.0%","0.8%",6,0,1
2556475,"CB","Briean Boddy-Calhoun (CLE)",14,426,"60.9%",-4.34,2.67,-2.99,-1.44,-2.59,0,-3.9,2.83,-2.98,-1.16,182,13,10,"76.9%",0,0,1,0,"7.7%","0.6%",7.5,0,0
2560753,"CB","Donte Jackson (CAR)",15,524,"44.7%",-4.41,1.33,-8.18,1.37,1.18,-0.12,-2.39,1.95,-7.46,2.06,207,22,20,"90.9%",0,1,2,1,"9.1%","1.9%",21.5,0,3
2558121,"LB","Elijah Lee (SF)",8,250,"81.8%",-4.45,0.41,-0.66,-3.13,-1.07,0,-5.71,0.14,-1.69,-3.09,144,13,12,"92.3%",0,0,0,1,"0.0%","0.7%",9.5,0,0
2555255,"OLB","De'Vondre Campbell (ATL)",16,531,"75.3%",-4.47,2.02,-1.38,-2.06,-3.06,0,-3.75,1.17,-0.61,-1.25,232,22,21,"95.4%",0,0,0,0,"0.0%","0.0%",13.5,0,0
2559152,"ILB","Dylan Cole (HOU)",8,82,"69.4%",-4.52,-0.23,-3.9,-0.78,0.4,0,-4.78,-0.26,-4.06,-0.86,35,4,3,"75.0%",0,0,1,1,"25.0%","5.7%",2,0,0
2561117,"DB","Tarvarius Moore (SF)",10,110,"40.6%",-4.57,-0.86,-1.5,-1.75,-0.46,0,-3.35,-0.59,-0.41,-1.89,38,3,3,"100.0%",0,0,0,0,"0.0%","0.0%",2,0,0
2556148,"OLB","Jatavis Brown (LAC)",14,380,"80.0%",-4.65,0.03,-0.96,-0.96,-2.76,0,-2.72,0.58,-0.36,-0.19,225,15,12,"80.0%",0,0,3,0,"20.0%","1.3%",16,0,0
2550164,"CB","T.J. Carrie (CLE)",16,562,"42.0%",-4.66,-1.44,-1.93,-1.39,0.15,-0.05,-2.91,-1.37,-1.22,-0.43,218,20,18,"90.0%",0,1,2,0,"10.0%","1.4%",13.5,0,0
2555536,"SS","Kavon Frazier (DAL)",6,101,"88.3%",-4.76,0.26,-0.6,-3.53,-0.89,0,-4.39,0.18,-0.02,-3.65,49,7,5,"71.4%",0,0,1,0,"14.3%","2.0%",2,0,0
2560830,"CB","Isaiah Oliver (ATL)",11,170,"33.1%",-4.8,-1.9,-1.5,-0.82,-0.59,0,-4.28,-1.8,-1.45,-0.43,54,7,7,"100.0%",0,0,0,0,"0.0%","0.0%",7.5,0,0
494259,"SS","Barry Church (JAX)",11,355,"88.0%",-4.84,1.13,-3.19,-2.58,-0.23,0.03,-4.13,0.99,-2.48,-2.45,168,12,10,"83.3%",0,1,1,0,"8.3%","1.2%",4,0,0
2543855,"CB","Bene' Benwikere (ARI/OAK)",12,312,"44.8%",-4.9,0.56,-1.49,-2.6,-1.38,0,-4.49,0.77,-1.32,-2.57,109,14,13,"92.9%",0,0,1,0,"7.1%","0.9%",7.5,1,0
2499257,"FS","Colin Jones (CAR)",7,61,"86.2%",-4.9,-1.55,-1.51,-1.3,-0.54,0,-4.6,-1.44,-1.32,-1.31,29,2,2,"100.0%",0,0,0,0,"0.0%","0.0%",0,0,0
2561093,"LB","Jermaine Carter (CAR)",6,42,"69.7%",-4.96,-0.1,-3.92,-0.7,-0.25,0,-5.04,-0.18,-3.82,-0.8,23,3,3,"100.0%",0,0,0,0,"0.0%","0.0%",1.5,0,0
2540155,"CB","Xavier Rhodes (MIN)",13,381,"29.7%",-5,-2.43,0.94,-2.31,-1.2,0,-2.29,-1.25,1.87,-1.73,108,14,14,"100.0%",0,0,0,0,"0.0%","0.0%",12.5,0,0
2559053,"CB","Torry McTyer (MIA)",13,212,"46.2%",-5.04,-0.3,-1.5,-2.64,-0.6,0,-4.83,-0.3,-1.49,-2.44,87,7,6,"85.7%",0,0,1,1,"14.3%","2.3%",3.5,0,0
2560728,"CB","Tre Flowers (SEA)",14,514,"40.5%",-5.12,-1.66,-1.85,0.61,-2.21,0,-2.28,-0.92,-0.62,1.47,179,21,20,"95.2%",0,0,1,0,"4.8%","0.6%",11.5,0,0
2560763,"LB","Josey Jewell (DEN)",15,198,"76.3%",-5.12,1.94,-4.59,-1.22,-1.25,0,-4.74,1.76,-4.45,-0.81,93,8,7,"87.5%",0,0,0,0,"0.0%","0.0%",4.5,0,0
2543720,"OLB","Christian Kirksey (CLE)",7,275,"75.5%",-5.13,0.46,1.09,-7.69,1.01,0,-4.15,0.49,1.46,-7.12,127,8,7,"87.5%",0,0,1,1,"12.5%","1.6%",4.5,0,1
2558133,"FS","Montae Nicholson (WAS)",10,306,"91.8%",-5.13,0.22,-1.17,-1.28,-2.91,0,-4.95,0.22,-1.07,-1.19,147,2,1,"50.0%",0,0,1,0,"50.0%","0.7%",1,0,1
2540152,"SS","Eric Reid (CAR)",13,424,"89.8%",-5.14,-2,-4.55,-0.34,0.48,1.27,-4.5,-2.16,-3.76,-0.34,181,14,10,"71.4%",0,1,4,0,"28.6%","2.8%",9,0,0
494261,"SS","Kurt Coleman (NO)",16,194,"84.1%",-5.22,1.12,-3.06,-1.68,-1.59,0,-5.35,1.17,-3.17,-1.76,91,5,5,"100.0%",0,0,0,0,"0.0%","0.0%",2.5,0,0
2561039,"CB","Carlton Davis (TB)",13,396,"34.0%",-5.25,-2.91,-0.95,-0.02,-1.38,0,-5.21,-2.99,-0.84,0,118,12,10,"83.3%",0,0,0,0,"0.0%","0.0%",3,0,0
2561017,"DB","Sean Chandler (NYG)",11,105,"63.6%",-5.25,-1.42,-2.3,-0.92,-0.6,0,-5.42,-1.35,-2.51,-0.95,37,3,3,"100.0%",0,0,0,0,"0.0%","0.0%",2,0,0
2560982,"CB","Tony Brown (GB)",10,167,"47.0%",-5.37,-2.34,-2.68,0.49,-0.84,0,-5.37,-2.37,-2.91,0.75,63,8,8,"100.0%",0,0,0,0,"0.0%","0.0%",7.5,0,0
2543474,"CB","Darqueze Dennard (CIN)",13,412,"43.9%",-5.52,1.04,-4.09,-0.61,-1.85,0,-5.22,0.88,-3.8,-0.44,167,24,23,"95.8%",0,0,1,0,"4.2%","0.6%",16.5,0,0
2558982,"MLB","Hardy Nickerson (CIN)",14,296,"76.9%",-5.53,-1.53,-3.72,1.66,-1.94,0,-6.4,-2.01,-4,1.55,153,12,12,"100.0%",0,0,0,0,"0.0%","0.0%",5.5,0,0
2532928,"SS","Eddie Pleasant (GB)",5,56,"87.2%",-5.55,3.27,-7.51,-0.87,-0.44,0,-5.49,3.22,-7.43,-0.83,28,5,4,"80.0%",0,0,0,0,"0.0%","0.0%",2,0,0
2552454,"SS","Landon Collins (NYG)",12,436,"79.2%",-5.63,0.91,-3.57,0.42,-3.39,0,-4.77,1.07,-3.68,1.23,228,11,10,"90.9%",0,0,1,0,"9.1%","0.4%",12,0,1
2558157,"CB","Ahkello Witherspoon (SF)",12,360,"35.1%",-5.69,0.19,-2.89,-1.65,-1.35,0,-3.48,0.85,-1.82,-1.16,108,11,11,"100.0%",0,0,0,0,"0.0%","0.0%",7,0,0
2556559,"CB","Mike Hilton (PIT)",15,413,"50.6%",-5.74,-3.04,-4.41,0.36,1.54,-0.19,-4.84,-2.71,-4,0.52,158,15,14,"93.3%",0,1,1,0,"6.7%","1.3%",14,0,0
2557881,"FS","Tedric Thompson (SEA)",13,406,"97.5%",-5.77,-0.36,-2.53,-1.31,-0.17,-1.39,-4.55,-0.22,-1.93,-0.84,157,12,8,"66.7%",0,1,2,0,"16.7%","1.9%",7,0,0
2558065,"CB","Adoree' Jackson (TEN)",16,537,"45.3%",-5.82,4.74,-7.81,-2.07,-0.67,0,-2.21,4.62,-4.92,-1.24,205,28,23,"82.1%",0,0,3,1,"10.7%","2.0%",19,0,0
2560808,"CB","Quenton Meeks (JAX)",2,28,"32.0%",-5.88,-0.63,-4.66,-0.5,-0.09,0,-5.97,-0.69,-4.68,-0.52,6,2,2,"100.0%",0,0,0,0,"0.0%","0.0%",2,0,0
2557958,"CB","Sidney Jones (PHI)",9,227,"56.2%",-5.93,-0.24,-4.51,0.16,-1.32,0,-5.14,-0.19,-4.09,0.47,119,8,8,"100.0%",0,0,0,0,"0.0%","0.0%",6,0,1
2539320,"SS","Kenny Vaccaro (TEN)",13,417,"90.4%",-5.97,1.41,-5.22,0.71,-2.87,0,-4.77,1.52,-3.62,0.21,173,13,12,"92.3%",0,0,1,1,"7.7%","1.2%",7,0,0
2552261,"CB","Kevin Johnson (HOU)",1,41,"61.0%",-6,-1.9,-2.21,-1.62,-0.27,0,-5.72,-1.77,-1.99,-1.69,23,4,3,"75.0%",0,0,0,0,"0.0%","0.0%",0,0,0
2561318,"ILB","Tae Davis (NYG)",11,200,"87.3%",-6.08,-0.61,-4.49,0.43,-1.41,0,-4.74,-0.41,-4.39,1.47,104,12,11,"91.7%",0,0,1,0,"8.3%","1.0%",5,0,1
2552490,"ILB","Benardrick McKinney (HOU)",16,522,"79.8%",-6.11,-0.54,-3.84,0.85,-2.58,0,-6.68,-0.82,-4.17,0.88,255,17,15,"88.2%",0,0,2,2,"11.8%","1.6%",8,0,0
2535609,"CB","DeShawn Shead (DET)",12,176,"32.9%",-6.13,-0.43,-5.56,0.46,-0.59,0,-6,-0.27,-5.47,0.33,49,4,4,"100.0%",0,0,0,0,"0.0%","0.0%",0,0,0
2556735,"CB","Ken Crawley (NO)",9,251,"40.7%",-6.3,1.71,-7.31,0.4,-1.09,0,-6.31,1.47,-6.58,-0.11,95,10,10,"100.0%",0,0,0,0,"0.0%","0.0%",8,0,0
2495170,"CB","Davon House (GB)",2,19,"42.1%",-6.3,-0.07,-4.97,-1.17,-0.09,0,-5.96,0.04,-4.79,-1.13,8,2,2,"100.0%",0,0,0,0,"0.0%","0.0%",0,0,0
2558067,"CB","Marlon Humphrey (BAL)",14,469,"36.1%",-6.39,1.53,-4.87,-1.46,-1.59,0,-5.64,2.1,-4.91,-1.23,134,23,17,"73.9%",0,0,5,0,"21.7%","3.7%",9.5,1,0
2495272,"SS","Chris Conte (TB)",3,82,"89.0%",-6.43,-0.14,-0.9,-4.6,-0.79,0,-6.69,-0.18,-0.88,-4.84,46,4,4,"100.0%",0,0,0,0,"0.0%","0.0%",4,0,0
2556277,"SS","Marqui Christian (LA)",16,274,"60.8%",-6.44,-2.63,-1.05,-1.09,-1.67,0,-5.83,-2.83,-0.64,-0.69,123,11,10,"90.9%",0,0,0,0,"0.0%","0.0%",9,0,0
2561132,"LB","Foye Oluokun (ATL)",16,273,"72.9%",-6.45,-2.18,-0.1,-2.32,-1.85,0,-6.89,-2.7,-0.42,-1.93,151,11,10,"90.9%",0,0,0,0,"0.0%","0.0%",9.5,0,0
2560952,"CB","Jaire Alexander (GB)",13,435,"43.1%",-6.49,-1.81,2.47,-5.44,-1.92,0.21,-5.12,-1.63,3.29,-5.07,166,16,12,"75.0%",1,0,2,1,"18.8%","2.4%",9.5,0,1
2557855,"MLB","Jarrad Davis (DET)",16,548,"88.8%",-6.49,2.09,-0.75,-5.73,-2.11,0,-5.77,1.77,-0.11,-5.32,262,19,17,"89.5%",0,0,2,2,"10.5%","1.5%",15.5,0,0
2552312,"MLB","Eric Kendricks (MIN)",13,442,"77.9%",-6.51,-0.33,-0.74,-2.63,-2.81,0,-6.05,-0.8,-1.13,-1.32,227,17,13,"76.5%",0,0,2,0,"11.8%","0.9%",5.5,0,0
2558248,"FS","Chuck Clark (BAL)",13,169,"80.5%",-6.59,-2.48,-1.92,-0.9,-1.29,0,-5.77,-2.42,-1.33,-0.72,78,5,5,"100.0%",0,0,0,0,"0.0%","0.0%",3,0,0
2543830,"FS","Tre Boston (ARI)",14,502,"93.0%",-6.64,-0.5,0.27,-1.66,-4.75,0,-4.28,-0.07,1.73,-1.19,239,16,8,"50.0%",0,0,5,0,"31.2%","2.1%",5,0,0
2558009,"FS","Budda Baker (ARI)",14,491,"53.0%",-6.71,-1.81,-6.19,3.56,-2.27,0,-3.91,-1.06,-4.66,4.08,200,18,17,"94.4%",0,0,0,0,"0.0%","0.0%",11.5,1,0
2556567,"S","Isaiah Johnson (TB)",12,220,"89.7%",-6.81,-4.1,-4.36,0.55,1.58,-0.48,-5.63,-3.93,-4.01,1.22,99,9,9,"100.0%",0,1,0,0,"0.0%","1.0%",6,0,0
2543872,"CB","Nevin Lawson (DET)",15,488,"39.4%",-6.96,0.18,-2.35,-2.82,-1.97,0,-6.74,0.42,-3.02,-2.16,164,16,13,"81.2%",0,0,2,0,"12.5%","1.2%",7,0,0
2543492,"FS","Lamarcus Joyner (LA)",15,524,"95.9%",-6.96,-1.33,-1.29,-0.62,-3.23,-0.49,-5.42,-1.04,-0.2,-0.46,245,10,8,"80.0%",0,1,1,0,"10.0%","0.8%",6,0,0
2552434,"CB","Bobby McCain (MIA)",14,426,"40.8%",-7.01,-1.3,-3.84,0,-1.72,-0.16,-7.06,-1.18,-4.43,0.43,158,17,15,"88.2%",1,0,0,1,"5.9%","1.3%",9,0,0
2555173,"FS","Eric Murray (KC)",14,404,"90.3%",-7.04,-4.05,1.41,-0.68,-3.72,0,-7.68,-3.96,0.36,-0.36,160,10,8,"80.0%",0,0,1,0,"10.0%","0.6%",7,0,0
2506861,"CB","Brent Grimes (TB)",13,427,"41.6%",-7.14,0.24,-2.71,-4.09,-0.58,0,-6.66,0.68,-2.78,-3.98,158,8,6,"75.0%",0,0,1,1,"12.5%","1.3%",6,0,1
2555528,"OLB","Nick Vigil (CIN)",11,406,"70.6%",-7.19,-0.46,0.08,-5.22,-1.59,0,-8.08,-0.7,-0.45,-5.34,197,13,12,"92.3%",0,0,0,1,"0.0%","0.5%",11,0,0
2555349,"CB","Kendall Fuller (KC)",14,622,"48.5%",-7.37,0.45,-4.9,-1.31,-1.62,0,-6.47,0.62,-4.93,-0.53,279,19,15,"79.0%",0,0,2,2,"10.5%","1.4%",11.5,0,0
2539334,"CB","Desmond Trufant (ATL)",16,627,"38.7%",-7.43,-0.72,-1.74,-2.47,-2.5,0,-6.79,-0.26,-1.21,-2.83,207,13,13,"100.0%",0,0,0,0,"0.0%","0.0%",10,0,0
2555175,"CB","James Bradberry (CAR)",16,578,"41.7%",-7.6,0.85,-2.04,-5.15,-1.26,0,-5.72,1.72,-0.99,-5.19,216,20,17,"85.0%",0,0,2,1,"10.0%","1.4%",11.5,0,0
2560877,"LB","Roquan Smith (CHI)",16,567,"73.5%",-7.85,0.2,-1.23,-3.06,-3.76,0,-7.59,-0.24,-1.63,-1.95,315,30,26,"86.7%",0,0,2,0,"6.7%","0.6%",18,0,0
2560917,"LB","Fred Warner (SF)",15,549,"82.1%",-7.86,-2.29,2.95,-6.45,-2.07,0,-7.86,-2.48,3.23,-6.55,329,25,18,"72.0%",0,0,4,1,"16.0%","1.5%",7,0,0
2532986,"OLB","Tahir Whitehead (OAK)",16,508,"77.5%",-8.02,0.63,-2.89,-7.09,1.75,-0.43,-6.75,0.34,-2.13,-6.29,293,18,18,"100.0%",0,1,0,1,"0.0%","0.7%",6,0,0
2543711,"OLB","Telvin Smith (JAX)",16,551,"83.3%",-8.21,-0.72,-1.11,-2.35,-4.03,0,-8.64,-1.56,-1.02,-2.04,318,22,20,"90.9%",0,0,0,0,"0.0%","0.0%",0,0,0
71441,"FS","Glover Quin (DET)",16,460,"90.7%",-8.22,-1,-2.38,-1.85,-2.99,0,-8.06,-0.97,-2.54,-1.56,196,8,7,"87.5%",0,0,1,2,"12.5%","1.5%",5,0,0
2555386,"SS","Sean Davis (PIT)",15,589,"97.6%",-8.37,3.92,-4.78,-3.12,-4.39,0,-6.73,4.18,-3.82,-2.69,253,14,10,"71.4%",0,0,3,3,"21.4%","2.4%",6,0,0
2560966,"LB","Jerome Baker (MIA)",16,373,"76.2%",-8.44,1.32,-1.35,-6.86,-1.56,0,-8.32,1.27,-1.16,-6.88,205,21,19,"90.5%",0,0,0,1,"0.0%","0.5%",9.5,0,0
2560755,"CB","Josh Jackson (GB)",16,434,"39.7%",-8.51,-2.11,-1.87,-2.79,-1.74,0,-8.2,-2.25,-1.55,-2.64,141,11,9,"81.8%",0,0,2,0,"18.2%","1.4%",7.5,0,0
2560759,"DB","Natrell Jamerson (GB/HOU)",4,54,"55.8%",-8.6,-2.63,2.82,-8.48,-0.31,0,-8.76,-2.61,2.64,-8.47,28,2,2,"100.0%",0,0,0,0,"0.0%","0.0%",2,0,0
2555161,"ILB","Blake Martinez (GB)",16,580,"88.2%",-8.9,2.09,-2.06,-4.88,-4.04,0,-7.42,1.58,-1.17,-3.79,281,27,25,"92.6%",0,0,0,0,"0.0%","0.0%",20,0,0
2507167,"FS","Reggie Nelson (OAK)",11,210,"90.0%",-9.21,0.01,-4.36,-3.02,-1.83,-0.01,-7.17,0.13,-3.15,-2.32,100,10,8,"80.0%",1,0,0,0,"10.0%","1.0%",4,0,0
2539243,"SS","Bradley McDougald (SEA)",15,503,"78.6%",-9.33,2.25,-5.39,-2.18,-4.01,0,-6.64,1.77,-4.42,0.02,257,25,24,"96.0%",0,0,1,0,"4.0%","0.4%",19,0,1
2539932,"CB","Jamar Taylor (ARI/DEN)",11,161,"44.5%",-9.54,-1.69,-6.51,-0.57,-0.76,0,-6.9,-1.24,-4.82,-0.07,64,13,11,"84.6%",0,0,0,1,"0.0%","1.6%",2.5,0,0
2553500,"CB","Bryce Callahan (CHI)",13,454,"39.3%",-9.74,0.99,-1.7,-7.22,-1.81,0,-9.16,1.05,-1.51,-6.89,162,11,10,"90.9%",0,0,1,0,"9.1%","0.6%",6,0,0
2543592,"MLB","Anthony Hitchens (KC)",14,495,"85.8%",-10.23,-3.15,-4.43,0.91,-3.57,0,-9.12,-3.03,-3.57,1.04,268,26,24,"92.3%",0,0,0,0,"0.0%","0.0%",12,0,0
2495775,"FS","Eric Weddle (BAL)",16,630,"95.2%",-10.3,-0.32,-2.97,-1.43,-5.58,0,-8.24,0.05,-2.11,-0.6,249,16,13,"81.2%",0,0,3,0,"18.8%","1.2%",9,0,0
2506789,"CB","Tramon Williams (GB)",16,589,"68.5%",-10.4,0.47,-4.17,-2.53,-4.17,0,-9.68,0.73,-3.74,-2.51,221,15,13,"86.7%",0,0,1,0,"6.7%","0.4%",10,0,1
2557840,"CB","Chidobe Awuzie (DAL)",15,519,"35.2%",-10.64,-0.47,-8.77,0.54,-1.94,0,-8.38,0.34,-7.7,0.92,165,15,13,"86.7%",0,0,2,0,"13.3%","1.2%",10.5,0,0
2561527,"CB","Mike Ford (DET)",7,212,"39.3%",-10.99,-0.35,-5.71,-4.06,-0.87,0,-9.52,-0.28,-4.93,-3.43,70,6,6,"100.0%",0,0,0,0,"0.0%","0.0%",4,0,0
1037374,"CB","Sam Shields (LA)",14,249,"37.5%",-11.2,-1.95,-3.05,-6.29,0.09,0,-9.14,-1.66,-2.64,-4.94,83,11,10,"90.9%",0,0,0,1,"0.0%","1.2%",6,0,0
2556480,"SS","Kentrell Brice (GB)",14,361,"88.5%",-12.15,-0.74,-1.94,-6.15,-3.31,0,-11.66,-0.58,-2.06,-5.71,170,9,7,"77.8%",0,0,1,0,"11.1%","0.6%",5.5,0,0
2558070,"LB","Raekwon McMillan (MIA)",16,360,"85.9%",-13.96,-1.07,-5.34,-4.65,-2.9,0,-12.73,-0.86,-5.17,-3.79,224,19,19,"100.0%",0,0,0,0,"0.0%","0.0%",9,0,0
2558259,"CB","Shaquill Griffin (SEA)",15,532,"33.4%",-13.96,-2.17,-6.91,-3.02,-1.86,0,-11.26,-2.14,-5.04,-2.22,157,14,12,"85.7%",0,0,1,0,"7.1%","0.6%",9,0,1
