"nflId_def","Pos","Player","G","Pass Snaps","%Man","Man EPS","Man EPS Tracking","Man EPS Closing","Man EPS Ball Skills","Man EPS Tackling","Man EPS Ball Hawk","Man EPS INT Returns","SOS Man EPS","SOS Man EPS Tracking","SOS Man EPS Closing","SOS Man EPS Ball Skills","SOS Man EPS Tackling","Covers","Accurate TAR","C","Targeted C%","INT","Ball Hawk INT","PB","Ball Hawk PB","Hands on Ball % of Targets","Hands on Ball % of Plays","T","FF","Penalties","Man Tracking Win Rate"
2558067,"CB","Marlon Humphrey (BAL)",14,469,"63.9%",19.34,3.88,1.53,12.22,0.03,-0.83,2.51,19.4,1.7,2.98,12.91,0.13,247,29,12,"41.4%",2,0,7,0,"31.0%","3.6%",7,0,4,"46.5%"
2552265,"CB","Steven Nelson (KC)",15,659,"64.8%",15.01,0.74,0.43,5.68,-1.11,9.21,0.04,20.29,-2.15,3.52,9.44,0.23,396,51,33,"64.7%",1,2,7,1,"15.7%","2.8%",24,0,5,"34.0%"
2533062,"CB","Stephon Gilmore (NE)",16,627,"70.0%",14.73,2.57,1.3,0.62,7.95,2.29,-0.01,16.34,0.33,4.88,0.89,7.95,399,42,27,"64.3%",0,1,10,2,"23.8%","3.3%",16.5,1,2,"45.2%"
2560741,"CB","Holton Hill (MIN)",12,172,"66.7%",12.67,0.29,0,9.07,1.42,2.02,-0.14,14.12,-0.08,0.97,10.27,1.07,109,11,6,"54.6%",1,0,5,2,"54.6%","7.3%",6,0,2,"46.5%"
4365,"CB","Brandon Carr (BAL)",16,556,"58.4%",12.17,2.9,-1.05,10,-0.34,-0.91,1.57,12.67,0.87,0.81,10.19,0.14,271,29,14,"48.3%",2,0,8,0,"34.5%","3.7%",12,0,2,"49.7%"
2508107,"CB","Jimmy Smith (BAL)",12,370,"60.8%",10.82,6,-0.63,7.07,-0.91,-0.68,-0.02,12.79,4.36,0.52,8.58,0.03,204,30,21,"70.0%",1,0,7,0,"26.7%","3.9%",15,0,2,"41.3%"
2560725,"S","Minkah Fitzpatrick (MIA)",16,507,"46.9%",9.07,-1.84,2.29,7.37,2.1,-0.71,-0.13,12.87,-2.67,3.75,8.94,3.69,205,23,12,"52.2%",1,0,6,0,"30.4%","3.4%",12,0,7,"37.7%"
2560916,"CB","Denzel Ward (CLE)",13,500,"56.4%",8.78,2.73,0.04,3.65,3.22,-0.86,0,9.43,0.93,1.19,4.66,3.51,259,32,16,"50.0%",0,0,6,0,"18.8%","2.3%",6.5,1,1,"45.4%"
2560754,"DB","J.C. Jackson (NE)",13,266,"65.4%",7.13,6.12,-0.58,3.99,-0.97,-0.54,-0.9,5.73,5.07,-0.59,3.57,-0.88,159,19,15,"79.0%",2,0,1,0,"15.8%","1.9%",10,0,1,"45.1%"
2555177,"CB","Mackensie Alexander (MIN)",15,333,"53.6%",6.77,-1.21,2.18,3.51,-0.65,2.94,0,9.05,-1.59,2.85,4.91,-0.07,148,16,10,"62.5%",0,0,8,2,"50.0%","6.8%",6.5,0,3,"52.6%"
2560830,"CB","Isaiah Oliver (ATL)",11,170,"66.9%",6.72,3.35,0,4.27,-0.55,-0.35,0,6.89,2.64,0.9,4.18,-0.48,106,14,7,"50.0%",0,0,6,0,"42.9%","5.7%",2.5,0,0,"49.1%"
2532828,"OLB","Lavonte David (TB)",14,522,"26.6%",6.66,-2.48,3.24,4.89,1.34,-0.33,0,8.56,-2.29,2.71,6.66,1.81,97,16,11,"68.8%",0,0,0,0,"0.0%","0.0%",8,0,0,"55.2%"
494289,"CB","Sherrick McManis (CHI)",15,180,"52.9%",5.67,-0.64,0,4.62,1.94,-0.25,0,6.44,-0.63,0.12,5.21,1.99,75,7,3,"42.9%",0,0,3,0,"42.9%","4.0%",2,0,0,"45.8%"
2556475,"CB","Briean Boddy-Calhoun (CLE)",14,426,"39.1%",5.39,-1.93,2.67,1.12,4,-0.48,0,8.03,-2.87,3.39,2.53,5.46,143,17,14,"82.4%",0,0,1,0,"5.9%","0.7%",9.5,0,1,"48.7%"
496727,"SS","Morgan Burnett (PIT)",11,254,"29.3%",5.08,1.61,0,1.84,0.77,0.87,0,6.12,1.75,0.23,2.32,0.95,60,9,5,"55.6%",0,0,2,1,"22.2%","5.0%",3.5,0,1,"50.0%"
496733,"CB","Joe Haden (PIT)",15,571,"63.7%",4.89,1.98,-0.89,-1.74,5.42,0.13,0,8.23,0.37,1.09,1.9,4.75,342,45,28,"62.2%",1,0,9,1,"22.2%","3.2%",18,0,4,"40.6%"
2557996,"CB","Kevin King (GB)",6,170,"52.4%",4.69,2.67,-1.63,4.26,-0.32,-0.28,-0.01,6.27,2.8,-0.98,5.01,-0.27,81,11,6,"54.6%",1,0,1,0,"18.2%","2.5%",1,0,0,"43.9%"
2535687,"SS","Michael Thomas (NYG)",16,317,"28.1%",4.58,1.25,0,2.96,0.61,-0.24,0,5.7,1.72,0.04,3.67,0.52,75,8,4,"50.0%",1,0,2,0,"37.5%","4.0%",3.5,0,0,"47.9%"
89756,"CB","Jason McCourty (NE)",16,534,"58.9%",4.45,2.78,0.77,1.1,0.78,-0.97,0,6.79,2.26,1.51,2.52,1.48,296,35,23,"65.7%",1,0,6,0,"20.0%","2.4%",21,0,0,"42.5%"
2555568,"SS","Erik Harris (OAK)",15,220,"12.9%",4.42,-0.36,0,3.6,-0.06,1.25,0,4.73,-0.4,-0.07,4.03,-0.07,24,3,1,"33.3%",0,0,2,1,"66.7%","12.5%",1,0,0,"36.8%"
2555322,"ILB","Darron Lee (NYJ)",12,448,"20.6%",4.41,0.83,0,-0.62,0.22,4.03,-0.05,4.33,1.07,-0.28,-0.97,0.54,67,6,6,"100.0%",0,1,0,0,"0.0%","1.5%",5,0,0,"60.0%"
2558183,"SS","John Johnson (LA)",16,564,"14.3%",4.38,-3.48,0,4.25,-1.07,1.85,2.84,5.14,-3.21,0.61,4.04,-0.99,69,12,8,"66.7%",2,0,3,2,"41.7%","10.1%",4,0,0,"41.5%"
2555156,"SS","Jayron Kearse (MIN)",13,90,"50.6%",4.27,1.11,0.05,1.42,-0.06,1.74,0,3.78,1.11,-0.06,1.19,-0.2,41,3,2,"66.7%",0,0,2,1,"66.7%","7.3%",2,0,0,"60.0%"
80668,"CB","Captain Munnerlyn (CAR)",16,425,"48.2%",4.03,-6.3,-1.46,11.15,1.14,-0.56,0.07,10.19,-5.5,-0.8,15.17,1.8,171,33,22,"66.7%",1,0,6,0,"21.2%","4.1%",18,0,2,"41.4%"
496739,"SS","Reshad Jones (MIA)",14,417,"9.2%",4,-3.05,0,5.35,0.42,-0.11,1.39,4.62,-2.98,0.24,5.55,0.54,32,4,3,"75.0%",1,0,0,0,"25.0%","3.1%",1,0,0,"50.0%"
2539320,"SS","Kenny Vaccaro (TEN)",13,417,"9.6%",3.88,-1.29,0,5.36,-0.07,-0.11,-0.01,4.07,-0.99,-0.08,5.34,-0.08,33,3,1,"33.3%",1,0,1,0,"66.7%","6.1%",0.5,0,1,"37.5%"
2533016,"OLB","Najee Goode (IND)",6,36,"18.2%",3.82,-0.5,-0.03,3.92,0.23,-0.02,0.22,3.72,-0.49,-0.12,3.99,0.14,6,2,1,"50.0%",1,0,0,0,"50.0%","16.7%",0,0,0,"33.3%"
2559181,"DB","Justin Hardee (NO)",5,49,"63.3%",3.77,-0.39,0.12,0.46,-0.79,-0.1,4.46,3.21,-0.44,-0.08,-0.13,-0.5,27,7,5,"71.4%",1,0,1,0,"28.6%","7.4%",4,0,0,"27.8%"
71251,"SS","Patrick Chung (NE)",15,561,"45.5%",3.71,3.22,-1.86,3.55,-0.54,-0.66,0,4.17,4.59,-2.44,2.53,0.14,197,24,14,"58.3%",0,0,2,1,"8.3%","1.5%",8,0,2,"56.1%"
2558175,"LB","Nate Gerry (PHI)",9,60,"14.3%",3.65,-0.29,0.1,3.91,0,-0.02,-0.05,3.44,-0.21,-0.01,3.85,-0.12,4,2,1,"50.0%",1,0,0,0,"50.0%","25.0%",0,0,0,"0.0%"
2560921,"DB","Armani Watts (KC)",4,45,"43.9%",3.59,0.46,0,3.19,0,-0.06,0,3.6,0.5,-0.03,3.18,0,17,1,0,"0.0%",0,0,1,0,"100.0%","5.9%",0,0,0,"58.3%"
2540288,"CB","Darius Slay (DET)",15,499,"59.5%",3.58,1.89,0.37,3.91,-1.66,-0.93,0,5.79,-0.05,2.2,5.61,-1.04,281,37,21,"56.8%",0,0,11,0,"29.7%","3.9%",13,0,3,"41.3%"
2552689,"CB","Ronald Darby (PHI)",9,373,"59.8%",3.56,-8.13,-1.53,12.66,0.41,0.15,0,8.44,-8.17,0.35,15.18,0.93,216,36,23,"63.9%",0,0,9,1,"25.0%","4.6%",14.5,0,0,"43.4%"
2535609,"CB","DeShawn Shead (DET)",12,176,"67.1%",3.49,4.21,0,-5.47,5.11,-0.36,0,2.87,4.08,0.08,-6.18,5.25,105,10,10,"100.0%",0,0,0,0,"0.0%","0.0%",5.5,1,0,"59.5%"
2555277,"CB","Eli Apple (NO/NYG)",15,552,"59.9%",3.36,3.75,-2,0.08,-1.27,0.34,2.47,5.24,1.08,0.81,0.3,0.25,300,42,27,"64.3%",0,1,9,0,"21.4%","3.3%",18,0,7,"51.7%"
2505660,"OLB","Terrell Suggs (BAL)",16,478,"10.9%",3.3,-0.13,0.25,3.19,0,-0.01,0,3.12,-0.13,0.18,3.09,0,3,1,0,"0.0%",0,0,0,0,"0.0%","0.0%",0,0,0,"50.0%"
2553637,"CB","Justin Coleman (SEA)",15,444,"43.9%",3.28,-5.15,0.93,9.05,-0.95,-0.57,-0.02,7.07,-4.75,1.2,10.88,0.32,171,27,16,"59.3%",1,0,5,0,"22.2%","3.5%",7,0,2,"45.9%"
2534846,"CB","Neiko Thorpe (SEA)",3,23,"66.7%",3.25,0.3,1.7,1.13,0.16,-0.04,0,3.12,0.11,1.78,1.12,0.16,14,1,1,"100.0%",0,0,0,0,"0.0%","0.0%",1,0,0,"30.0%"
2543681,"CB","Kyle Fuller (CHI)",16,647,"61.5%",3.24,-5.93,-1.49,10.24,0.78,-1.24,0.87,8.03,-7.31,1.13,12.05,2.51,375,52,33,"63.5%",5,0,7,0,"23.1%","3.2%",15.5,0,1,"41.6%"
2553456,"CB","Akeem King (SEA)",8,91,"54.2%",3.04,-0.06,1.12,0.95,1.16,-0.14,0,4.86,-0.1,1.53,2.19,1.38,44,8,6,"75.0%",0,0,0,0,"0.0%","0.0%",4,0,1,"42.9%"
2532928,"SS","Eddie Pleasant (GB)",5,56,"12.8%",2.99,-0.02,3.27,-0.09,-0.15,-0.02,0,2.95,0.02,3.24,-0.09,-0.2,5,1,1,"100.0%",0,0,0,0,"0.0%","0.0%",1,0,0,"50.0%"
2560946,"DB","Isaac Yiadom (DEN)",11,179,"71.3%",2.92,3.89,0,-2.23,1.5,-0.39,0.15,3.91,2.69,0.74,-1.2,1.92,116,17,13,"76.5%",1,0,2,0,"17.6%","2.6%",5.5,0,1,"43.3%"
1302,"CB","Aqib Talib (LA)",8,217,"45.3%",2.92,0.37,0,-3.93,4.47,2,0,4.52,0.02,0.61,-2.98,4.87,92,8,7,"87.5%",0,0,2,2,"25.0%","4.3%",4,1,0,"37.2%"
2543855,"CB","Bene' Benwikere (ARI/OAK)",12,312,"55.2%",2.89,-1.13,0.56,3.52,0.01,0.29,-0.38,5.89,-1.4,1.68,5.29,0.4,147,20,13,"65.0%",1,0,2,1,"15.0%","2.7%",8.5,0,2,"41.9%"
2555169,"ILB","Reggie Ragland (KC)",15,234,"8.6%",2.72,-0.45,0,3.23,0,-0.05,0,2.63,-0.46,0,3.14,0,17,2,1,"50.0%",0,0,0,0,"0.0%","0.0%",0,0,0,"53.8%"
2552262,"SS","Quandre Diggs (DET)",16,541,"15.5%",2.69,-1.32,0,3.68,0.58,-0.25,0,4.5,-0.85,0.3,4.11,1.19,73,18,12,"66.7%",1,0,2,0,"16.7%","4.1%",8,0,3,"55.2%"
2552389,"CB","Damarious Randall (CLE)",15,629,"9.9%",2.65,1.01,0,1.62,0.21,-0.19,0,3.56,0.89,0.44,2.59,-0.17,57,6,3,"50.0%",0,0,2,0,"33.3%","3.5%",2,0,0,"37.9%"
2556652,"CB","Lafayette Pitts (BUF)",5,52,"59.6%",2.58,-1.4,0.14,3.93,0,-0.1,0,2.47,-1.69,0.03,4.22,0,31,3,0,"0.0%",0,0,0,0,"0.0%","0.0%",0,0,0,"40.9%"
2550613,"CB","Malcolm Butler (TEN)",16,501,"63.5%",2.52,7.25,-1.37,-1.51,-2.52,-0.97,1.64,6.99,6.81,-0.17,2.35,-2.66,290,46,32,"69.6%",1,0,8,0,"19.6%","3.1%",18.5,1,1,"33.3%"
2560928,"LB","Kyzir White (LAC)",2,42,"25.6%",2.48,-0.22,3.13,-1.08,0.68,-0.03,0,2.53,-0.14,2.8,-0.84,0.74,8,2,1,"50.0%",0,0,1,0,"50.0%","12.5%",1,0,0,"66.7%"
2543571,"CB","Bashaud Breeland (GB)",7,184,"54.9%",2.48,-3.48,0,3.21,-0.17,-0.3,3.22,5.68,-3.38,0.18,5.11,0.84,89,11,7,"63.6%",1,0,2,0,"27.3%","3.4%",3.5,0,3,"46.2%"
2532946,"CB","Coty Sensabaugh (PIT)",15,458,"63.6%",2.39,1.06,-1.7,3.55,0.39,-0.91,0,3.65,-0.61,-0.73,5.05,0.84,278,23,14,"60.9%",0,0,3,0,"13.0%","1.1%",9.5,0,0,"40.4%"
2557855,"MLB","Jarrad Davis (DET)",16,548,"11.2%",2.39,0.42,0,-0.27,2.37,-0.13,0,2.3,0.41,-0.33,-0.06,2.42,38,5,4,"80.0%",0,0,0,0,"0.0%","0.0%",3.5,0,0,"39.3%"
2539237,"CB","D.J. Hayden (JAX)",10,279,"46.6%",2.35,-1.09,4.25,-0.16,-0.28,-0.37,0,3.59,-0.92,3.63,1.47,-0.22,113,11,7,"63.6%",0,0,1,0,"9.1%","0.9%",6.5,0,1,"46.8%"
2558786,"S","Brandon Wilson (CIN)",10,46,"52.6%",2.29,-0.14,0.53,1.85,0.11,-0.06,0,2.46,-0.17,0.78,1.73,0.19,19,2,1,"50.0%",0,0,0,0,"0.0%","0.0%",0,0,0,"90.9%"
2556711,"SS","Jarrod Wilson (JAX)",11,115,"14.6%",2.25,-0.32,-0.09,2.71,0,-0.05,0,2.44,-0.27,0.02,2.74,0,15,2,0,"0.0%",0,0,2,0,"100.0%","13.3%",0,0,0,"55.6%"
2556371,"CB","Brandon Williams (ARI)",2,43,"58.1%",2.13,-0.56,-0.28,1.61,-0.15,1.5,0,2.25,-0.59,-0.25,1.66,-0.08,23,3,2,"66.7%",0,0,2,1,"66.7%","13.0%",1,0,0,"25.0%"
2552568,"CB","Byron Jones (DAL)",16,594,"71.2%",2.09,-1,1.61,1.55,1.26,-1.33,0,9.56,-0.37,4.54,5.2,1.52,399,42,26,"61.9%",0,0,10,0,"23.8%","2.5%",18.5,0,5,"38.2%"
2557969,"OLB","Matt Milano (BUF)",13,412,"25.5%",2.06,-3.63,0,6,-3.19,1.39,1.47,2.23,-3.47,0.05,6.02,-3.23,69,8,4,"50.0%",1,0,3,1,"50.0%","7.2%",0,0,0,"59.0%"
2555539,"CB","Xavien Howard (MIA)",12,430,"55.5%",1.95,-10.22,-7.07,21.48,-4.66,-0.73,3.15,4.89,-10.44,-5.54,22.56,-4.1,216,28,14,"50.0%",4,0,4,0,"28.6%","3.7%",7,0,5,"42.8%"
2532789,"ILB","Mark Barron (LA)",12,279,"25.8%",1.78,-2.62,0,4.11,0.49,-0.2,0,3.27,-2.25,0.19,4.74,0.79,57,9,7,"77.8%",0,0,1,0,"11.1%","1.8%",4,0,1,"51.6%"
2560947,"LB","Kenny Young (BAL)",16,205,"21.8%",1.77,0.38,0,1.37,0.1,-0.08,0,2.01,0.36,0.04,1.46,0.22,24,4,3,"75.0%",0,0,1,0,"25.0%","4.2%",2,0,0,"50.0%"
2560966,"LB","Jerome Baker (MIA)",16,373,"23.8%",1.71,-3.37,0,0.55,1.47,-0.21,3.27,2.1,-3.1,-0.26,0.72,1.67,61,10,8,"80.0%",1,0,0,0,"10.0%","1.6%",5,0,1,"42.1%"
2555173,"FS","Eric Murray (KC)",14,404,"9.7%",1.7,-0.45,0,2.52,-0.25,-0.12,0,2.01,-0.33,0.09,2.54,-0.16,35,5,3,"60.0%",1,0,0,0,"20.0%","2.9%",1,0,0,"42.9%"
2543699,"OLB","Kyle Van Noy (NE)",16,591,"21.0%",1.7,-0.59,0,0.31,-1.52,3.59,-0.1,1.24,-0.59,-0.44,-0.21,-1.01,46,10,8,"80.0%",0,1,0,0,"0.0%","2.2%",5,0,0,"66.7%"
2560963,"CB","Anthony Averett (BAL)",5,45,"63.6%",1.67,0.21,0,1.68,-0.13,-0.09,0,2.45,0.23,0.22,1.95,0.14,27,3,1,"33.3%",0,0,2,0,"66.7%","7.4%",1,0,0,"38.9%"
2561143,"LB","Ja'Whaun Bentley (NE)",3,76,"38.9%",1.66,-0.6,0.02,2.31,0.02,-0.07,-0.03,1.64,-0.57,0,2.23,0.08,21,2,1,"50.0%",1,0,0,0,"50.0%","4.8%",0,0,0,"43.8%"
2539240,"SS","Micah Hyde (BUF)",15,479,"8.7%",1.64,-2.63,0,4.44,-0.05,-0.12,0,1.3,-2.72,0.01,4.42,-0.28,36,5,3,"60.0%",0,0,2,0,"40.0%","5.6%",2,0,0,"33.3%"
2558176,"FS","Eddie Jackson (CHI)",14,577,"4.9%",1.59,-0.48,0,2.25,-0.09,-0.08,0,2.8,-0.18,0.09,3.06,-0.09,25,2,1,"50.0%",0,0,0,0,"0.0%","0.0%",1,1,0,"42.1%"
2555158,"FS","Kevin Byard (TEN)",16,582,"12.6%",1.59,1.09,0,0.52,0.2,-0.22,0,2.32,1.77,0.02,0.51,0.25,64,9,7,"77.8%",0,0,1,0,"11.1%","1.6%",6,0,0,"46.3%"
2556833,"CB","De'Vante Harris (TB)",5,59,"63.0%",1.53,0.04,0.16,1.25,0.19,-0.11,0,1.5,-0.45,0.58,1.27,0.2,33,3,2,"66.7%",0,0,1,0,"33.3%","3.0%",1,0,0,"47.6%"
2558062,"CB","Gareon Conley (OAK)",14,346,"67.7%",1.5,-0.08,1.98,0.72,-1.4,0.28,0,3.19,-0.92,3.72,0.8,-0.68,211,24,13,"54.2%",1,0,10,1,"45.8%","5.7%",8,0,3,"37.4%"
2558005,"ILB","Jayon Brown (TEN)",16,506,"16.0%",1.47,-0.33,0,1.48,0.5,-0.18,0,0.98,-0.09,-0.71,1.51,0.45,52,8,5,"62.5%",0,0,3,0,"37.5%","5.8%",2.5,0,1,"55.3%"
2534832,"FS","Rodney McLeod (PHI)",3,106,"3.9%",1.46,-0.37,1.83,0,0,0,0,1.52,-0.31,1.83,0,0,4,0,0,"0.0%",0,0,0,0,"0.0%","0.0%",0,0,0,"0.0%"
2560956,"DB","Marcus Allen (PIT)",2,13,"66.7%",1.41,0.82,0,0.54,0.08,-0.03,0,1.54,0.8,0.05,0.64,0.07,8,2,1,"50.0%",0,0,0,0,"0.0%","0.0%",1,0,0,"75.0%"
2508004,"DB","Anthony Levine (BAL)",16,227,"33.1%",1.34,0.22,0,-1.88,0.08,2.91,0,1.4,0.3,-0.21,-1.69,0.09,42,2,2,"100.0%",0,0,0,4,"0.0%","9.5%",0,0,1,"38.1%"
2560913,"DB","Tracy Walker (DET)",14,194,"5.9%",1.33,0.28,1.41,-0.28,-0.04,-0.04,0,1.23,0.26,1.35,-0.29,-0.05,10,1,1,"100.0%",0,0,0,0,"0.0%","0.0%",1,0,0,"71.4%"
2560763,"LB","Josey Jewell (DEN)",15,198,"23.7%",1.32,-0.72,0,1.87,-0.37,0.54,0,1.94,-0.66,-0.02,2.24,-0.16,32,9,6,"66.7%",0,0,3,1,"33.3%","12.5%",3,0,0,"53.3%"
2555522,"ILB","B.J. Goodson (NYG)",15,232,"19.2%",1.32,-0.41,0,1.5,0.34,-0.11,0,2.61,-0.12,0.46,1.57,0.81,32,10,8,"80.0%",0,0,1,0,"10.0%","3.1%",5,0,0,"59.1%"
2550541,"OLB","Shaquil Barrett (DEN)",12,149,"39.1%",1.3,0.03,0,-1.89,3.19,-0.03,0,2.08,0.11,-0.02,-1.45,3.47,9,6,4,"66.7%",0,0,1,0,"16.7%","11.1%",1,0,0,"100.0%"
2555349,"CB","Kendall Fuller (KC)",14,622,"51.5%",1.22,-2.34,0.45,2.57,-0.94,-0.96,2.43,4.28,-2.71,1.67,4.2,-0.35,282,43,29,"67.4%",2,0,6,0,"18.6%","2.8%",20.5,0,3,"49.7%"
2553687,"MLB","Zach Vigil (WAS)",4,19,"5.6%",1.19,-0.02,1.42,0.01,-0.2,0,0,1.29,-0.01,1.42,0.08,-0.2,1,1,1,"100.0%",0,0,0,0,"0.0%","0.0%",1,0,0,"0.0%"
2495613,"FS","Corey Graham (PHI)",13,439,"9.6%",1.15,1.15,0,0,0,0,0,1.41,1.41,0,0,0,35,0,0,"0.0%",0,0,0,0,"0.0%","0.0%",0,0,1,"40.0%"
2552392,"SS","Jordan Richards (ATL)",15,254,"25.0%",1.06,-0.58,0,2.28,-0.44,-0.19,0,1.77,-0.33,0.1,2.38,-0.19,58,5,2,"40.0%",0,0,3,0,"60.0%","5.2%",1,0,0,"52.8%"
2555542,"FS","Jordan Lucas (KC)",7,167,"22.2%",1.06,0.39,0.3,0.48,0,-0.11,0,1.27,0.23,0.3,0.84,0,32,1,0,"0.0%",0,0,1,0,"100.0%","3.1%",0,0,1,"66.7%"
2553500,"CB","Bryce Callahan (CHI)",13,454,"60.7%",1.04,-3.42,0.99,1.45,-0.32,2.01,0.32,3.95,-2.3,1.1,2.73,0.09,247,20,15,"75.0%",1,1,3,0,"20.0%","2.0%",12,0,0,"47.2%"
2556642,"ILB","Patrick Onwuasor (BAL)",16,238,"19.5%",0.97,-0.59,0,1.67,-0.02,-0.09,0,1.14,-0.63,0.02,1.76,0.07,25,3,1,"33.3%",0,0,1,0,"33.3%","4.0%",0.5,0,1,"68.8%"
2559054,"ILB","Nicholas Morrow (OAK)",14,237,"22.2%",0.91,0.12,0,0.86,0.07,-0.14,0,1.46,0.2,-0.05,1.38,0.06,42,5,4,"80.0%",0,0,1,0,"20.0%","2.4%",1,0,0,"70.4%"
2508080,"FS","Earl Thomas (SEA)",3,100,"5.2%",0.91,-0.72,1.63,0,0,0,0,0.93,-0.69,1.63,0,0,5,0,0,"0.0%",0,0,0,0,"0.0%","0.0%",0,0,0,"50.0%"
2558289,"LB","Tanner Vallejo (CLE)",6,76,"18.0%",0.87,-0.36,0.97,0.39,-0.1,-0.03,0,1.01,-0.29,1.02,0.35,-0.03,9,1,1,"100.0%",0,0,0,0,"0.0%","0.0%",1,0,0,"50.0%"
2556367,"CB","William Jackson (CIN)",16,601,"67.7%",0.84,6.41,-2.19,-0.71,-2.67,0,0,5.01,3.28,0.48,2.55,-1.3,386,42,25,"59.5%",0,0,13,1,"31.0%","3.6%",14,0,1,"44.6%"
2557880,"ILB","Josh Harvey-Clemons (WAS)",14,163,"19.1%",0.83,-0.72,0,1.62,0,-0.07,0,0.67,-0.65,-0.17,1.57,0,21,1,0,"0.0%",0,0,1,0,"100.0%","4.8%",0,0,1,"62.5%"
2552312,"MLB","Eric Kendricks (MIN)",13,442,"22.1%",0.82,-2.6,0,4.5,-0.81,-0.23,-0.04,1.47,-2.33,-0.19,4.71,-0.45,69,21,16,"76.2%",1,0,2,0,"14.3%","4.3%",9,0,0,"51.2%"
2555547,"CB","KeiVarae Russell (CIN)",6,81,"51.8%",0.78,0.46,0.62,-0.54,0.37,-0.14,0,1.72,-0.01,1.24,0.3,0.33,42,9,6,"66.7%",0,0,1,0,"11.1%","2.4%",4.5,0,0,"29.2%"
2552454,"SS","Landon Collins (NYG)",12,436,"20.8%",0.77,-1.12,0,-0.05,1.87,0.08,0,1.08,-0.28,-0.23,-0.69,2.21,77,18,14,"77.8%",0,0,2,1,"11.1%","3.9%",10,0,0,"35.4%"
2555339,"ILB","Kamalei Correa (TEN)",13,178,"21.4%",0.76,-0.03,0.79,0,0,0,0,0.57,-0.01,0.7,-0.06,-0.07,5,0,0,"0.0%",0,0,0,0,"0.0%","0.0%",0,0,0,"33.3%"
2560775,"DB","Rashaan Gaulden (CAR)",11,80,"7.9%",0.75,0.3,0.45,0,0,0,0,0.77,0.32,0.45,0,0,5,0,0,"0.0%",0,0,0,0,"0.0%","0.0%",0,0,0,"66.7%"
2541192,"SS","Chris Banjo (NO)",8,37,"8.6%",0.74,-0.11,0.85,0,0,0,0,0.7,-0.12,0.93,-0.11,0,2,0,0,"0.0%",0,0,0,0,"0.0%","0.0%",0,0,0,"0.0%"
2539290,"FS","Jordan Poyer (BUF)",16,546,"8.9%",0.73,-2.99,0,4.63,-0.07,-0.13,-0.71,1.08,-2.81,-0.03,4.82,-0.06,37,3,2,"66.7%",1,0,0,0,"33.3%","2.7%",1,0,0,"29.2%"
2557931,"CB","Cordrea Tankersley (MIA)",1,13,"46.2%",0.7,0.08,0.42,0.02,0.2,-0.02,0,0.55,0.05,0.52,0,0,5,1,1,"100.0%",0,0,0,0,"0.0%","0.0%",1,0,0,"60.0%"
2556673,"OLB","Brennan Scarlett (HOU)",7,54,"15.6%",0.68,-0.2,-0.44,0.62,0.71,-0.02,0,0.6,-0.18,-0.47,0.55,0.71,4,2,1,"50.0%",0,0,1,0,"50.0%","25.0%",0.5,0,0,"66.7%"
2558166,"OLB","Tyus Bowser (BAL)",14,102,"19.0%",0.64,0.12,0.51,0,0,0,0,0.6,0.08,0.51,0,0,4,0,0,"0.0%",0,0,0,0,"0.0%","0.0%",0,0,0,"66.7%"
2555256,"OLB","Jordan Jenkins (NYJ)",16,352,"23.9%",0.61,0,0.61,0,0,0,0,0.55,-0.01,0.58,0,-0.02,10,0,0,"0.0%",0,0,0,0,"0.0%","0.0%",0,0,0,"80.0%"
2560719,"CB","Brandon Facyson (LAC)",3,5,"60.0%",0.6,0.6,0,0,0,0,0,0.62,0.62,0,0,0,3,0,0,"0.0%",0,0,0,0,"0.0%","0.0%",0,0,0,"50.0%"
2533459,"ILB","Nate Stupar (NYG)",6,31,"15.4%",0.6,-0.22,0.05,0.77,0,-0.01,0,0.77,-0.17,0.1,0.85,0,3,2,1,"50.0%",0,0,0,0,"0.0%","0.0%",0,0,0,"50.0%"
2540013,"ILB","Will Compton (TEN)",5,38,"13.3%",0.57,-0.05,0.19,0.45,0,-0.01,0,0.45,-0.04,0.09,0.41,0,4,1,0,"0.0%",0,0,1,0,"100.0%","25.0%",0,0,0,"25.0%"
2560986,"LB","Jason Cabinda (OAK)",10,49,"11.1%",0.56,-0.25,0.81,0,0,0,0,0.53,-0.28,0.81,0,0,5,0,0,"0.0%",0,0,0,0,"0.0%","0.0%",0,0,0,"75.0%"
2550605,"CB","Marcus Williams (CHI/TB)",3,21,"52.4%",0.55,0.31,0.2,-0.04,0.11,-0.04,0,0.42,0.31,0.16,0,-0.01,11,2,2,"100.0%",0,0,0,0,"0.0%","0.0%",2,0,0,"40.0%"
2555299,"CB","Vernon Hargreaves III (TB)",1,39,"68.4%",0.55,-0.32,1.33,0.25,-0.63,-0.08,0,0.9,-0.27,1.2,0.72,-0.67,25,5,4,"80.0%",0,0,0,0,"0.0%","0.0%",4,0,0,"28.6%"
71197,"OLB","Connor Barwin (NYG)",15,160,"25.0%",0.54,0.11,0,0.44,0,-0.01,0,0.57,0.11,-0.1,0.57,0,2,1,0,"0.0%",0,0,0,0,"0.0%","0.0%",0,0,0,"100.0%"
2555155,"SS","Deon Bush (CHI)",7,102,"3.0%",0.54,-0.05,0.59,0,0,0,0,0.54,-0.05,0.59,0,0,2,0,0,"0.0%",0,0,0,0,"0.0%","0.0%",0,0,0,"100.0%"
2558821,"CB","Jamal Agnew (DET)",5,73,"64.8%",0.53,1.96,0.01,-0.96,-0.33,-0.14,0,1.49,2.05,0.27,-0.4,-0.3,43,5,5,"100.0%",0,0,0,0,"0.0%","0.0%",3,0,0,"53.3%"
2558033,"OLB","Ben Gedeon (MIN)",13,97,"24.1%",0.48,-0.07,0,0.6,0,-0.06,0,0.71,-0.05,0.09,0.59,0.13,17,3,1,"33.3%",0,0,1,0,"33.3%","5.9%",0,0,0,"64.3%"
2495190,"OLB","Ryan Kerrigan (WAS)",16,478,"19.2%",0.46,-0.31,0,0.79,0,-0.02,0,0.39,-0.25,-0.11,0.76,0,4,1,0,"0.0%",0,0,0,0,"0.0%","0.0%",0,0,0,"0.0%"
2552320,"ILB","Ramik Wilson (LA)",11,86,"30.3%",0.45,-0.17,0.94,0.1,-0.34,-0.07,0,0.54,-0.09,0.84,0.14,-0.27,23,4,3,"75.0%",0,0,1,0,"25.0%","4.3%",2,0,0,"50.0%"
2561278,"CB","Tavierre Thomas (CLE)",1,8,"50.0%",0.45,0.05,-0.02,0.06,0.36,-0.01,0,0.86,0.09,0.02,0.33,0.42,4,1,1,"100.0%",0,0,0,0,"0.0%","0.0%",1,0,0,"100.0%"
2561644,"CB","Adonis Alexander (WAS)",2,9,"37.5%",0.43,0.43,0,0,0,0,0,0.48,0.48,0,0,0,3,0,0,"0.0%",0,0,0,0,"0.0%","0.0%",0,0,0,"0.0%"
2560984,"LB","Oren Burks (GB)",10,69,"31.4%",0.42,-0.31,-0.49,1.14,0.13,-0.05,0,-0.19,-0.28,-0.65,0.71,0.07,15,3,2,"66.7%",0,0,0,0,"0.0%","0.0%",1,0,0,"20.0%"
2555288,"ILB","Nick Kwiatkoski (CHI)",9,75,"25.4%",0.4,-0.32,0.17,0.01,0.59,-0.04,0,0.3,-0.37,0.12,-0.16,0.77,14,5,4,"80.0%",0,0,0,0,"0.0%","0.0%",1.5,0,0,"41.7%"
2539978,"ILB","Jon Bostic (PIT)",15,280,"29.0%",0.39,0.4,0,0.05,0.13,-0.18,0,1.13,0.64,0,0.27,0.4,56,14,13,"92.9%",0,0,1,0,"7.1%","1.8%",9.5,0,0,"54.6%"
2556429,"SS","Matthias Farley (IND)",5,101,"7.4%",0.39,-0.02,1.12,-0.1,-0.58,-0.02,0,0.46,-0.01,1.1,0,-0.61,7,2,2,"100.0%",0,0,0,0,"0.0%","0.0%",0.5,0,0,"50.0%"
2535693,"CB","Johnson Bademosi (HOU)",4,20,"50.0%",0.37,0.06,0,0.34,0,-0.03,0,0.81,0.14,0.27,0.31,0.12,9,1,1,"100.0%",0,0,0,0,"0.0%","0.0%",0,0,0,"50.0%"
2552490,"ILB","Benardrick McKinney (HOU)",16,522,"20.2%",0.36,-3.11,0,3.56,0.38,-0.24,-0.23,-0.07,-2.66,-0.05,2.86,0.25,72,7,4,"57.1%",1,0,1,0,"28.6%","2.8%",2,0,0,"38.6%"
2561132,"LB","Foye Oluokun (ATL)",16,273,"27.1%",0.35,-3.08,0,2,1.63,-0.2,0,-0.27,-2.88,-0.17,1.16,1.82,58,15,11,"73.3%",0,0,1,0,"6.7%","1.7%",5.5,0,2,"56.2%"
2560795,"CB","Avonte Maddox (PHI)",10,371,"31.2%",0.34,-2.22,-1.43,1.64,0.19,2.47,-0.3,2.31,-1.33,-0.92,2.52,-0.12,109,10,8,"80.0%",1,0,1,1,"20.0%","2.8%",6,0,0,"34.2%"
2495281,"ILB","Mason Foster (WAS)",16,585,"13.5%",0.33,-1.03,0,-3.27,1.36,3.35,-0.06,0.43,-0.8,-0.19,-3.18,1.32,56,7,7,"100.0%",0,1,0,0,"0.0%","1.8%",3.5,0,0,"42.1%"
2540291,"CB","Kayvon Webster (HOU)",2,6,"66.7%",0.33,0.33,0,0,0,0,0,0.25,0.25,0,0,0,4,0,0,"0.0%",0,0,0,0,"0.0%","0.0%",0,0,0,"50.0%"
2499257,"FS","Colin Jones (CAR)",7,61,"13.8%",0.31,-0.31,-1.55,-1.61,0.15,3.46,0.17,0.26,-0.32,-1.67,-1.51,0.13,6,3,3,"100.0%",0,1,0,0,"0.0%","16.7%",1.5,0,0,"20.0%"
2557972,"MLB","Marquel Lee (OAK)",16,171,"16.1%",0.3,-0.76,0,-0.46,1.59,-0.07,0,0.41,-0.69,-0.2,-0.18,1.55,21,6,5,"83.3%",0,0,1,0,"16.7%","4.8%",2.5,0,0,"50.0%"
2555505,"OLB","Matt Judon (BAL)",16,434,"23.6%",0.29,-0.38,1.07,-0.38,0.03,-0.05,0,0.17,-0.4,1.04,-0.53,0.11,16,2,2,"100.0%",0,0,0,0,"0.0%","0.0%",1,0,0,"50.0%"
2552605,"FS","Ibraheim Campbell (DAL/GB)",4,66,"10.8%",0.28,-0.05,0.33,0,0,0,0,0.26,-0.07,0.33,0,0,7,0,0,"0.0%",0,0,0,0,"0.0%","0.0%",0,0,0,"100.0%"
2558857,"FS","Adrian Colbert (SF)",5,160,"1.3%",0.27,0,0.27,0,0,0,0,0.27,0,0.27,0,0,1,0,0,"0.0%",0,0,0,0,"0.0%","0.0%",0,0,0,"100.0%"
2561207,"FS","Raven Greene (GB)",3,34,"17.2%",0.25,0.25,0,0,0,0,0,0.24,0.24,0,0,0,5,0,0,"0.0%",0,0,0,0,"0.0%","0.0%",0,0,0,"50.0%"
71423,"OLB","Brian Orakpo (TEN)",13,332,"18.4%",0.24,-0.09,0.33,0,0,0,0,0.27,-0.06,0.33,0,0,6,0,0,"0.0%",0,0,0,0,"0.0%","0.0%",0,0,0,"25.0%"
2561093,"LB","Jermaine Carter (CAR)",6,42,"30.3%",0.23,0.07,-0.1,0.66,-0.37,-0.03,0,0.62,0.09,-0.18,1.14,-0.4,10,3,3,"100.0%",0,0,0,0,"0.0%","0.0%",1,0,0,"60.0%"
2558819,"CB","Derrick Jones (NYJ)",1,17,"41.2%",0.21,-0.59,0.79,0,0,0,0,0.59,-0.55,0.82,0.32,0,7,0,0,"0.0%",0,0,0,0,"0.0%","0.0%",0,0,0,"0.0%"
2557924,"OLB","Jalen Reeves-Maybin (DET)",9,63,"26.1%",0.19,0.05,0.14,0,0,0,0,0.1,0.04,0.15,-0.19,0.1,10,0,0,"0.0%",0,0,0,0,"0.0%","0.0%",0,0,0,"55.6%"
2559200,"LB","Joe Jones (DEN)",3,15,"8.3%",0.17,0.02,0,0.12,0.03,0,0,0.22,0,-0.06,0.24,0.05,1,1,1,"100.0%",0,0,0,0,"0.0%","0.0%",1,0,0,"0.0%"
2550659,"CB","Tyler Patmon (JAX)",7,139,"54.8%",0.17,-0.15,0,1.24,-0.7,-0.22,0,-0.26,-0.17,-0.4,0.85,-0.33,67,7,5,"71.4%",0,0,0,0,"0.0%","0.0%",4,0,0,"53.5%"
2539219,"CB","Blidi Wreh-Wilson (ATL)",3,25,"41.7%",0.16,0.25,0,0,-0.06,-0.03,0,0.85,0.33,0.25,0.2,0.1,10,1,1,"100.0%",0,0,0,0,"0.0%","0.0%",1,0,0,"66.7%"
2558097,"ILB","Ukeme Eligwe (NYG)",3,28,"9.1%",0.16,-0.13,0.28,0,0,0,0,0.16,-0.13,0.28,0,0,2,0,0,"0.0%",0,0,0,0,"0.0%","0.0%",0,0,0,"0.0%"
2552317,"MLB","Mike Hull (MIA)",2,20,"18.2%",0.14,-0.03,-0.17,0.4,-0.05,-0.01,0,0.15,-0.01,-0.17,0.32,0.01,2,1,1,"100.0%",0,0,0,0,"0.0%","0.0%",1,0,0,"0.0%"
2539277,"MLB","Manti Te'o (NO)",5,70,"19.6%",0.14,-0.53,0.04,1.09,-0.43,-0.03,0,0.11,-0.51,-0.06,1.15,-0.44,10,2,1,"50.0%",0,0,0,0,"0.0%","0.0%",0.5,0,0,"25.0%"
2540287,"FS","Rontez Miles (NYJ)",4,49,"4.3%",0.14,0.01,0.13,0,0,0,0,0.14,0.01,0.13,0,0,2,0,0,"0.0%",0,0,0,0,"0.0%","0.0%",0,0,0,"0.0%"
2560750,"LB","Joel Iyiegbuniwe (CHI)",4,20,"16.7%",0.11,-0.02,0.13,0,0,0,0,0.11,-0.02,0.13,0,0,2,0,0,"0.0%",0,0,0,0,"0.0%","0.0%",0,0,0,"50.0%"
2556798,"CB","Kenneth Durden (TEN)",2,4,"25.0%",0.1,-0.01,0.12,0,0,0,0,0.09,-0.03,0.12,0,0,1,0,0,"0.0%",0,0,0,0,"0.0%","0.0%",0,0,0,"100.0%"
2561117,"DB","Tarvarius Moore (SF)",10,110,"59.4%",0.09,-0.35,-0.86,-1.96,3.47,-0.2,0,1.51,-0.1,-0.3,-1.29,3.4,59,8,6,"75.0%",0,0,1,0,"12.5%","1.7%",4,1,0,"38.2%"
2561131,"FS","George Odum (IND)",9,116,"3.8%",0.09,0,0.09,0,0,0,0,0.11,0.02,0.09,0,0,2,0,0,"0.0%",0,0,0,0,"0.0%","0.0%",0,0,0,"100.0%"
2495201,"OLB","Pernell McPhee (WAS)",13,123,"25.0%",0.08,0.08,0,0,0,0,0,0.09,0.09,0,0,0,2,0,0,"0.0%",0,0,0,0,"0.0%","0.0%",0,0,0,"0.0%"
2506353,"ILB","Derrick Johnson (OAK)",6,94,"11.7%",0.08,-0.78,0.86,0,0,0,0,0.05,-0.77,0.83,-0.01,-0.01,9,0,0,"0.0%",0,0,0,0,"0.0%","0.0%",0,0,0,"25.0%"
2553545,"DB","Isaiah Johnson (LA)",1,5,"50.0%",0.07,0.07,0,0,0,0,0,0.06,0.06,0,0,0,1,0,0,"0.0%",0,0,0,0,"0.0%","0.0%",0,0,0,"100.0%"
2541864,"OLB","Josh Martin (NYJ)",1,11,"66.7%",0.07,0.07,0,0,0,0,0,0.07,0.07,0,0,0,2,0,0,"0.0%",0,0,0,0,"0.0%","0.0%",0,0,0,"50.0%"
2550262,"ILB","Joe Thomas (DAL)",6,39,"18.5%",0.06,-0.37,0.36,0.03,0.05,-0.02,0,0.03,-0.35,0.34,0.02,0.04,5,1,1,"100.0%",0,0,0,0,"0.0%","0.0%",1,0,0,"33.3%"
2495229,"MLB","Kelvin Sheppard (DET)",1,3,"50.0%",0.05,0.05,0,0,0,0,0,0.05,0.05,0,0,0,1,0,0,"0.0%",0,0,0,0,"0.0%","0.0%",0,0,0,"100.0%"
2559043,"OLB","Chase Allen (MIA)",2,5,"25.0%",0.04,0.04,0,0,0,0,0,0.05,0.05,0,0,0,1,0,0,"0.0%",0,0,0,0,"0.0%","0.0%",0,0,0,"0.0%"
2561015,"OLB","Lorenzo Carter (NYG)",15,295,"29.4%",0.03,0.03,0,0,0,0,0,0.08,0.08,0,0,0,4,0,0,"0.0%",0,0,0,0,"0.0%","0.0%",0,0,0,"100.0%"
2508007,"CB","Marcus Sherels (MIN)",2,16,"68.8%",0.02,0.32,-0.3,0,0,0,0,0.01,0.31,-0.3,0,0,11,0,0,"0.0%",0,0,0,0,"0.0%","0.0%",0,0,0,"33.3%"
2561383,"LB","Ben Niemann (KC)",6,23,"18.2%",0.01,-0.18,0.09,-0.61,0.73,-0.01,0,0.44,-0.18,0.11,-0.31,0.83,4,2,2,"100.0%",0,0,0,0,"0.0%","0.0%",2,0,0,"50.0%"
2553562,"DB","Dean Marlowe (BUF)",1,28,"0.0%",0,0,0,0,0,0,0,0,0,0,0,0,0,0,0,"0.0%",0,0,0,0,"0.0%","0.0%",0,0,0,"0.0%"
2560875,"LB","Andre Smith (CAR)",1,4,"0.0%",0,0,0,0,0,0,0,0,0,0,0,0,0,0,0,"0.0%",0,0,0,0,"0.0%","0.0%",0,0,0,"0.0%"
2539937,"SS","Shamarko Thomas (DEN)",2,15,"0.0%",0,0,0,0,0,0,0,0,0,0,0,0,0,0,0,"0.0%",0,0,0,0,"0.0%","0.0%",0,0,0,"0.0%"
2557853,"OLB","Ryan Anderson (WAS)",13,97,"40.0%",0,0,0,0,0,0,0,0.02,0.02,0,0,0,0,0,0,"0.0%",0,0,0,0,"0.0%","0.0%",0,0,0,"0.0%"
2555168,"MLB","Kentrell Brothers (MIN)",2,4,"0.0%",0,0,0,0,0,0,0,0,0,0,0,0,0,0,0,"0.0%",0,0,0,0,"0.0%","0.0%",0,0,0,"0.0%"
2532974,"OLB","Kyle Wilber (OAK)",3,29,"0.0%",0,0,0,0,0,0,0,0,0,0,0,0,0,0,0,"0.0%",0,0,0,0,"0.0%","0.0%",0,0,0,"0.0%"
2560774,"LB","Peter Kalambayi (HOU)",4,17,"0.0%",0,0,0,0,0,0,0,0,0,0,0,0,0,0,0,"0.0%",0,0,0,0,"0.0%","0.0%",0,0,0,"0.0%"
2556542,"LB","Nicholas Grigsby (NE)",3,14,"0.0%",0,0,0,0,0,0,0,0,0,0,0,0,0,0,0,"0.0%",0,0,0,0,"0.0%","0.0%",0,0,0,"0.0%"
2556641,"DE","Romeo Okwara (DET)",15,395,"9.1%",0,0,0,0,0,0,0,0,0,0,0,0,0,0,0,"0.0%",0,0,0,0,"0.0%","0.0%",0,0,0,"0.0%"
2558174,"S","Rudy Ford (ARI)",4,34,"0.0%",0,0,0,0,0,0,0,0,0,0,0,0,0,0,0,"0.0%",0,0,0,0,"0.0%","0.0%",0,0,0,"0.0%"
2561033,"DB","Dane Cruikshank (TEN)",6,26,"0.0%",0,0,0,0,0,0,0,0,0,0,0,0,0,0,0,"0.0%",0,0,0,0,"0.0%","0.0%",0,0,0,"0.0%"
2555380,"CB","Cyrus Jones (BAL/NE)",4,8,"0.0%",0,0,0,0,0,0,0,0,0,0,0,0,0,0,0,"0.0%",0,0,0,0,"0.0%","0.0%",0,0,0,"0.0%"
2556614,"LB","Cassanova McKinzy (WAS)",3,25,"33.3%",0,0,0,0,0,0,0,-0.2,0,-0.06,-0.14,0,1,0,0,"0.0%",0,0,0,0,"0.0%","0.0%",0,0,0,"0.0%"
2507644,"OLB","Ramon Humber (BUF/NE)",4,35,"17.9%",-0.01,-0.08,0.13,-0.1,0.05,-0.01,0,-0.02,-0.09,0.17,-0.15,0.06,4,1,1,"100.0%",0,0,0,0,"0.0%","0.0%",1,0,0,"66.7%"
2560826,"LB","Uchenna Nwosu (LAC)",15,176,"31.2%",-0.01,-0.01,0,0,0,0,0,-0.01,-0.01,0,0,0,4,0,0,"0.0%",0,0,0,0,"0.0%","0.0%",0,0,0,"100.0%"
2558853,"CB","Mike Tyson (HOU)",5,103,"11.1%",-0.01,-0.3,0,0.32,0,-0.03,0,0.17,-0.22,-0.13,0.55,0,9,1,0,"0.0%",0,0,0,0,"0.0%","0.0%",0,0,0,"66.7%"
2540159,"MLB","Kevin Minter (TB)",4,9,"25.0%",-0.01,-0.01,0,0,0,0,0,-0.04,-0.01,-0.03,0,0,1,0,0,"0.0%",0,0,0,0,"0.0%","0.0%",0,0,0,"0.0%"
2533049,"OLB","Whitney Mercilus (HOU)",16,485,"26.0%",-0.02,-1.67,0,1.36,0.36,-0.07,0,0.09,-1.59,-0.26,1.33,0.69,21,3,3,"100.0%",0,0,0,0,"0.0%","0.0%",0.5,0,0,"30.8%"
2506345,"CB","Adam Jones (DEN)",5,66,"56.2%",-0.02,-0.94,-0.74,1.69,0.09,-0.12,0,0.88,-0.75,-0.65,1.91,0.48,35,4,3,"75.0%",0,0,1,0,"25.0%","2.9%",2,0,1,"56.0%"
2543563,"ILB","Kevin Pierre-Louis (NYJ)",5,31,"58.8%",-0.03,-0.71,-0.19,-0.35,1.25,-0.03,0,-0.79,-0.66,-0.34,-0.99,1.23,10,3,3,"100.0%",0,0,0,0,"0.0%","0.0%",1,0,0,"66.7%"
2543712,"SS","Terrence Brooks (NYJ)",3,44,"2.3%",-0.03,-0.03,0,0,0,0,0,-0.04,-0.04,0,0,0,1,0,0,"0.0%",0,0,0,0,"0.0%","0.0%",0,0,0,"100.0%"
2553736,"DB","Denzel Rice (CLE)",1,21,"50.0%",-0.03,0.13,0,-0.13,0,-0.03,0,0.61,0.21,-0.02,0.39,0.06,9,1,1,"100.0%",0,0,0,0,"0.0%","0.0%",0,0,0,"50.0%"
2560976,"LB","Keishawn Bierria (DEN)",3,6,"50.0%",-0.04,-0.04,0,0,0,0,0,-0.04,-0.04,0,0,0,3,0,0,"0.0%",0,0,0,0,"0.0%","0.0%",0,0,0,"50.0%"
2561328,"OLB","Sharif Finch (TEN)",15,101,"30.8%",-0.04,-0.1,0.23,-0.18,0.02,-0.01,0,0.09,-0.11,0.32,-0.35,0.23,3,1,1,"100.0%",0,0,0,0,"0.0%","0.0%",1,0,0,"50.0%"
496814,"OLB","Albert McClellan (BAL/NE)",5,16,"25.0%",-0.04,-0.04,0,0,0,0,0,-0.04,-0.04,0,0,0,1,0,0,"0.0%",0,0,0,0,"0.0%","0.0%",0,0,0,"0.0%"
2553774,"OLB","Cameron Lynch (TB)",5,8,"25.0%",-0.04,-0.04,0,0,0,0,0,-0.02,-0.01,0.05,-0.06,0,1,0,0,"0.0%",0,0,0,0,"0.0%","0.0%",0,0,0,"0.0%"
2533534,"DE","Olivier Vernon (NYG)",11,386,"33.3%",-0.04,-0.04,0,0,0,0,0,-0.05,-0.05,0,0,0,1,0,0,"0.0%",0,0,0,0,"0.0%","0.0%",0,0,0,"0.0%"
2540162,"CB","Logan Ryan (TEN)",14,498,"47.8%",-0.05,-1.09,-0.26,4.11,-2.14,-0.68,0,1.01,-0.11,-0.2,4.43,-2.42,202,18,10,"55.6%",0,0,5,0,"27.8%","2.5%",8,0,3,"46.6%"
2543738,"OLB","Kareem Martin (NYG)",16,317,"36.7%",-0.05,-0.39,0,0.19,0.19,-0.04,0,0,-0.32,0.05,0.12,0.19,10,1,1,"100.0%",0,0,0,0,"0.0%","0.0%",0.5,0,0,"66.7%"
2507167,"FS","Reggie Nelson (OAK)",11,210,"10.0%",-0.06,-0.9,0,0.78,0.11,-0.06,0,0.26,-0.89,0.01,0.82,0.38,16,3,3,"100.0%",0,0,0,0,"0.0%","0.0%",2,0,0,"58.3%"
2555536,"SS","Kavon Frazier (DAL)",6,101,"11.7%",-0.06,-1.15,0.26,0.25,0.62,-0.04,0,-0.19,-1.09,0.28,0.05,0.59,11,2,2,"100.0%",0,0,0,0,"0.0%","0.0%",2,0,0,"28.6%"
2560724,"LB","Kylie Fitts (CHI)",4,41,"66.7%",-0.06,-0.06,0,0,0,0,0,-0.06,-0.06,0,0,0,2,0,0,"0.0%",0,0,0,0,"0.0%","0.0%",0,0,0,"0.0%"
2541848,"OLB","Deon Lacey (BUF)",1,10,"22.2%",-0.07,-0.07,0,0,0,0,0,-0.11,-0.07,-0.03,-0.01,-0.01,1,0,0,"0.0%",0,0,0,0,"0.0%","0.0%",0,0,0,"0.0%"
2552321,"MLB","Stephone Anthony (MIA)",5,5,"20.0%",-0.07,-0.07,0,0,0,0,0,-0.08,-0.08,0,0,0,1,0,0,"0.0%",0,0,0,0,"0.0%","0.0%",0,0,0,"0.0%"
2543739,"CB","Dontae Johnson (BUF)",1,5,"50.0%",-0.07,-0.07,0,0,0,0,0,-0.08,-0.08,0,0,0,2,0,0,"0.0%",0,0,0,0,"0.0%","0.0%",0,0,0,"100.0%"
2540140,"OLB","Barkevious Mingo (SEA)",15,252,"20.1%",-0.07,-0.5,0,1.42,-0.89,-0.09,0,0.56,-0.43,-0.17,2,-0.76,25,5,4,"80.0%",0,0,0,0,"0.0%","0.0%",2,0,0,"62.5%"
2559287,"LB","Isaiah Irving (CHI)",9,74,"14.3%",-0.08,-0.08,0,0,0,0,0,-0.08,-0.08,0,0,0,1,0,0,"0.0%",0,0,0,0,"0.0%","0.0%",0,0,0,"0.0%"
2543643,"SS","Nat Berhe (PIT)",2,27,"43.5%",-0.08,1.04,-0.02,-1.07,0,-0.03,0,0.01,1.21,0.06,-1.24,0,10,1,1,"100.0%",0,0,0,0,"0.0%","0.0%",0,0,0,"75.0%"
2549896,"OLB","Marquis Flowers (DET)",1,3,"50.0%",-0.08,-0.08,0,0,0,0,0,-0.08,-0.08,0,0,0,1,0,0,"0.0%",0,0,0,0,"0.0%","0.0%",0,0,0,"100.0%"
2560881,"LB","Breeland Speaks (KC)",15,271,"5.9%",-0.08,-0.08,0,0,0,0,0,-0.09,-0.09,0,0,0,1,0,0,"0.0%",0,0,0,0,"0.0%","0.0%",0,0,0,"0.0%"
2558858,"CB","Joshua Holsey (WAS)",1,17,"41.2%",-0.09,-0.02,0,0.32,-0.37,-0.02,0,-0.11,-0.03,0,0.25,-0.31,6,1,1,"100.0%",0,0,0,0,"0.0%","0.0%",1,0,0,"66.7%"
2555381,"FS","DeAndre Houston-Carson (CHI)",8,36,"18.2%",-0.09,-0.09,0,0,0,0,0,-0.1,-0.1,0,0,0,5,0,0,"0.0%",0,0,0,0,"0.0%","0.0%",0,0,0,"40.0%"
2561022,"LB","Jack Cichy (TB)",1,3,"50.0%",-0.1,0.03,0,-0.14,0.01,0,0,-0.09,0.04,-0.08,-0.24,0.19,1,1,1,"100.0%",0,0,0,0,"0.0%","0.0%",1,0,0,"0.0%"
2536032,"OLB","Emmanuel Lamur (OAK)",8,44,"38.5%",-0.1,-0.09,-0.09,0.12,0,-0.05,0,0.03,-0.11,-0.11,0.12,0.17,14,1,1,"100.0%",0,0,0,0,"0.0%","0.0%",0,0,0,"66.7%"
2560816,"ILB","Skai Moore (IND)",5,33,"7.1%",-0.12,-0.12,0,0,0,0,0,-0.11,-0.11,0,0,0,2,0,0,"0.0%",0,0,0,0,"0.0%","0.0%",0,0,0,"0.0%"
2555294,"LB","Shilique Calhoun (OAK)",7,67,"25.0%",-0.13,-0.13,0,0,0,0,0,-0.1,-0.1,0,0,0,1,0,0,"0.0%",0,0,0,0,"0.0%","0.0%",0,0,0,"0.0%"
2561003,"LB","Shaun Dion Hamilton (WAS)",5,51,"18.0%",-0.13,0.09,0.26,-0.76,0.31,-0.02,0,-0.18,0.13,0.32,-0.91,0.3,7,1,1,"100.0%",0,0,0,0,"0.0%","0.0%",0,0,0,"50.0%"
2552279,"OLB","Za'Darius Smith (BAL)",16,457,"6.2%",-0.13,0.06,-0.19,0,0,0,0,-0.13,0.06,-0.19,0,0,1,0,0,"0.0%",0,0,0,0,"0.0%","0.0%",0,0,0,"100.0%"
238227,"FS","Mike Mitchell (IND)",8,141,"4.4%",-0.13,-0.13,0,0,0,0,0,-0.09,-0.09,0,0,0,5,0,0,"0.0%",0,0,0,0,"0.0%","0.0%",0,0,0,"25.0%"
2559356,"CB","Dominique Hatfield (LA)",3,6,"33.3%",-0.14,-0.14,0,0,0,0,0,-0.09,-0.09,0,0,0,2,0,0,"0.0%",0,0,0,0,"0.0%","0.0%",0,0,0,"0.0%"
2533048,"OLB","Nick Perry (GB)",9,173,"8.3%",-0.14,-0.03,-0.11,0,0,0,0,-0.17,-0.03,-0.13,-0.01,0,1,0,0,"0.0%",0,0,0,0,"0.0%","0.0%",0,0,0,"0.0%"
2559293,"DB","Dymonte Thomas (DEN)",3,31,"6.9%",-0.15,-0.15,0,0,0,0,0,-0.12,-0.12,0,0,0,2,0,0,"0.0%",0,0,0,0,"0.0%","0.0%",0,0,0,"100.0%"
2555280,"CB","Jalen Ramsey (JAX)",16,550,"66.2%",-0.15,-2.64,-1.64,4.67,-1.05,-1.14,1.65,7.46,-1.71,0.53,9.79,-1.67,341,42,28,"66.7%",2,0,8,0,"23.8%","2.9%",20,0,2,"40.2%"
2534830,"SS","Tavon Wilson (DET)",14,176,"36.7%",-0.17,0.36,0,-0.67,0.34,-0.19,0,0.16,0.3,-0.01,-0.53,0.57,55,6,4,"66.7%",0,0,0,0,"0.0%","0.0%",2,0,0,"51.3%"
2561107,"LB","Corey Thompson (BUF)",3,29,"17.6%",-0.17,-0.19,0.03,0,0,0,0,-0.14,-0.17,0.03,0,0,3,0,0,"0.0%",0,0,0,0,"0.0%","0.0%",0,0,0,"100.0%"
2557995,"FS","Marcus Maye (NYJ)",6,205,"4.0%",-0.17,-0.17,0,0,0,0,0,-0.2,-0.2,0,0,0,7,0,0,"0.0%",0,0,0,0,"0.0%","0.0%",0,0,0,"50.0%"
2558988,"CB","Lenzy Pipkins (IND)",1,42,"28.6%",-0.18,-0.37,0.19,0,0,0,0,-0.1,-0.31,0.21,0,0,12,0,0,"0.0%",0,0,0,0,"0.0%","0.0%",0,0,0,"33.3%"
2552313,"MLB","Hayes Pullard (LAC)",6,40,"14.3%",-0.19,-0.41,0.22,0,0,0,0,-0.24,-0.44,0.2,0,0,5,0,0,"0.0%",0,0,0,0,"0.0%","0.0%",0,0,0,"0.0%"
2558182,"SS","Rayshawn Jenkins (LAC)",8,73,"23.0%",-0.21,-0.71,0.72,-0.02,-0.14,-0.04,0,-0.24,-0.74,0.64,-0.13,0.03,14,1,1,"100.0%",0,0,0,0,"0.0%","0.0%",1,0,0,"50.0%"
2506789,"CB","Tramon Williams (GB)",16,589,"31.5%",-0.21,0.08,0.47,2.47,-2.67,-0.56,0,0.39,-0.08,0.61,2.91,-2.5,169,12,8,"66.7%",0,0,1,0,"8.3%","0.6%",5,0,0,"54.5%"
2540221,"ILB","Vince Williams (PIT)",14,427,"26.8%",-0.22,0.26,0,-0.93,0.67,-0.21,0,-1.02,0.24,-0.27,-1.43,0.64,62,8,7,"87.5%",0,0,0,0,"0.0%","0.0%",5.5,0,0,"58.6%"
2556550,"CB","Josh Hawkins (CAR/PHI)",2,5,"40.0%",-0.24,-0.24,0,0,0,0,0,-0.22,-0.22,0,0,0,2,0,0,"0.0%",0,0,0,0,"0.0%","0.0%",0,0,0,"50.0%"
2558248,"FS","Chuck Clark (BAL)",13,169,"19.5%",-0.28,-0.6,0,0.34,0.07,-0.09,0,0.23,-0.54,0.12,0.36,0.38,27,4,3,"75.0%",0,0,0,0,"0.0%","0.0%",2,0,0,"55.6%"
2552276,"OLB","Preston Smith (WAS)",16,482,"37.1%",-0.28,-0.13,-0.06,-0.04,0,-0.04,0,-0.44,-0.09,-0.12,-0.18,-0.01,10,1,1,"100.0%",0,0,0,0,"0.0%","0.0%",0,0,0,"71.4%"
2540219,"FS","J.J. Wilcox (IND/NYJ)",7,51,"22.2%",-0.28,-0.53,0.12,-0.01,0.17,-0.03,0,-0.15,-0.48,0.13,-0.14,0.37,8,2,2,"100.0%",0,0,0,0,"0.0%","0.0%",1,0,0,"33.3%"
2561103,"WR","Tremon Smith (KC)",5,36,"65.7%",-0.3,-2.1,0.24,1.95,-0.32,-0.07,0,1.81,-1.87,0.61,3.55,-0.41,22,4,3,"75.0%",0,0,0,0,"0.0%","0.0%",0,0,1,"38.5%"
2552307,"ILB","Bryce Hager (LA)",8,40,"23.3%",-0.3,-0.15,0.04,-0.17,0,-0.02,0,0.04,-0.09,0.04,-0.19,0.31,7,1,1,"100.0%",0,0,0,0,"0.0%","0.0%",0,0,0,"50.0%"
2561366,"LB","Frankie Luvu (NYJ)",14,275,"26.3%",-0.36,-0.18,0.37,-0.62,0.09,-0.02,0,0.14,-0.16,0.51,-0.37,0.18,7,2,2,"100.0%",0,0,0,0,"0.0%","0.0%",0,0,0,"40.0%"
2553710,"SS","Deshazor Everett (WAS)",11,51,"21.7%",-0.37,-0.28,-0.09,0,0,0,0,-0.36,-0.27,-0.09,0,0,10,0,0,"0.0%",0,0,0,0,"0.0%","0.0%",0,0,0,"30.0%"
2558274,"FS","Shalom Luani (SEA)",2,8,"28.6%",-0.38,-0.38,0,0,0,0,0,-0.38,-0.38,0,0,0,2,0,0,"0.0%",0,0,0,0,"0.0%","0.0%",0,0,0,"0.0%"
2552301,"DE","Vic Beasley (ATL)",16,450,"22.2%",-0.38,-0.38,0,0,0,0,0,-0.42,-0.38,-0.03,-0.01,-0.01,2,0,0,"0.0%",0,0,0,0,"0.0%","0.0%",0,0,1,"0.0%"
2558060,"FS","Malik Hooker (IND)",14,516,"1.2%",-0.39,-0.39,0,0,0,0,0,-0.42,-0.38,-0.02,0,-0.02,4,0,0,"0.0%",0,0,0,0,"0.0%","0.0%",0,0,0,"0.0%"
2550365,"S","Kenny Ladler (NYG)",2,18,"17.6%",-0.4,0.35,0,-0.18,-0.57,-0.01,0,-0.33,0.37,-0.02,-0.11,-0.56,2,1,1,"100.0%",0,0,0,0,"0.0%","0.0%",0,0,0,"0.0%"
2559260,"DB","Tre Sullivan (PHI)",11,174,"4.7%",-0.41,-0.17,0,-0.28,0.07,-0.03,0,-0.55,-0.12,-0.09,-0.38,0.06,7,1,1,"100.0%",0,0,0,0,"0.0%","0.0%",1,0,0,"0.0%"
496828,"OLB","Derrick Morgan (TEN)",13,294,"22.7%",-0.41,-0.09,0.28,-0.27,-0.32,-0.02,0,-0.3,-0.01,0.27,-0.16,-0.39,5,2,2,"100.0%",0,0,0,0,"0.0%","0.0%",1,0,0,"0.0%"
2558119,"SS","Josh Jones (GB)",11,295,"20.7%",-0.43,0.66,0,-1.01,0.09,-0.16,0,-0.46,0.81,-0.18,-1.23,0.3,48,3,3,"100.0%",0,0,0,0,"0.0%","0.0%",1.5,0,0,"60.6%"
2558923,"LB","Riley Bullough (TB)",4,42,"9.7%",-0.43,-0.08,-0.34,0,0,0,0,-0.47,-0.08,-0.37,-0.01,-0.01,2,0,0,"0.0%",0,0,0,0,"0.0%","0.0%",0,0,0,"50.0%"
2559152,"ILB","Dylan Cole (HOU)",8,82,"30.6%",-0.44,0.07,-0.23,-0.42,0.21,-0.06,0,-0.4,0.07,-0.27,-0.33,0.19,17,3,2,"66.7%",0,0,1,0,"33.3%","5.9%",2,0,0,"37.5%"
2558077,"SS","Lano Hill (SEA)",12,201,"17.6%",-0.44,-1.3,0,-0.47,1.42,-0.09,0,0.32,-0.79,0.07,-0.28,1.41,26,2,1,"50.0%",0,0,0,0,"0.0%","0.0%",0,0,0,"52.9%"
2495493,"DE","Justin Houston (KC)",11,390,"21.0%",-0.46,-0.33,-0.13,0,0,0,0,-0.51,-0.33,-0.16,-0.01,-0.01,11,0,0,"0.0%",0,0,0,0,"0.0%","0.0%",0,0,0,"100.0%"
2556537,"LB","Reggie Gilbert (GB)",16,264,"20.0%",-0.48,-0.18,-0.29,0,0,0,0,-0.44,-0.15,-0.29,0,0,3,0,0,"0.0%",0,0,0,0,"0.0%","0.0%",0,0,0,"50.0%"
2495339,"SS","Da'Norris Searcy (CAR)",2,37,"8.1%",-0.48,-0.35,-0.12,0,0,0,0,-0.5,-0.37,-0.12,0,0,3,0,0,"0.0%",0,0,0,0,"0.0%","0.0%",0,0,0,"0.0%"
2556512,"CB","Donte' Deayon (NYG)",4,70,"59.7%",-0.49,-1,0,0.63,0.01,-0.13,0,-0.13,-0.97,-0.06,1.03,0,39,4,2,"50.0%",0,0,2,0,"50.0%","5.1%",1,0,0,"44.0%"
2532869,"FS","George Iloka (MIN)",5,80,"12.8%",-0.5,-0.71,0,0.25,0,-0.03,0,-0.59,-0.67,-0.09,0.21,0,10,1,0,"0.0%",0,0,0,0,"0.0%","0.0%",0,0,0,"60.0%"
2555171,"ILB","Tyler Matakevich (PIT)",3,29,"25.0%",-0.5,-0.01,0.15,-1.03,0.41,-0.02,0,-0.31,-0.06,0.27,-1.02,0.52,5,2,2,"100.0%",0,0,0,0,"0.0%","0.0%",1,0,0,"66.7%"
2541792,"OLB","Ray-Ray Armstrong (CLE/NYG)",7,124,"14.0%",-0.51,0,0,-0.51,0.05,-0.05,0,-0.49,0.07,0.05,-0.49,-0.07,14,1,1,"100.0%",0,0,0,0,"0.0%","0.0%",0,0,0,"20.0%"
2506268,"OLB","Lorenzo Alexander (BUF)",16,354,"25.3%",-0.52,-0.67,0,-0.32,0.55,-0.07,0,-0.66,-0.66,-0.14,-0.22,0.43,20,4,4,"100.0%",0,0,0,0,"0.0%","0.0%",3.5,0,0,"63.6%"
2560970,"S","Jessie Bates (CIN)",16,630,"4.2%",-0.52,-2.36,0,2.67,-0.75,-0.07,0,0.62,-2.5,0.25,3.55,-0.61,23,4,2,"50.0%",0,0,2,0,"50.0%","8.7%",3,0,0,"38.5%"
2560784,"OLB","Harold Landry (TEN)",15,377,"20.0%",-0.54,-0.16,0,-0.4,0.03,-0.01,0,-0.59,-0.16,-0.03,-0.41,0.02,4,1,1,"100.0%",0,0,0,0,"0.0%","0.0%",0,0,0,"33.3%"
2560808,"CB","Quenton Meeks (JAX)",2,28,"68.0%",-0.55,-0.04,-0.63,0.17,0,-0.05,0,-0.87,-0.22,-0.73,0.13,0,17,1,0,"0.0%",0,0,0,0,"0.0%","0.0%",0,0,0,"42.9%"
2550767,"CB","C.J. Goodwin (DAL)",1,2,"100.0%",-0.55,-0.15,0,0.13,-0.53,-0.01,0,-0.5,-0.08,0.05,0.07,-0.53,2,1,1,"100.0%",0,0,0,0,"0.0%","0.0%",0,0,0,"0.0%"
2543869,"OLB","Devon Kennard (DET)",15,479,"14.9%",-0.56,-0.68,0.12,0,0,0,0,-0.57,-0.69,0.12,0,0,6,0,0,"0.0%",0,0,0,0,"0.0%","0.0%",0,0,1,"0.0%"
80431,"OLB","Clay Matthews (GB)",16,424,"25.6%",-0.56,0.21,0.22,-0.53,-0.42,-0.04,0,-0.49,0.29,0.26,-0.59,-0.42,10,1,1,"100.0%",0,0,0,0,"0.0%","0.0%",0,0,0,"62.5%"
2539662,"DE","Lerentee McCray (JAX)",7,45,"100.0%",-0.57,0.05,0,-0.62,0,0,0,-0.76,0.05,0,-0.79,0,1,1,1,"100.0%",0,0,0,0,"0.0%","0.0%",0,0,0,"100.0%"
2543850,"SS","Ricardo Allen (ATL)",3,130,"9.4%",-0.58,-0.61,0.03,0,0,0,0,-0.61,-0.63,0.03,0,0,9,0,0,"0.0%",0,0,0,0,"0.0%","0.0%",0,0,0,"50.0%"
2555543,"FS","Keanu Neal (ATL)",1,24,"50.0%",-0.59,-0.59,0,0,0,0,0,-0.38,-0.38,0,0,0,10,0,0,"0.0%",0,0,0,0,"0.0%","0.0%",0,0,0,"33.3%"
2555178,"CB","Maurice Canady (BAL)",2,8,"62.5%",-0.6,-0.14,0,-0.72,0.28,-0.02,0,-0.94,-0.12,-0.08,-1.29,0.56,5,2,2,"100.0%",0,0,0,0,"0.0%","0.0%",2,0,0,"0.0%"
2560758,"LB","Leon Jacobs (JAX)",12,53,"50.0%",-0.6,-0.8,0.41,-0.33,0.17,-0.05,0,-0.78,-0.71,0.29,-0.38,0.07,16,2,2,"100.0%",0,0,0,0,"0.0%","0.0%",1,0,0,"44.4%"
2560712,"S","Terrell Edmunds (PIT)",16,590,"11.8%",-0.62,-1.04,0,0.06,0.56,-0.2,0,-0.35,-0.98,-0.27,0.55,0.56,55,5,2,"40.0%",0,0,2,0,"40.0%","3.6%",1,0,3,"35.5%"
2553719,"OLB","Josh Keyes (HOU)",1,16,"7.7%",-0.63,-0.04,-0.59,0,0,0,0,-0.63,-0.04,-0.59,0,0,1,0,0,"0.0%",0,0,0,0,"0.0%","0.0%",0,0,0,"0.0%"
2552427,"CB","Tony Lippett (NYG)",2,21,"60.0%",-0.63,0.65,-0.19,-1.56,0.5,-0.04,0,-0.7,0.63,-0.21,-1.57,0.49,12,1,1,"100.0%",0,0,0,0,"0.0%","0.0%",0,0,0,"60.0%"
2560718,"LB","Rashaan Evans (TEN)",14,257,"8.7%",-0.64,-0.06,0,-0.27,-0.27,-0.04,0,-0.36,-0.01,-0.05,0.01,-0.27,12,1,1,"100.0%",0,0,0,0,"0.0%","0.0%",0.5,0,0,"37.5%"
2558159,"FS","Xavier Woods (DAL)",14,513,"2.4%",-0.66,-0.66,0,0,0,0,0,-0.53,-0.53,0,0,0,11,0,0,"0.0%",0,0,0,0,"0.0%","0.0%",0,0,0,"33.3%"
2560714,"LB","Duke Ejiofor (HOU)",12,125,"30.0%",-0.66,-0.37,0.12,0.25,-0.64,-0.01,0,-0.63,-0.33,0.12,0.17,-0.58,3,1,1,"100.0%",0,0,0,0,"0.0%","0.0%",1,0,0,"33.3%"
2543680,"FS","Antone Exum (SF)",12,320,"11.6%",-0.66,-2,0,1.23,0.21,-0.11,0,-0.33,-1.79,0.02,1.22,0.33,32,3,2,"66.7%",0,0,1,0,"33.3%","3.1%",2,0,0,"56.2%"
2559058,"S","Maurice Smith (MIA)",2,29,"10.3%",-0.67,-0.14,-0.53,0,0,0,0,-0.66,-0.13,-0.53,0,0,2,0,0,"0.0%",0,0,0,0,"0.0%","0.0%",0,0,0,"0.0%"
2532431,"OLB","Craig Robertson (NO)",7,52,"31.7%",-0.67,-0.51,-0.16,0,0,0,0,-0.64,-0.48,-0.16,0,0,12,0,0,"0.0%",0,0,0,0,"0.0%","0.0%",0,0,0,"30.0%"
2555285,"OLB","Leonard Floyd (CHI)",16,511,"30.2%",-0.68,-1.16,0,0.55,0,-0.08,0,-0.39,-1.19,0.19,0.68,0,24,1,0,"0.0%",0,0,1,0,"100.0%","4.2%",0,0,0,"81.2%"
2495272,"SS","Chris Conte (TB)",3,82,"11.0%",-0.7,-0.16,-0.14,-0.38,0,-0.03,0,-0.66,-0.07,-0.09,-0.35,-0.12,8,1,1,"100.0%",0,0,0,0,"0.0%","0.0%",1,0,0,"20.0%"
2558121,"LB","Elijah Lee (SF)",8,250,"18.2%",-0.7,-1.56,0,0.08,0.89,-0.12,0,-0.23,-1.44,0.15,0.07,1.09,34,8,7,"87.5%",0,0,0,0,"0.0%","0.0%",2,0,0,"26.1%"
2561417,"CB","Charvarius Ward (KC)",4,73,"72.5%",-0.71,-0.13,-0.74,1.91,-1.59,-0.16,0,-0.98,-0.47,-0.44,1.57,-1.48,46,7,4,"57.1%",0,0,2,0,"28.6%","4.3%",5,0,2,"25.0%"
2552697,"FS","Jermaine Whitehead (CLE/GB)",8,146,"32.8%",-0.71,0.15,0,-0.15,-0.6,-0.12,0,-0.31,0.26,-0.34,-0.05,-0.07,37,7,6,"85.7%",0,0,1,0,"14.3%","2.7%",5,0,0,"57.7%"
2543769,"ILB","Deone Bucannon (ARI)",10,171,"25.6%",-0.73,-1.55,0,0.98,-0.07,-0.09,0,0.22,-1.38,-0.02,1.72,-0.01,27,5,4,"80.0%",0,0,0,0,"0.0%","0.0%",3,0,1,"28.6%"
2543470,"FS","Ha Ha Clinton-Dix (GB/WAS)",16,554,"4.3%",-0.75,-0.16,0,-1.29,0,0.7,0,-0.51,0.06,0.07,-1.34,0,22,1,1,"100.0%",0,0,1,1,"100.0%","9.1%",0,0,0,"60.0%"
2555160,"ILB","Antonio Morrison (GB)",16,119,"9.6%",-0.77,-0.34,0.41,-0.59,-0.24,-0.03,0,-0.72,-0.33,0.31,-0.52,-0.16,7,2,2,"100.0%",0,0,0,0,"0.0%","0.0%",1,0,0,"0.0%"
2552289,"OLB","Bud Dupree (PIT)",16,526,"31.5%",-0.81,-0.49,0.27,-0.48,-0.03,-0.07,0,-0.5,-0.51,0.39,-0.17,-0.15,21,2,2,"100.0%",0,0,0,0,"0.0%","0.0%",1.5,0,0,"58.3%"
306,"CB","Dominique Rodgers-Cromartie (OAK)",5,67,"56.9%",-0.84,-2.07,-0.02,1.09,0.28,-0.12,0,-0.41,-1.99,0.17,1.23,0.29,36,2,1,"50.0%",0,0,1,0,"50.0%","2.8%",0,0,0,"42.3%"
2507843,"OLB","Vincent Rey (CIN)",8,74,"32.2%",-0.85,-0.46,-0.39,0,0,0,0,-0.88,-0.49,-0.39,0,0,17,0,0,"0.0%",0,0,0,0,"0.0%","0.0%",0,0,0,"66.7%"
2555531,"CB","Anthony Brown (DAL)",15,437,"49.4%",-0.87,-0.48,2.74,-4.68,2.19,-0.63,0,0.74,0.56,2.54,-3.22,1.49,189,22,15,"68.2%",0,0,5,0,"22.7%","2.6%",11,1,2,"49.1%"
2541202,"CB","Marcus Cooper (CHI/DET)",4,28,"78.6%",-0.88,-0.07,0.2,-0.94,0,-0.07,0,-0.99,-0.18,0.24,-0.99,0,22,1,1,"100.0%",0,0,0,0,"0.0%","0.0%",0,0,0,"57.9%"
2561155,"ILB","Zaire Franklin (IND)",11,90,"15.0%",-0.89,-0.66,0,-0.69,0.5,-0.04,0,-1.12,-0.63,-0.38,-0.36,0.29,12,3,3,"100.0%",0,0,0,0,"0.0%","0.0%",0.5,0,0,"0.0%"
2561149,"ILB","Matthew Adams (IND)",12,82,"34.0%",-0.93,-0.59,-0.11,-0.11,-0.06,-0.05,0,-0.51,-0.42,0.04,-0.28,0.2,16,2,2,"100.0%",0,0,0,0,"0.0%","0.0%",1.5,0,0,"44.4%"
2558189,"DB","Obi Melifonwu (NE)",2,15,"72.7%",-0.93,0.25,0,-1.15,-0.01,-0.02,0,-0.74,0.35,-0.07,-1.07,0.07,7,1,1,"100.0%",0,0,0,0,"0.0%","0.0%",1,0,0,"75.0%"
2555552,"CB","Ryan Smith (TB)",12,261,"55.3%",-0.94,-5.07,0.46,1.45,-1.82,2.49,1.56,-0.28,-5.63,0.86,1.68,-1.25,135,12,9,"75.0%",0,1,2,0,"16.7%","2.2%",6.5,1,2,"37.8%"
2552259,"CB","Josh Shaw (KC/TB)",7,53,"24.5%",-0.94,0.22,0.09,-1.43,0.22,-0.04,0,-0.81,0.17,0.03,-1.2,0.23,10,2,2,"100.0%",0,0,0,0,"0.0%","0.0%",2,0,0,"37.5%"
2557961,"CB","Quincy Wilson (IND)",13,282,"55.8%",-1.02,-3.75,2.61,0.96,-0.23,-0.49,-0.11,-2.16,-4.13,2.69,-0.04,-0.07,142,5,3,"60.0%",1,0,0,0,"20.0%","0.7%",3,0,3,"35.6%"
2556374,"SS","Blake Countess (LA)",8,44,"2.3%",-1.02,-0.27,0.36,-0.97,-0.14,0,0,-0.66,-0.23,0.38,-0.98,0.17,1,1,1,"100.0%",0,0,0,0,"0.0%","0.0%",0,0,0,"0.0%"
2557979,"SS","Jamal Adams (NYJ)",16,633,"19.5%",-1.03,-4.51,2.18,-1.04,-0.15,1.27,1.22,-0.43,-4.34,2.41,-0.81,-0.17,95,8,3,"37.5%",0,1,2,0,"25.0%","3.2%",2,0,0,"48.3%"
2553817,"SS","Corey Moore (IND)",6,28,"14.8%",-1.04,-0.39,-0.55,-1.97,1.89,-0.01,0,-0.93,-0.39,-0.46,-1.99,1.92,3,1,1,"100.0%",0,0,0,0,"0.0%","0.0%",1,0,0,"0.0%"
2556817,"CB","Tony McRae (CIN)",5,61,"72.4%",-1.07,-1.15,1.3,-0.86,-0.23,-0.13,0,-0.87,-1.51,1.43,-0.69,0.03,38,2,2,"100.0%",0,0,0,0,"0.0%","0.0%",1,0,0,"42.9%"
2557881,"FS","Tedric Thompson (SEA)",13,406,"2.5%",-1.09,-1.09,0,0,0,0,0,-1.06,-1.06,0,0,0,8,0,0,"0.0%",0,0,0,0,"0.0%","0.0%",0,0,0,"33.3%"
2550572,"ILB","Christian Jones (DET)",16,315,"17.3%",-1.09,-0.28,0,-1.08,0.39,-0.12,0,-1.05,-0.24,-0.32,-0.62,0.25,34,7,7,"100.0%",0,0,0,0,"0.0%","0.0%",6,0,0,"63.6%"
2533057,"MLB","Dont'a Hightower (NE)",15,457,"15.6%",-1.1,-1.14,0,0.16,-0.02,-0.1,0,-1.51,-1.12,-0.22,0.16,-0.23,32,4,3,"75.0%",0,0,0,0,"0.0%","0.0%",0,0,0,"57.9%"
2540152,"SS","Eric Reid (CAR)",13,424,"10.2%",-1.1,-1.74,0,0.75,0,-0.12,0,-0.78,-1.52,0.08,0.79,0,34,1,0,"0.0%",0,0,0,0,"0.0%","0.0%",0,0,0,"35.0%"
2535613,"ILB","L.J. Fort (PIT)",11,198,"16.5%",-1.12,0.33,0,-1.67,0.28,-0.06,0,-1.07,0.36,0.03,-1.71,0.3,18,3,3,"100.0%",0,0,0,0,"0.0%","0.0%",2,0,0,"37.5%"
2508084,"CB","Patrick Robinson (NO)",3,66,"40.6%",-1.13,0.59,0.05,-1.69,0.01,-0.08,0,-0.7,0.92,-0.04,-1.59,0.09,23,1,1,"100.0%",0,0,0,0,"0.0%","0.0%",1,0,1,"69.2%"
2534567,"MLB","Korey Toomer (GB)",3,10,"25.0%",-1.15,-0.01,0,-1.3,0.16,-0.01,0,-1.23,-0.01,-0.14,-1.36,0.29,2,1,1,"100.0%",0,0,0,0,"0.0%","0.0%",1,0,0,"0.0%"
2556559,"CB","Mike Hilton (PIT)",15,413,"49.4%",-1.16,-0.17,-3.04,1.44,0.66,-0.05,0,0.39,0.09,-2.35,2.54,0.16,161,19,13,"68.4%",0,0,5,1,"26.3%","3.7%",10,0,0,"51.8%"
2495807,"FS","Antoine Bethea (ARI)",16,567,"16.1%",-1.17,-4.86,0,3.83,0.11,-0.25,0,0.38,-4.31,0.17,4.83,-0.06,74,9,5,"55.6%",0,0,2,0,"22.2%","2.7%",4,0,1,"51.2%"
2541162,"CB","A.J. Bouye (JAX)",13,449,"63.7%",-1.17,-7.79,1.15,7.08,0.32,-0.9,-1.03,2.68,-7.59,1.63,9.74,0.83,269,32,23,"71.9%",1,0,5,0,"18.8%","2.2%",20.5,0,2,"41.0%"
2556489,"OLB","James Burgess (CLE)",3,31,"16.7%",-1.18,-0.04,-1.14,0,0,0,0,-1.18,-0.03,-1.14,0,0,1,0,0,"0.0%",0,0,0,0,"0.0%","0.0%",0,0,0,"0.0%"
2525323,"SS","Andrew Sendejo (MIN)",4,150,"7.6%",-1.18,-0.94,-0.24,0,0,0,0,-1.15,-0.9,-0.24,0,0,9,0,0,"0.0%",0,0,0,0,"0.0%","0.0%",0,0,0,"40.0%"
2559012,"OLB","Eric Wilson (MIN)",12,167,"26.4%",-1.2,-0.87,0,0.18,-0.41,-0.09,0,-1.15,-0.89,0,0.2,-0.36,27,2,2,"100.0%",0,0,0,0,"0.0%","0.0%",1,0,0,"43.8%"
2555340,"OLB","Kyler Fackrell (GB)",16,344,"28.1%",-1.21,-0.83,0.52,-0.85,0,-0.05,0,-1.21,-0.8,0.51,-0.86,-0.01,15,2,1,"50.0%",0,0,0,0,"0.0%","0.0%",0,0,1,"83.3%"
2532898,"ILB","Brandon Marshall (DEN)",10,252,"22.7%",-1.25,-1.33,0,0.19,0,-0.12,0,-0.57,-1.13,0.08,0.56,0.04,37,2,1,"50.0%",0,0,1,0,"50.0%","2.7%",0,0,0,"57.1%"
2495202,"OLB","Von Miller (DEN)",15,466,"17.6%",-1.26,0.23,-0.63,-0.91,0.06,-0.01,0,-1.08,0.26,-0.67,-0.78,0.13,3,1,1,"100.0%",0,0,0,0,"0.0%","0.0%",0,0,0,"50.0%"
2558070,"LB","Raekwon McMillan (MIA)",16,360,"14.1%",-1.27,-1.29,0,0.22,-0.07,-0.13,0,-0.98,-1.04,-0.1,0.39,-0.11,40,6,5,"83.3%",0,0,1,0,"16.7%","2.5%",1,0,0,"47.6%"
2556363,"OLB","Kamu Grugier-Hill (PHI)",16,161,"23.2%",-1.27,-1.27,0,0.09,0,-0.09,0,-0.95,-1.2,0.06,0.15,0.13,28,2,1,"50.0%",0,0,0,0,"0.0%","0.0%",0,0,0,"50.0%"
2552730,"ILB","Brian Peters (HOU)",5,33,"18.5%",-1.36,-0.37,0.09,-1.89,0.83,-0.02,0,-1.43,-0.35,0.04,-1.91,0.81,5,1,1,"100.0%",0,0,0,0,"0.0%","0.0%",0,0,0,"0.0%"
2543608,"CB","Dexter McDougle (PHI)",2,81,"52.6%",-1.37,-0.15,-0.03,-1.12,0.06,-0.13,0,-1.12,0.01,0.09,-1.35,0.27,39,2,1,"50.0%",0,0,1,0,"50.0%","2.6%",1,0,0,"45.4%"
2559208,"CB","Ryan Lewis (BUF)",5,102,"58.0%",-1.39,-1.01,0.88,-2.97,1.9,-0.19,0,-1.82,-1.66,1.1,-3.04,1.97,57,9,6,"66.7%",0,0,1,0,"11.1%","1.8%",5,1,0,"50.0%"
2553353,"CB","Darryl Roberts (NYJ)",14,432,"33.4%",-1.39,-2.81,2.3,-2.66,-0.99,2.81,-0.05,0.39,-3.31,2.99,-1.59,-0.46,138,16,11,"68.8%",0,1,4,1,"25.0%","4.3%",6,0,0,"48.9%"
2557887,"ILB","Haason Reddick (ARI)",16,444,"27.2%",-1.42,-2.9,0,2.63,-0.92,-0.23,0,0.57,-2.39,0.06,3.18,-0.04,65,15,12,"80.0%",0,0,1,0,"6.7%","1.5%",8.5,0,1,"66.7%"
2558061,"CB","Marshon Lattimore (NO)",16,569,"63.1%",-1.44,2.7,0.21,-7.75,2.9,0.49,0,0.68,1.08,2.04,-6.96,4.03,328,39,28,"71.8%",0,0,9,2,"23.1%","3.4%",17,2,2,"44.9%"
2561316,"CB","Jalen Davis (MIA)",3,28,"57.7%",-1.44,-0.45,0.13,-0.83,-0.24,-0.05,0,-1.79,-0.42,0.07,-1.2,-0.19,13,3,3,"100.0%",0,0,0,0,"0.0%","0.0%",1,1,0,"50.0%"
494277,"FS","Kendrick Lewis (TEN)",8,155,"5.9%",-1.45,0.25,-1.18,-1.11,0.62,-0.03,0,-1.02,0.28,-1.2,-0.72,0.64,8,2,2,"100.0%",0,0,0,0,"0.0%","0.0%",1,0,0,"80.0%"
2560901,"DB","Kevin Toliver (CHI)",10,98,"56.2%",-1.45,-1.01,-0.2,0.44,-1.06,0.38,0,0.43,-1,0.47,1.34,-0.76,52,7,6,"85.7%",0,0,0,1,"0.0%","1.9%",0,0,0,"53.1%"
2543592,"MLB","Anthony Hitchens (KC)",14,495,"14.2%",-1.47,-1.65,0,-0.89,1.24,-0.17,0,-2.09,-1.67,-0.36,-1.13,1.24,51,4,4,"100.0%",0,0,0,0,"0.0%","0.0%",3,0,1,"46.9%"
496723,"SS","Eric Berry (KC)",2,50,"15.9%",-1.48,-0.3,-1.17,0,0,0,0,-1.46,-0.29,-1.17,0,0,6,0,0,"0.0%",0,0,0,0,"0.0%","0.0%",0,0,0,"50.0%"
2539243,"SS","Bradley McDougald (SEA)",15,503,"21.4%",-1.53,-4.38,0,-0.75,-0.96,2.77,1.79,-0.54,-4,-0.1,-0.76,-0.24,95,12,8,"66.7%",0,1,4,1,"33.3%","6.3%",5,0,0,"69.0%"
2560964,"LB","Genard Avery (CLE)",16,462,"28.6%",-1.55,-1.05,0.27,-0.72,0.02,-0.06,0,-2.4,-1.09,0.04,-1.04,-0.25,19,4,2,"50.0%",0,0,2,0,"50.0%","10.5%",1,0,0,"57.1%"
2558971,"CB","Greg Mabin (SF)",8,74,"57.1%",-1.57,-0.32,-1.21,-0.35,0.43,-0.13,0,-1,-0.41,-0.57,-0.46,0.58,37,6,4,"66.7%",0,0,1,0,"16.7%","2.7%",2,0,0,"39.1%"
2552310,"ILB","Denzel Perryman (LAC)",8,177,"21.5%",-1.58,-2.05,0,-0.31,0.87,-0.09,0,-1.22,-1.82,-0.02,-0.26,0.98,28,2,2,"100.0%",0,0,0,0,"0.0%","0.0%",1,0,0,"26.7%"
2532961,"ILB","Danny Trevathan (CHI)",16,628,"20.6%",-1.58,-1.08,0,-0.15,-0.06,-0.3,0,-0.84,-0.8,-0.29,0.25,0.3,89,13,11,"84.6%",0,0,1,0,"7.7%","1.1%",6.5,0,0,"60.0%"
2556655,"DB","Tyvis Powell (SF)",4,53,"28.6%",-1.59,-1.1,0.17,-0.61,0,-0.04,0,-1.61,-1.08,0.32,-0.8,0,14,3,2,"66.7%",0,0,0,0,"0.0%","0.0%",0,0,0,"0.0%"
2495252,"OLB","K.J. Wright (SEA)",5,132,"21.7%",-1.59,-1.48,0,0.36,-0.4,-0.07,0,-1.31,-1.43,-0.1,0.71,-0.42,23,3,3,"100.0%",0,0,0,0,"0.0%","0.0%",3,0,0,"70.0%"
2495775,"FS","Eric Weddle (BAL)",16,630,"4.8%",-1.63,-1.35,0,-0.09,-0.11,-0.08,0,-1.42,-1.17,-0.11,-0.05,0,25,3,2,"66.7%",0,0,0,0,"0.0%","0.0%",1,0,0,"35.3%"
2552684,"MLB","Mark Nzeocha (SF)",8,55,"27.5%",-1.63,-0.46,0.1,-0.02,-1.23,-0.03,0,-1.85,-0.41,0,-0.22,-1.2,10,1,1,"100.0%",0,0,0,0,"0.0%","0.0%",0.5,0,0,"33.3%"
2561042,"LB","Nick DeLuca (JAX)",4,35,"45.0%",-1.67,-0.03,-0.13,-1.18,-0.3,-0.03,0,-1.76,-0.04,-0.19,-1.19,-0.32,8,2,2,"100.0%",0,0,0,0,"0.0%","0.0%",1,0,0,"83.3%"
2556617,"S","Doug Middleton (NYJ)",4,141,"5.1%",-1.7,-0.4,-0.52,-0.76,0,-0.02,0,-1.69,-0.36,-0.54,-0.77,0,6,1,1,"100.0%",0,0,0,0,"0.0%","0.0%",0,0,0,"0.0%"
2558925,"LB","Austin Calitro (SEA)",7,129,"15.9%",-1.7,-0.86,0,-0.63,-0.15,-0.06,0,-0.79,-0.79,-0.17,0.17,0.06,18,3,3,"100.0%",0,0,0,0,"0.0%","0.0%",3,0,0,"50.0%"
2540164,"SS","Tony Jefferson (BAL)",14,531,"15.6%",-1.7,1.18,0,-2.75,0.09,-0.23,0,-1.62,1.01,-0.11,-2.35,0.06,68,7,6,"85.7%",0,0,1,0,"14.3%","1.5%",5,0,1,"57.6%"
2560827,"LB","Dorian O'Daniel (KC)",13,237,"24.1%",-1.71,-0.61,0,-0.72,-0.25,-0.14,0,-2.18,-0.58,0.05,-1.35,-0.17,35,2,1,"50.0%",0,0,0,0,"0.0%","0.0%",0,0,1,"66.7%"
2560822,"CB","Parry Nickerson (NYJ)",7,147,"46.0%",-1.73,-0.53,0,-3.74,1.81,0.72,0,-1.86,-0.47,0.39,-4.31,1.81,60,15,13,"86.7%",0,0,0,1,"0.0%","1.7%",7.5,0,0,"47.6%"
2552385,"FS","Adrian Amos (CHI)",16,655,"7.0%",-1.75,-1.91,0,-0.07,0.37,-0.14,0,-1.71,-1.82,-0.28,-0.13,0.66,41,4,2,"50.0%",0,0,2,0,"50.0%","4.9%",1.5,0,1,"48.0%"
2558184,"SS","Damontae Kazee (ATL)",16,572,"2.7%",-1.76,-1.13,0,-0.76,0.17,-0.04,0,-1.41,-1.15,-0.04,-0.37,0.2,14,2,2,"100.0%",0,0,0,0,"0.0%","0.0%",1,0,0,"18.2%"
2543741,"FS","Jimmie Ward (SF)",8,237,"36.8%",-1.77,-1.39,0,0,-0.11,-0.27,0,-0.07,-1.65,0.53,1.08,0.25,83,5,4,"80.0%",0,0,0,0,"0.0%","0.0%",0.5,0,0,"35.6%"
2557920,"CB","Jourdan Lewis (DAL)",13,136,"38.9%",-1.78,0.09,0,-1.72,0,-0.15,0,-1.46,0.62,-0.21,-1.79,0.07,44,3,3,"100.0%",0,0,0,0,"0.0%","0.0%",1,0,0,"64.5%"
2555540,"SS","Derrick Kindred (CLE)",16,258,"25.7%",-1.81,-0.81,0,-1.04,0.21,-0.17,0,-1.29,-0.69,0.19,-1.12,0.5,50,6,6,"100.0%",0,0,0,0,"0.0%","0.0%",4,0,1,"55.0%"
79901,"CB","Vontae Davis (BUF)",1,16,"62.5%",-1.83,-0.07,0,-1.73,0,-0.03,0,-1.41,-0.1,0.2,-1.48,0,10,1,1,"100.0%",0,0,0,0,"0.0%","0.0%",0,0,0,"25.0%"
2553655,"FS","Anthony Harris (MIN)",11,299,"8.3%",-1.83,-1.55,0,-0.33,0.12,-0.07,0,-1.17,-1.53,0.18,0.15,0.1,22,3,3,"100.0%",0,0,0,0,"0.0%","0.0%",2,0,0,"40.0%"
2555550,"SS","Justin Simmons (DEN)",15,572,"19.7%",-1.85,-2.19,2.51,-1.5,-0.32,-0.33,0,1.01,-1.97,3.32,0.05,-0.07,92,15,12,"80.0%",0,0,1,0,"6.7%","1.1%",6.5,0,2,"52.9%"
2556775,"ILB","Terrance Smith (KC)",6,117,"23.2%",-1.85,0.67,0,-0.15,-2.29,-0.07,0,-3.09,0.59,-0.09,-1.23,-2.3,22,2,1,"50.0%",0,0,0,0,"0.0%","0.0%",0,0,0,"47.1%"
2495170,"CB","Davon House (GB)",2,19,"57.9%",-1.86,0.07,-0.07,-1.82,0,-0.04,0,-2.04,0.03,-0.07,-1.98,0.01,9,2,1,"50.0%",0,0,0,0,"0.0%","0.0%",1,0,1,"20.0%"
2561318,"ILB","Tae Davis (NYG)",11,200,"12.7%",-1.86,0.27,0,-2.09,0.02,-0.06,0,-1.48,0.34,0.06,-1.97,0.15,18,6,6,"100.0%",0,0,0,0,"0.0%","0.0%",4,0,0,"60.0%"
494261,"SS","Kurt Coleman (NO)",16,194,"15.9%",-1.87,-1.35,0,-0.38,-0.05,-0.09,0,-1.95,-1.23,0.03,-0.58,-0.08,25,2,2,"100.0%",0,0,0,0,"0.0%","0.0%",2,0,0,"42.1%"
2535867,"ILB","Julian Stanford (BUF)",5,44,"17.6%",-1.9,-0.58,-0.25,-1.33,0.28,-0.02,0,-1.91,-0.56,-0.18,-1.31,0.16,6,5,4,"80.0%",0,0,1,0,"20.0%","16.7%",1.5,0,0,"80.0%"
2555161,"ILB","Blake Martinez (GB)",16,580,"11.8%",-1.9,-1.64,0,-0.25,-0.06,0.04,0,-2.83,-1.52,-0.25,-0.77,-0.34,41,3,3,"100.0%",0,0,0,1,"0.0%","2.4%",1,0,0,"36.0%"
71441,"FS","Glover Quin (DET)",16,460,"9.3%",-1.91,-0.19,0,-1.54,-0.06,-0.13,0,-2.24,-0.2,-0.09,-1.59,-0.23,38,5,5,"100.0%",0,0,0,0,"0.0%","0.0%",3.5,0,0,"51.7%"
2553822,"FS","Curtis Riley (NYG)",16,578,"3.0%",-1.93,-0.48,0,-0.57,-0.84,-0.04,0,-0.76,-0.43,0.38,0.01,-0.68,14,2,2,"100.0%",0,0,0,0,"0.0%","0.0%",1,0,0,"11.1%"
2560764,"DB","Danny Johnson (WAS)",6,47,"47.7%",-1.93,-0.01,-1.21,-1.03,0.38,-0.07,0,-1.37,0,-1.08,-0.76,0.54,19,4,4,"100.0%",0,0,0,0,"0.0%","0.0%",1,0,0,"40.0%"
494307,"FS","Darian Stewart (DEN)",13,451,"8.7%",-1.97,-1.66,0,-0.87,0.67,-0.11,0,-1.9,-1.63,-0.02,-0.84,0.69,31,4,4,"100.0%",0,0,0,0,"0.0%","0.0%",2,0,0,"50.0%"
2560839,"CB","Darius Phillips (CIN)",10,138,"56.7%",-1.98,-0.09,0.3,-2.63,-0.18,0.62,0,-0.32,0.23,0.44,-1.74,0.13,71,15,12,"80.0%",0,0,2,1,"13.3%","4.2%",10,0,0,"45.4%"
2560914,"CB","Levi Wallace (BUF)",7,212,"61.7%",-2.03,-2.02,-0.23,0,-0.12,0.34,0,-3.44,-2.42,-0.29,-1.06,-0.02,119,8,6,"75.0%",0,0,3,1,"37.5%","3.4%",2,0,0,"46.3%"
2552592,"MLB","Kwon Alexander (TB)",6,233,"20.4%",-2.04,-1.64,0,0.28,-0.56,-0.12,0,-1.43,-1.62,-0.26,0.67,-0.1,37,6,6,"100.0%",0,0,0,0,"0.0%","0.0%",4,0,0,"42.1%"
2557927,"CB","Desmond King (LAC)",15,473,"39.1%",-2.04,-9.93,4.63,1.98,0.41,-0.53,1.4,0.28,-9.3,5,3.16,0.55,160,13,9,"69.2%",1,0,1,0,"15.4%","1.2%",5,0,2,"39.6%"
2555355,"FS","Clayton Fejedelem (CIN)",12,118,"13.6%",-2.05,-0.86,-2.19,1.12,-0.07,-0.05,0,-1.53,-0.8,-2.17,1.59,-0.09,13,2,1,"50.0%",0,0,0,0,"0.0%","0.0%",1,0,0,"16.7%"
2543814,"MLB","Preston Brown (CIN)",7,191,"19.3%",-2.06,-1.55,0,-0.69,-0.18,0.36,0,-1.7,-1.45,-0.2,-0.51,0.09,28,7,7,"100.0%",0,0,0,1,"0.0%","3.6%",3.5,0,0,"38.1%"
2560789,"LB","Darius Leonard (IND)",15,535,"21.6%",-2.07,-4.83,0,4.87,-2.08,-0.3,0.27,-3.31,-4.25,-0.74,3.85,-2.13,85,19,14,"73.7%",1,0,3,0,"21.0%","4.7%",6,0,0,"30.8%"
2543872,"CB","Nevin Lawson (DET)",15,488,"60.6%",-2.1,5.69,0.18,-6.94,-0.14,-0.89,0,2.35,5.49,1.54,-3.77,-0.02,265,24,18,"75.0%",0,0,3,0,"12.5%","1.1%",12.5,0,5,"49.8%"
2558133,"FS","Montae Nicholson (WAS)",10,306,"8.2%",-2.17,0.46,0,-2.56,0,-0.07,0,-1.79,0.58,0.05,-2.34,-0.01,22,1,1,"100.0%",0,0,0,0,"0.0%","0.0%",0,0,0,"33.3%"
2558163,"OLB","Alex Anzalone (NO)",16,334,"25.7%",-2.18,-0.72,0,-0.6,-0.66,-0.2,0,-1.87,-0.75,-0.12,-0.36,-0.44,58,7,7,"100.0%",0,0,0,0,"0.0%","0.0%",7,0,1,"61.0%"
2558108,"CB","Nate Hairston (IND)",10,238,"59.2%",-2.2,-3.1,1.45,-1.31,1.16,-0.4,0,-1.24,-2.82,1.89,-0.58,0.68,126,11,10,"90.9%",0,0,1,1,"9.1%","1.6%",4.5,0,1,"46.7%"
2543724,"CB","Walt Aikens (MIA)",7,20,"27.8%",-2.21,-0.06,0,-1.73,-0.41,-0.02,0,-2.29,-0.09,-0.03,-1.74,-0.42,5,1,1,"100.0%",0,0,0,0,"0.0%","0.0%",0,0,0,"0.0%"
2558849,"CB","Cameron Sutton (PIT)",10,175,"61.3%",-2.22,2.81,-1.64,-4.41,1.31,-0.3,0,0.8,2.68,-1.42,-2.1,1.94,91,16,13,"81.2%",1,0,2,0,"18.8%","3.3%",11,0,0,"39.6%"
2539293,"ILB","Gerald Hodges (ARI)",9,171,"22.6%",-2.22,-1.42,0,-0.37,-0.32,-0.11,0,-1.77,-1.41,0.13,-0.44,0.06,29,7,7,"100.0%",0,0,0,0,"0.0%","0.0%",5,0,0,"33.3%"
2532848,"FS","Tashaun Gipson (JAX)",16,549,"18.5%",-2.27,-2.72,0,2.64,-1.91,-0.29,0,-2.08,-2.16,0.03,2.45,-2.12,83,11,4,"36.4%",0,0,3,0,"27.3%","3.6%",3,0,3,"60.8%"
2555329,"OLB","Myles Jack (JAX)",16,553,"19.8%",-2.28,-3.01,0,-0.1,1.11,-0.28,0,-0.01,-2.34,0.28,0.83,1.5,85,3,2,"66.7%",0,0,0,0,"0.0%","0.0%",1,0,0,"35.4%"
2530794,"FS","Ron Parker (KC)",14,590,"9.6%",-2.29,-1.41,0,-0.37,-0.33,-0.17,0,-1.72,-1.36,0.12,-0.11,-0.19,52,6,4,"66.7%",0,0,0,0,"0.0%","0.0%",2.5,0,1,"35.5%"
2532878,"CB","Leonard Johnson (ARI)",3,61,"51.0%",-2.3,-1.14,0.35,-2.05,0.62,-0.08,0,-2.07,-1.18,0.45,-1.82,0.57,26,5,5,"100.0%",0,0,0,0,"0.0%","0.0%",3,0,0,"17.6%"
2556593,"ILB","Cory Littleton (LA)",16,556,"25.2%",-2.33,-3.66,0,-1.42,3.07,-0.31,0,-4.19,-3.43,-0.58,-2.62,2.75,86,18,15,"83.3%",0,0,3,0,"16.7%","3.5%",9.5,0,3,"47.6%"
2532804,"ILB","Zach Brown (WAS)",16,386,"15.7%",-2.33,-0.51,0,-1.7,0.05,-0.16,0,-2.8,-0.39,-0.3,-2.44,0.5,49,9,9,"100.0%",0,0,0,0,"0.0%","0.0%",5.5,1,0,"40.0%"
2541539,"ILB","Daren Bates (TEN)",8,32,"21.7%",-2.37,0.01,0.18,-0.68,-1.87,-0.02,0,-2.33,0.02,-0.01,-0.49,-1.83,5,2,2,"100.0%",0,0,0,0,"0.0%","0.0%",0,0,0,"50.0%"
2541431,"FS","Kemal Ishmael (ATL)",8,24,"20.8%",-2.37,-0.21,0,-2.16,0.01,-0.02,0,-2.35,-0.19,-0.08,-2.26,0.19,5,1,1,"100.0%",0,0,0,0,"0.0%","0.0%",0,0,0,"0.0%"
2559109,"CB","Deante Burton (ATL/HOU)",2,41,"60.0%",-2.38,-0.71,-0.03,-1.71,0.15,-0.08,0,-3.18,-0.71,-0.28,-1.98,-0.13,22,4,4,"100.0%",0,0,0,0,"0.0%","0.0%",3,1,0,"40.0%"
2539982,"OLB","A.J. Klein (NO)",16,381,"19.8%",-2.38,-2.38,0,0,0,0,0,-1.93,-2.11,0.2,-0.01,-0.01,49,0,0,"0.0%",0,0,0,0,"0.0%","0.0%",0,0,0,"44.4%"
2553441,"MLB","David Mayo (CAR)",7,62,"28.9%",-2.4,-0.72,0.02,-1.25,-0.42,-0.04,0,-2.73,-0.71,-0.1,-1.32,-0.55,12,2,2,"100.0%",0,0,0,0,"0.0%","0.0%",1,0,0,"42.9%"
2558830,"OLB","Samson Ebukam (LA)",16,382,"30.2%",-2.41,-0.31,0.06,-1.95,-0.16,-0.05,0,-1.58,-0.22,0.03,-1.82,0.49,13,3,3,"100.0%",0,0,0,0,"0.0%","0.0%",0,0,0,"20.0%"
2561157,"DB","Keion Crossen (NE)",6,33,"71.0%",-2.41,-0.28,0,-2.02,-0.04,-0.07,0,-2.38,-0.31,0.12,-2.3,0.18,22,5,5,"100.0%",0,0,0,0,"0.0%","0.0%",6,0,0,"18.2%"
2560884,"CB","M.J. Stewart (TB)",8,202,"56.4%",-2.43,0.97,1.05,3.69,-7.82,-0.32,0,2.02,0.28,1.52,6.78,-6.24,97,24,20,"83.3%",0,0,2,0,"8.3%","2.1%",11.5,0,0,"33.3%"
2506352,"OLB","Thomas Davis (CAR)",12,366,"30.6%",-2.44,-2.79,0,4.1,-3.5,-0.25,0,-0.84,-2.39,-0.07,4.32,-2.46,74,18,15,"83.3%",0,0,3,0,"16.7%","4.0%",8,0,0,"57.1%"
2556587,"CB","Cre'von LeBlanc (DET/PHI)",8,264,"52.2%",-2.49,1.15,-0.51,-0.87,-1.86,-0.4,0,-0.25,2.15,-1.05,1.02,-1.96,123,19,14,"73.7%",0,0,0,0,"0.0%","0.0%",7.5,0,1,"47.8%"
2560886,"DB","Greg Stroman (WAS)",12,261,"53.0%",-2.53,-0.32,1.64,-2.31,-1.69,0.16,0,-0.9,0.15,2.22,-2.01,-1.42,125,12,10,"83.3%",0,0,2,1,"16.7%","2.4%",4.5,0,0,"33.8%"
2556828,"CB","Trevor Williams (LAC)",7,215,"61.8%",-2.54,-3.3,-0.06,-10.27,2.47,4.89,3.73,-1.77,-3.15,0.26,-10.27,2.76,122,17,14,"82.4%",0,1,2,0,"11.8%","2.5%",7,0,1,"32.9%"
2552266,"OLB","Anthony Chickillo (PIT)",16,180,"39.1%",-2.56,-0.18,-0.01,-1.84,-0.5,-0.03,0,-1.9,-0.21,0.11,-1.48,-0.3,9,2,2,"100.0%",0,0,0,0,"0.0%","0.0%",0,0,0,"66.7%"
2557958,"CB","Sidney Jones (PHI)",9,227,"43.8%",-2.6,-0.67,0,-1.36,-0.27,-0.31,0,0.68,0.13,0.79,-0.04,0.1,91,13,9,"69.2%",0,0,2,0,"15.4%","2.2%",7,0,0,"49.1%"
496735,"CB","Kareem Jackson (HOU)",16,593,"37.0%",-2.64,-7.53,-0.51,4.74,1.08,-0.69,0.26,-1.35,-7.07,0.99,2.97,2.18,198,30,20,"66.7%",1,0,8,1,"30.0%","5.0%",14,0,3,"50.0%"
2561006,"FS","Marcell Harris (SF)",7,172,"18.2%",-2.64,-1.26,0,-2.03,0.74,-0.08,0,-2.3,-1.19,-0.07,-1.79,0.84,22,3,3,"100.0%",0,0,0,0,"0.0%","0.0%",2,0,0,"40.0%"
2555166,"MLB","Joe Schobert (CLE)",13,527,"20.0%",-2.66,-2.41,0,-0.21,0.18,-0.22,0,-2.02,-2.5,-0.17,0.68,0.19,68,10,6,"60.0%",0,0,3,0,"30.0%","4.4%",1,0,0,"31.7%"
2543811,"CB","Pierre Desir (IND)",15,528,"66.4%",-2.71,-3.77,-0.12,4.57,-2.36,-1.07,0.05,0.74,-2.71,1.4,5.91,-2.83,322,31,22,"71.0%",1,0,4,0,"16.1%","1.6%",17,0,1,"41.2%"
2555307,"OLB","Devante Bond (TB)",10,87,"30.6%",-2.82,-0.52,0.35,-1.72,-0.88,-0.04,0,-2.93,-0.53,0.28,-1.85,-0.79,14,3,3,"100.0%",0,0,0,0,"0.0%","0.0%",2,0,0,"50.0%"
2543501,"CB","Aaron Colvin (HOU)",8,220,"52.4%",-2.86,0.7,-1.5,-1.88,0.16,-0.34,0,-1.72,1.29,-1.21,-1.84,0.38,99,13,10,"76.9%",0,0,1,0,"7.7%","1.0%",5.5,0,1,"56.6%"
2561008,"DB","Ronnie Harrison (JAX)",12,167,"18.0%",-2.87,-1.4,0,-1.64,0.26,-0.09,0,-3.12,-1.24,-0.23,-1.78,0.22,26,5,3,"60.0%",0,0,0,0,"0.0%","0.0%",2.5,0,0,"37.5%"
2533542,"CB","Josh Robinson (NO)",3,19,"44.4%",-2.87,-0.19,-2.34,-0.29,-0.02,-0.03,0,-2.92,-0.19,-2.4,-0.32,0.02,6,1,1,"100.0%",0,0,0,0,"0.0%","0.0%",1,0,0,"66.7%"
2553657,"OLB","Neville Hewitt (NYJ)",8,150,"31.7%",-2.88,-0.63,0,-2.41,0.29,-0.13,0,-2.43,-0.65,0.31,-2.13,0.17,36,6,5,"83.3%",0,0,0,0,"0.0%","0.0%",1.5,0,0,"55.0%"
2560930,"DB","Jordan Whitehead (TB)",15,388,"12.4%",-2.88,-4.14,0,0.41,0.98,-0.14,0,-2.44,-4.03,0.1,0.58,1.07,43,3,2,"66.7%",0,0,1,0,"33.3%","2.3%",2,0,1,"50.0%"
2560982,"CB","Tony Brown (GB)",10,167,"53.0%",-2.94,0.16,-2.34,1.75,-1.32,-1.19,0,-3.44,-0.23,-1.98,1.65,-1.68,87,15,10,"66.7%",0,0,5,2,"33.3%","8.0%",5.5,1,0,"40.4%"
2561527,"CB","Mike Ford (DET)",7,212,"60.7%",-2.94,-0.34,-0.35,-1.49,-0.37,-0.4,0,-0.06,0.03,0.21,0.29,-0.2,120,19,17,"89.5%",0,0,1,0,"5.3%","0.8%",11,0,0,"31.9%"
2560759,"DB","Natrell Jamerson (GB/HOU)",4,54,"44.2%",-2.95,-0.64,-2.63,-0.37,-0.06,0.75,0,-3.43,-0.86,-2.74,-0.44,-0.14,22,1,1,"100.0%",0,0,1,1,"100.0%","9.1%",1,0,0,"66.7%"
2539311,"OLB","Jamie Collins (CLE)",16,599,"20.5%",-2.96,-1.99,0,-0.1,-1.19,0.33,0,-3.67,-2.06,-0.5,-0.54,-0.9,69,8,7,"87.5%",0,0,1,1,"12.5%","2.9%",2,0,0,"42.5%"
2540180,"FS","Tyrann Mathieu (HOU)",16,637,"25.6%",-2.98,-6.46,6.2,-3.15,-3.12,3.55,0,-2.84,-4.89,5.58,-3.63,-3.45,135,14,11,"78.6%",0,1,3,0,"21.4%","3.0%",8,0,3,"46.9%"
2540143,"LB","Alec Ogletree (NYG)",13,473,"17.6%",-3.01,-0.82,0,-1.22,-0.78,-0.18,0,-2.65,-0.52,-0.12,-1.18,-0.65,56,6,6,"100.0%",0,0,0,0,"0.0%","0.0%",2,0,1,"56.1%"
2557980,"FS","Jabrill Peppers (CLE)",16,446,"25.2%",-3.01,-2.23,0,-0.29,-0.21,-0.29,0,-2.3,-2.55,-0.07,0.8,-0.19,87,6,3,"50.0%",0,0,2,0,"33.3%","2.3%",1.5,0,2,"56.2%"
2560746,"CB","Mike Hughes (MIN)",5,109,"49.1%",-3.04,-1.02,0.52,-2.52,0.15,-0.16,0,-2.21,-1.15,0.73,-1.81,0.18,48,6,5,"83.3%",0,0,0,0,"0.0%","0.0%",3,0,0,"42.9%"
2507917,"CB","Tramaine Brock (DEN)",11,259,"57.0%",-3.05,0.57,-1.59,-0.49,-1.09,-0.45,0,0.04,0.03,-0.92,1.7,-0.32,138,19,12,"63.2%",0,0,5,0,"26.3%","3.6%",7,0,0,"51.2%"
2556119,"MLB","Elandon Roberts (NE)",16,216,"22.4%",-3.06,-1.49,0,-0.02,-1.77,0.22,0,-4.27,-1.4,-0.23,-1.13,-1.72,32,6,6,"100.0%",0,0,1,1,"16.7%","6.2%",3,0,0,"42.9%"
2561340,"CB","Tre Herndon (JAX)",4,47,"72.7%",-3.07,0.21,0,-3.19,0.01,-0.1,0,-3.1,0.26,-0.08,-2.99,-0.19,32,4,4,"100.0%",0,0,0,0,"0.0%","0.0%",2,0,0,"42.9%"
2550930,"ILB","Todd Davis (DEN)",15,426,"18.2%",-3.12,-2.77,0,-0.14,-0.03,-0.19,0,-2.93,-2.7,-0.29,-0.21,0.46,55,9,9,"100.0%",0,0,0,0,"0.0%","0.0%",8,0,2,"56.0%"
2560850,"DB","D.J. Reed (SF)",11,198,"24.5%",-3.19,-0.98,0,-3.64,1.57,-0.14,0,-1.43,-0.83,0.39,-2.6,1.74,42,8,8,"100.0%",0,0,0,0,"0.0%","0.0%",4,0,0,"40.0%"
2530510,"CB","Chris Harris (DEN)",11,397,"62.5%",-3.2,-6.81,-2.24,5.74,0.86,-0.75,-0.01,0.08,-6.99,-1.22,7.58,1.48,230,36,26,"72.2%",1,0,4,0,"13.9%","2.2%",17.5,0,2,"41.5%"
2550842,"SS","Adrian Phillips (LAC)",15,436,"15.5%",-3.23,-4.27,0,0.07,0.07,0.91,0,-2.2,-3.93,0.22,-0.15,0.76,56,6,4,"66.7%",0,0,2,1,"33.3%","5.4%",1,0,0,"39.0%"
2555378,"CB","Tavon Young (BAL)",15,401,"49.5%",-3.26,-1.03,2.28,-4.57,0.56,-0.49,0,-0.12,-1.82,3.82,-2.85,1.22,147,18,12,"66.7%",0,0,2,0,"11.1%","1.4%",7,0,1,"50.6%"
2532890,"OLB","Mychal Kendricks (SEA)",4,97,"24.7%",-3.27,-2.15,0,-2.35,1.3,-0.06,0,-3.4,-2.16,-0.04,-2.31,1.17,15,3,3,"100.0%",0,0,0,0,"0.0%","0.0%",1.5,0,0,"33.3%"
2555386,"SS","Sean Davis (PIT)",15,589,"2.4%",-3.29,-0.93,0,-0.65,-1.66,-0.04,0,-2.93,-0.9,-0.02,-0.3,-1.68,14,2,2,"100.0%",0,0,0,0,"0.0%","0.0%",0.5,0,0,"55.6%"
2557840,"CB","Chidobe Awuzie (DAL)",15,519,"64.8%",-3.3,0.33,-0.47,-9.46,2.4,2.48,1.42,7.52,1.35,2.52,-3.47,3.21,319,46,30,"65.2%",0,1,7,0,"15.2%","2.5%",19.5,0,0,"41.2%"
2495617,"CB","Leon Hall (OAK)",10,208,"50.0%",-3.33,-3.9,0,2.43,-1.55,-0.3,0,-2.08,-3.51,0.08,3.15,-1.49,91,9,7,"77.8%",0,0,2,0,"22.2%","2.2%",4,0,0,"55.8%"
2552386,"FS","Clayton Geathers (IND)",12,407,"12.4%",-3.33,-2.53,0,-0.37,-0.29,-0.14,0,-3.06,-2.17,-0.05,-0.39,-0.3,39,2,1,"50.0%",0,0,1,0,"50.0%","2.6%",1,0,1,"39.3%"
2532948,"FS","Harrison Smith (MIN)",15,495,"11.7%",-3.35,-1.81,0,-1.06,-0.32,-0.15,0,-3.99,-1.64,0.14,-2.2,-0.14,43,7,7,"100.0%",0,0,0,0,"0.0%","0.0%",2.5,0,0,"53.3%"
2552686,"OLB","Damien Wilson (DAL)",16,125,"25.3%",-3.36,-0.5,0,-1.48,-1.31,-0.07,0,-1.44,-0.25,0.8,-0.84,-1.08,23,5,4,"80.0%",0,0,0,0,"0.0%","0.0%",3,0,0,"80.0%"
2558064,"OLB","T.J. Watt (PIT)",16,541,"31.2%",-3.43,-0.8,0,-2.85,0.29,-0.07,0,-2.45,-0.68,0.42,-2.88,0.77,21,5,5,"100.0%",0,0,0,0,"0.0%","0.0%",1,0,0,"57.1%"
2543823,"CB","E.J. Gaines (CLE)",4,111,"57.7%",-3.43,-0.94,0.05,-2.49,0.14,-0.19,0,-4.45,-1.54,0.49,-3.07,-0.13,58,9,6,"66.7%",0,0,2,0,"22.2%","3.4%",4,0,0,"46.4%"
2561017,"DB","Sean Chandler (NYG)",11,105,"36.4%",-3.48,1.7,-1.42,-3.47,-0.18,-0.1,0,-2.24,2,-1.38,-2.59,-0.16,29,5,4,"80.0%",0,0,1,0,"20.0%","3.4%",3,0,0,"41.2%"
2561147,"CB","Cornell Armstrong (MIA)",6,42,"61.9%",-3.62,-0.34,0.44,-3.9,0.27,-0.08,0,-3.12,-0.39,0.84,-4.24,0.76,26,7,6,"85.7%",0,0,0,0,"0.0%","0.0%",4,0,0,"27.3%"
496937,"ILB","Sean Lee (DAL)",7,121,"22.2%",-3.66,-0.84,0.32,-3.14,0.07,-0.06,0,-3.75,-0.82,0.13,-3.15,0.15,19,4,4,"100.0%",0,0,0,0,"0.0%","0.0%",1,0,0,"33.3%"
2495251,"CB","Shareece Wright (HOU)",12,349,"61.1%",-3.76,2.09,-1.65,-3.76,0.23,-0.67,0,-6.46,1.22,-0.56,-6.11,-0.35,201,20,14,"70.0%",0,0,4,0,"20.0%","2.0%",8,0,0,"50.0%"
2552261,"CB","Kevin Johnson (HOU)",1,41,"39.0%",-3.78,-1.38,-1.9,-0.72,0.27,-0.05,0,-3.79,-1.34,-1.9,-0.7,0.2,15,1,1,"100.0%",0,0,0,0,"0.0%","0.0%",1,0,1,"37.5%"
2495136,"ILB","Bruce Carter (ATL)",7,43,"13.5%",-3.84,-0.36,0.45,-3.02,-0.89,-0.02,0,-3.93,-0.31,0.47,-3.18,-0.9,5,2,2,"100.0%",0,0,0,0,"0.0%","0.0%",2,0,0,"25.0%"
2558982,"MLB","Hardy Nickerson (CIN)",14,296,"23.1%",-3.88,-2.28,0,-0.97,-0.46,-0.17,0,-2.91,-2.25,0.14,-0.38,-0.24,50,11,9,"81.8%",0,0,1,0,"9.1%","2.0%",3.5,0,0,"46.2%"
2556277,"SS","Marqui Christian (LA)",16,274,"39.2%",-3.9,-1.78,0,-0.66,-1.15,-0.31,0,-1.4,-1.39,0.58,0.86,-1.14,91,11,9,"81.8%",0,0,1,0,"9.1%","1.1%",5.5,0,0,"50.0%"
2557945,"SS","Justin Evans (TB)",10,353,"5.8%",-3.92,-1.55,0,-2.38,0.08,-0.06,0,-3.56,-1.52,-0.07,-2,0.09,19,6,6,"100.0%",0,0,0,0,"0.0%","0.0%",2,0,0,"30.0%"
2560766,"CB","Taron Johnson (BUF)",11,262,"49.6%",-3.96,-7.85,0.43,6.15,-1.91,-0.39,-0.39,-2.99,-7.88,0.56,6.34,-1.23,114,13,9,"69.2%",1,0,2,0,"23.1%","2.6%",5.5,0,2,"43.8%"
2539233,"SS","Shawn Williams (CIN)",16,537,"11.6%",-3.98,-2.27,0,-6.06,-1.04,4.54,0.85,-3.85,-2.05,-0.01,-6.13,-1.04,53,11,10,"90.9%",0,1,0,0,"0.0%","1.9%",6.5,0,0,"36.4%"
2541958,"SS","Jahleel Addae (LAC)",15,565,"2.4%",-4.02,-3.58,0,-0.18,-0.22,-0.04,0,-3.82,-3.5,-0.06,-0.05,-0.16,12,2,2,"100.0%",0,0,0,0,"0.0%","0.0%",2,0,2,"20.0%"
2552391,"FS","Jaquiski Tartt (SF)",7,212,"17.1%",-4.03,-1.42,0,-1.72,-0.79,-0.11,0,-3.66,-1.33,-0.01,-1.54,-0.68,32,4,3,"75.0%",0,0,0,0,"0.0%","0.0%",2.5,0,0,"56.5%"
2556567,"S","Isaiah Johnson (TB)",12,220,"10.3%",-4.04,-2.02,0,-1.83,-0.12,-0.06,0,-3.63,-1.93,0.09,-1.69,-0.03,19,6,5,"83.3%",0,0,1,0,"16.7%","5.3%",3,0,0,"33.3%"
2543874,"FS","Andre Hal (HOU)",8,181,"9.9%",-4.25,-1.33,-0.99,-1.89,0,-0.05,0,-4,-1.2,-0.99,-1.76,0,16,1,1,"100.0%",0,0,0,0,"0.0%","0.0%",0,0,0,"38.5%"
2539309,"SS","T.J. McDonald (MIA)",14,500,"13.7%",-4.29,-4.18,0,0.22,-0.13,-0.2,0,-3.87,-3.77,-0.01,0.44,-0.32,58,9,7,"77.8%",0,0,0,0,"0.0%","0.0%",5.5,0,1,"38.9%"
2532966,"MLB","Bobby Wagner (SEA)",14,525,"18.8%",-4.31,-2.67,0,-1.02,-0.36,-0.26,0,-3.5,-2.24,0.13,-1.08,-0.06,77,11,8,"72.7%",0,0,2,0,"18.2%","2.6%",4.5,0,0,"43.5%"
2555342,"SS","Karl Joseph (OAK)",12,239,"15.1%",-4.34,-2.28,0,-1.86,-0.1,-0.1,0,-4.25,-2.35,0.02,-1.71,-0.11,30,4,3,"75.0%",0,0,0,0,"0.0%","0.0%",2,0,0,"25.0%"
2556394,"CB","Chris Milton (IND)",3,38,"68.6%",-4.4,-0.05,0.34,-4.62,0,-0.08,0,-3.21,0.06,0.43,-3.62,0,24,2,2,"100.0%",0,0,0,0,"0.0%","0.0%",0,0,0,"38.5%"
2533058,"OLB","Vontaze Burfict (CIN)",7,157,"23.0%",-4.42,-3.08,0,-0.55,-0.69,-0.09,0,-4.27,-3.15,0.03,-0.44,-0.61,27,2,2,"100.0%",0,0,0,0,"0.0%","0.0%",1,0,2,"35.3%"
2307,"CB","Orlando Scandrick (KC)",13,508,"60.6%",-4.47,-3.41,-2,-2.94,3.46,-0.56,0.97,-1.52,-5.79,-0.4,0.42,3.85,278,37,23,"62.2%",1,0,9,1,"27.0%","4.0%",16.5,0,9,"41.8%"
2532800,"OLB","Nigel Bradham (PHI)",15,591,"18.6%",-4.48,-4.28,0,-0.48,0.54,-0.26,0,-4.09,-3.77,-0.4,-0.34,0.68,77,6,6,"100.0%",0,0,0,0,"0.0%","0.0%",3.5,0,0,"42.6%"
2550565,"MLB","Adarius Taylor (TB)",15,306,"24.4%",-4.54,-1.59,0,-3,0.24,-0.18,0,-3.11,-1.42,-0.03,-2.04,0.56,51,10,8,"80.0%",0,0,2,0,"20.0%","3.9%",4.5,0,1,"59.5%"
2533056,"MLB","Luke Kuechly (CAR)",16,546,"16.0%",-4.64,-3.3,0,-4.4,3.27,-0.21,0,-4.06,-3.13,-0.13,-4.07,3.47,61,10,10,"100.0%",0,0,0,0,"0.0%","0.0%",5,1,0,"41.4%"
2552255,"CB","Eric Rowe (NE)",4,86,"63.4%",-4.7,0.46,0,-4.49,-0.51,-0.17,0,-4.27,0.51,-0.1,-3.48,-1.04,52,9,7,"77.8%",0,0,1,0,"11.1%","1.9%",5,0,0,"39.0%"
2354,"ILB","Wesley Woodyard (TEN)",14,414,"13.3%",-4.72,-0.6,0,-2.8,-1.2,-0.12,0,-3.75,-0.24,-0.3,-1.98,-1.12,35,5,4,"80.0%",0,0,0,0,"0.0%","0.0%",2,0,0,"34.6%"
2543711,"OLB","Telvin Smith (JAX)",16,551,"16.7%",-4.76,-2.56,0,-0.34,-1.63,-0.23,0,-4.59,-2.29,-0.66,0.14,-1.55,70,14,13,"92.9%",0,0,0,0,"0.0%","0.0%",0,0,0,"55.6%"
1037374,"CB","Sam Shields (LA)",14,249,"62.5%",-4.78,-0.51,-1.95,1.04,-3.55,-0.48,0.67,-3.45,-0.63,-1,0.81,-2.83,141,14,10,"71.4%",1,0,2,0,"21.4%","2.1%",4,0,1,"29.4%"
2558847,"FS","Marcus Williams (NO)",16,597,"1.7%",-4.84,-2.15,0,-2.66,0,-0.03,0,-4.38,-2.16,0.02,-2.22,0,9,4,3,"75.0%",0,0,1,0,"25.0%","11.1%",0,0,1,"28.6%"
2543492,"FS","Lamarcus Joyner (LA)",15,524,"4.1%",-4.86,-1.15,0,0.81,-4.47,-0.06,0,-3.17,-1.06,0.08,2.06,-4.18,19,6,4,"66.7%",0,0,1,0,"16.7%","5.3%",1,0,0,"30.8%"
2556148,"OLB","Jatavis Brown (LAC)",14,380,"20.0%",-4.89,-3.92,0,-1.88,1.1,-0.19,0,-2.72,-3.74,0.37,-0.53,1.36,57,13,11,"84.6%",0,0,1,0,"7.7%","1.8%",8,0,1,"31.2%"
494259,"SS","Barry Church (JAX)",11,355,"12.0%",-4.9,-2.37,0,-0.71,-1.7,-0.12,0,-4.98,-2.19,-0.17,-0.78,-1.73,36,5,5,"100.0%",0,0,0,0,"0.0%","0.0%",3.5,0,0,"65.2%"
2543637,"CB","Terrance Mitchell (CLE)",8,265,"51.0%",-4.91,-1.64,0.09,-4.14,1.21,-0.42,0,-4.54,-3.04,0.33,-3.19,1.78,123,16,11,"68.8%",0,0,3,0,"18.8%","2.4%",6.5,1,2,"50.8%"
2560851,"SS","Justin Reid (HOU)",16,548,"9.2%",-4.91,-3.17,0,-3.15,1.55,-0.15,0,-4.71,-2.63,0.23,-3.52,1.36,45,7,7,"100.0%",0,0,0,0,"0.0%","0.0%",6,0,0,"46.4%"
2555162,"MLB","Deion Jones (ATL)",6,224,"21.3%",-4.92,-1.39,0,-2.96,-0.45,-0.12,0,-4.18,-1.27,-0.12,-2.12,-0.54,34,8,7,"87.5%",0,0,1,0,"12.5%","2.9%",3,0,1,"43.5%"
2556456,"FS","Andrew Adams (TB)",12,216,"19.3%",-4.96,-1.12,0,-3.7,-0.02,-0.12,0,-4.05,-0.94,-0.27,-3.07,0.35,38,7,5,"71.4%",0,0,2,0,"28.6%","5.3%",4,0,0,"43.8%"
2555255,"OLB","De'Vondre Campbell (ATL)",16,531,"24.7%",-5.02,-1.22,0,-3.14,-0.38,-0.29,0,-4.53,-1.11,-0.04,-2.98,-0.11,88,10,8,"80.0%",0,0,0,0,"0.0%","0.0%",5.5,0,0,"50.8%"
2560917,"LB","Fred Warner (SF)",15,549,"17.9%",-5.07,-4.53,0,-0.46,0.18,-0.25,0,-4.92,-4.32,-0.04,-0.55,0.24,74,10,10,"100.0%",0,0,0,0,"0.0%","0.0%",6,0,1,"39.1%"
2539334,"CB","Desmond Trufant (ATL)",16,627,"61.3%",-5.07,-6.01,-0.72,2.04,0.8,-1.18,0,0.9,-7.12,2.16,5.04,2,349,45,34,"75.6%",0,0,10,0,"22.2%","2.9%",23,0,4,"45.0%"
2556934,"CB","Javien Elliott (TB)",11,222,"40.6%",-5.14,-1.34,0,-3.93,0.38,-0.25,0,-5.34,-1.22,0.15,-4.41,0.39,74,7,7,"100.0%",0,0,0,0,"0.0%","0.0%",4,0,0,"42.2%"
2556480,"SS","Kentrell Brice (GB)",14,361,"11.5%",-5.27,-0.61,0,-3.01,-1.53,-0.12,0,-4.71,-0.5,-0.06,-2.62,-1.42,35,9,8,"88.9%",0,0,1,0,"11.1%","2.9%",4,0,0,"60.0%"
2495504,"CB","Patrick Peterson (ARI)",16,569,"53.4%",-5.31,-5.86,-0.75,3.27,-1.03,-0.94,0,-3.72,-5.7,0.06,3.31,-0.43,275,17,11,"64.7%",2,0,1,0,"17.6%","1.1%",5,0,1,"37.7%"
2495872,"CB","Johnathan Joseph (HOU)",14,485,"52.4%",-5.37,-10.35,5.1,1.36,-1.76,0.29,0,-2.07,-10.14,6.73,2.15,-1.09,237,26,16,"61.5%",0,0,7,1,"26.9%","3.4%",9,0,1,"40.8%"
2539943,"FS","D.J. Swearinger (WAS)",15,565,"14.3%",-5.4,-3.91,0,-0.27,-0.99,-0.24,0,-4.98,-3.61,-0.12,-0.09,-0.91,70,6,4,"66.7%",0,0,1,0,"16.7%","1.4%",3,0,1,"55.9%"
2532875,"CB","Janoris Jenkins (NYG)",16,602,"56.4%",-5.43,-2.77,-2.56,-0.78,0.46,0.23,-0.01,1.23,-2.22,-1.31,3.85,0.69,314,40,26,"65.0%",1,0,11,2,"30.0%","4.5%",14,0,2,"33.5%"
2556443,"SS","Sharrod Neasman (ATL)",11,253,"22.0%",-5.48,-1.47,0,-3.81,-0.03,-0.16,0,-5.85,-1.42,0.13,-4.41,0,48,6,5,"83.3%",0,0,1,0,"16.7%","2.1%",3,0,1,"57.1%"
2533060,"CB","Dre Kirkpatrick (CIN)",13,458,"65.7%",-5.48,0.23,-1.29,-3.78,0.27,-0.92,0,-2.57,-1.13,0.42,-1.67,0.73,275,34,20,"58.8%",0,0,7,0,"20.6%","2.5%",14,0,5,"44.6%"
2558976,"CB","Kenny Moore II (IND)",15,514,"44.7%",-5.53,-10.29,2.99,-0.66,3.08,-0.64,0,-2.91,-9,3.38,-0.32,3.67,192,23,15,"65.2%",0,0,4,0,"17.4%","2.1%",11,1,2,"33.0%"
2555528,"OLB","Nick Vigil (CIN)",11,406,"29.4%",-5.53,-2.16,0,-1.14,-1.96,-0.27,0,-6.27,-2.03,-0.52,-1.34,-2.1,81,15,13,"86.7%",0,0,1,0,"6.7%","1.2%",9,0,0,"41.7%"
2499278,"OLB","Malcolm Smith (SF)",12,179,"22.8%",-5.66,-1.37,0,-2.8,-1.41,-0.08,0,-4.61,-1.28,0.42,-2.21,-1.46,26,4,4,"100.0%",0,0,0,0,"0.0%","0.0%",3,0,1,"65.0%"
2555551,"CB","LeShaun Sims (TEN)",12,120,"51.4%",-5.76,-0.82,-0.8,-3.95,-0.02,-0.17,0,-5.2,-0.76,-0.81,-3.62,0.16,52,4,4,"100.0%",0,0,0,0,"0.0%","0.0%",2,0,1,"24.4%"
2495343,"CB","Buster Skrine (NYJ)",14,401,"51.5%",-5.76,-2.2,0.49,-6.97,2.21,0.71,0,-5.2,-1.39,0.4,-7.72,2.8,177,30,22,"73.3%",0,0,5,2,"16.7%","4.0%",15.5,1,2,"42.3%"
2552296,"OLB","Kyle Emanuel (LAC)",13,88,"16.4%",-5.76,-0.45,-0.72,-1.44,-3.12,-0.03,0,-5.38,-0.47,-0.62,-1.56,-2.7,8,2,2,"100.0%",0,0,0,0,"0.0%","0.0%",1,0,0,"0.0%"
2555546,"CB","Rashard Robinson (NYJ)",4,49,"57.8%",-5.89,0.01,-0.72,-4.87,-0.22,-0.08,0,-5.6,0.1,-0.49,-4.85,-0.27,25,6,6,"100.0%",0,0,0,0,"0.0%","0.0%",4.5,0,0,"14.3%"
2532986,"OLB","Tahir Whitehead (OAK)",16,508,"22.5%",-5.98,-3.39,0,-4.62,2.32,-0.29,0,-4.71,-3.43,0.24,-4.66,3.42,85,13,10,"76.9%",0,0,2,0,"15.4%","2.4%",4.5,0,2,"45.4%"
2543720,"OLB","Christian Kirksey (CLE)",7,275,"24.5%",-5.99,-1.71,0,-4.96,0.82,-0.14,0,-4.62,-1.55,0.34,-4.65,1.37,40,5,5,"100.0%",0,0,0,0,"0.0%","0.0%",1,0,1,"66.7%"
2558157,"CB","Ahkello Witherspoon (SF)",12,360,"64.9%",-6.02,-2.98,0.19,-0.81,-1.68,-0.74,0,0.19,-2.7,3.59,1.45,-1.41,216,28,16,"57.1%",0,0,3,0,"10.7%","1.4%",7.5,0,5,"43.8%"
2558094,"ILB","Zach Cunningham (HOU)",14,440,"23.9%",-6.04,-3.15,0,-0.91,-1.72,-0.26,0,-7.14,-2.55,-0.41,-1.94,-1.98,75,16,13,"81.2%",0,0,2,0,"12.5%","2.7%",5.5,0,0,"38.6%"
2550257,"SS","Daniel Sorensen (KC)",7,202,"19.5%",-6.07,0.02,0,-3.52,-2.46,-0.11,0,-5.99,0.11,0.09,-3.67,-2.42,30,5,4,"80.0%",0,0,0,0,"0.0%","0.0%",3,0,1,"66.7%"
2558171,"CB","Corn Elder (CAR)",6,35,"37.5%",-6.14,-0.41,-1.58,-4.11,0,-0.04,0,-6.32,-0.41,-1.39,-4.49,0,12,2,1,"50.0%",0,0,0,0,"0.0%","0.0%",0,0,0,"0.0%"
2555344,"CB","Artie Burns (PIT)",8,181,"63.8%",-6.16,-1.62,0,-4.62,0.43,-0.36,0,-4.51,-1.9,0.42,-3.5,0.83,106,11,9,"81.8%",0,0,0,0,"0.0%","0.0%",4,0,0,"35.6%"
2555394,"CB","Daryl Worley (OAK)",10,228,"62.8%",-6.32,-4.69,-0.36,-0.17,-0.65,-0.44,0,-4.47,-5.3,0.62,1.22,-0.57,135,18,12,"66.7%",0,0,4,0,"22.2%","3.0%",9,0,0,"40.7%"
2530491,"ILB","Josh Bynes (ARI)",11,370,"20.2%",-6.41,-2.84,0,-2.59,-0.8,-0.17,0,-4.09,-2.18,0.22,-1.25,-0.71,53,5,4,"80.0%",0,0,1,0,"20.0%","1.9%",1,0,0,"35.5%"
2543597,"ILB","Avery Williamson (NYJ)",16,627,"16.5%",-6.43,-2.49,0,-1.85,-1.85,-0.24,0,-6.65,-2.41,-0.18,-2.32,-1.51,70,11,8,"72.7%",0,0,1,0,"9.1%","1.4%",5,0,3,"42.6%"
2550654,"CB","K'Waun Williams (SF)",13,351,"47.6%",-6.48,-5.24,0.28,-0.55,-0.48,-0.49,0,-3.71,-3.85,0.5,0.75,-0.62,143,15,11,"73.3%",0,0,1,0,"6.7%","0.7%",6,0,2,"61.0%"
2543474,"CB","Darqueze Dennard (CIN)",13,412,"56.1%",-6.51,-3.07,1.04,-8.99,5.22,-0.7,0,-5.15,-3.6,1.63,-8.11,5.64,212,30,22,"73.3%",0,0,5,0,"16.7%","2.4%",14.5,1,1,"57.5%"
2557837,"OLB","Reuben Foster (SF)",6,198,"19.6%",-6.63,-0.47,0,-4.25,-1.81,-0.09,0,-5.81,-0.44,0.15,-3.81,-1.62,28,7,6,"85.7%",0,0,1,0,"14.3%","3.6%",2,0,1,"50.0%"
2541200,"CB","Rashaan Melvin (OAK)",14,330,"65.6%",-6.63,-1.5,0.67,-7.61,1.38,0.35,0.08,-2.32,-2.41,2.55,-4.77,1.88,198,27,19,"70.4%",1,0,4,1,"18.5%","3.0%",11,0,2,"41.4%"
2560908,"LB","Leighton Vander Esch (DAL)",16,455,"22.6%",-6.7,-5.79,0,-3.21,2.57,-0.27,0,-7.42,-4.85,-0.42,-4.57,2.69,84,13,11,"84.6%",0,0,2,0,"15.4%","2.4%",11,0,0,"42.9%"
2556278,"FS","Will Parks (DEN)",15,327,"28.2%",-6.74,-1.38,0,-4.54,-0.57,-0.25,0,-5.29,-1.24,0.5,-3.51,-0.79,78,9,6,"66.7%",0,0,1,0,"11.1%","1.3%",2.5,0,0,"53.5%"
2552488,"CB","Marcus Peters (LA)",16,525,"47.0%",-6.77,-6.82,1.62,-5.95,0.29,-0.76,4.85,-1.58,-7.31,3.19,-2.45,0.91,226,28,19,"67.9%",1,0,3,0,"14.3%","1.8%",8,0,4,"38.6%"
2553796,"CB","Quinton Dunbar (WAS)",7,227,"63.1%",-6.8,1.64,0,-3.6,-4.39,-0.45,0,-6.82,0.03,0.46,-3.41,-3.44,137,20,16,"80.0%",0,0,3,0,"15.0%","2.2%",11.5,0,0,"37.5%"
2560713,"LB","Tremaine Edmunds (BUF)",15,505,"21.1%",-6.88,-6.34,0,-1.83,-1.25,2.48,0.07,-5.11,-5.95,0.06,-0.79,-0.98,77,19,16,"84.2%",0,1,4,1,"21.0%","7.8%",8,0,2,"37.8%"
2559087,"CB","Arthur Maulet (IND)",4,61,"60.7%",-6.91,-1.03,-0.1,-1.6,-4.07,-0.12,0,-6.41,-1.11,0.2,-1.72,-3.66,36,4,4,"100.0%",0,0,0,0,"0.0%","0.0%",3.5,0,0,"31.2%"
2532920,"CB","Josh Norman (WAS)",16,599,"60.1%",-6.99,-1.54,-0.54,-9.76,3.2,-0.86,2.51,-3.29,-2.73,1.95,-8.6,4.44,323,34,27,"79.4%",2,0,4,1,"17.6%","2.2%",15.5,1,5,"41.7%"
2495153,"FS","Marcus Gilchrist (OAK)",16,453,"16.7%",-7,-3.81,0,-4.94,1.96,-0.23,0.03,-6.42,-4.01,0.57,-4.84,2.06,66,13,10,"76.9%",2,0,1,0,"23.1%","4.6%",3,0,0,"46.5%"
494287,"FS","Devin McCourty (NE)",16,625,"16.1%",-7.03,-2.53,0,-4.85,0.64,-0.29,0,-6.69,-2.01,-0.31,-4.82,0.75,90,13,10,"76.9%",0,0,2,0,"15.4%","2.2%",6,0,0,"37.7%"
2558851,"ILB","Anthony Walker (IND)",15,353,"24.4%",-7.06,-4.96,0,-1.76,-0.11,-0.23,0,-6.59,-4.45,-0.27,-1.59,-0.05,68,9,7,"77.8%",0,0,0,0,"0.0%","0.0%",3.5,0,0,"23.1%"
2560760,"SS","Derwin James (LAC)",15,568,"28.0%",-7.09,-7.41,3.18,-5.85,-0.44,3.33,0.1,-7.05,-7.19,3.43,-6.37,-0.35,121,9,8,"88.9%",0,1,2,0,"22.2%","2.5%",2.5,0,1,"50.6%"
2557867,"CB","Tre'Davious White (BUF)",16,526,"63.4%",-7.09,-9.71,1.2,-1.86,2.03,1.25,0,-2.13,-10.24,3.13,0.66,3.07,306,25,18,"72.0%",0,0,5,2,"20.0%","2.3%",11.5,0,6,"40.6%"
2540170,"CB","David Amerson (ARI)",6,150,"53.4%",-7.1,-4.6,1.08,-3.45,0.11,-0.24,0,-6.68,-4.9,1.4,-2.9,-0.03,72,4,3,"75.0%",0,0,0,0,"0.0%","0.0%",2,0,1,"44.4%"
2543459,"OLB","Anthony Barr (MIN)",12,378,"21.6%",-7.1,-1.56,0,-4.92,-0.45,-0.18,0,-6.46,-1.53,0.04,-4.62,-0.18,51,5,5,"100.0%",0,0,0,0,"0.0%","0.0%",0,0,0,"58.8%"
2555345,"DB","Su'a Cravens (DEN)",5,85,"37.5%",-7.2,-1.67,0.2,-5.54,-0.09,-0.09,0,-6.19,-1.74,0.4,-5.1,0.34,27,6,6,"100.0%",0,0,0,0,"0.0%","0.0%",2.5,0,1,"50.0%"
2556571,"CB","Jonathan Jones (NE)",16,353,"47.7%",-7.33,-5.53,0.19,-0.8,-0.68,-0.49,-0.01,-7.18,-4.95,0.34,-1.96,-0.1,145,23,17,"73.9%",1,0,1,0,"8.7%","1.4%",9,0,4,"36.5%"
2543830,"FS","Tre Boston (ARI)",14,502,"7.0%",-7.37,-2.25,0,-4.45,-0.57,-0.1,0,-6.71,-2.08,-0.02,-3.81,-0.7,29,5,4,"80.0%",0,0,1,0,"20.0%","3.4%",1,0,0,"14.3%"
2555310,"MLB","Jaylon Smith (DAL)",16,562,"18.2%",-7.42,-4.35,0,-3.19,-0.73,0.86,0,-6.26,-3.51,-0.32,-2.76,-0.52,71,9,8,"88.9%",0,0,2,1,"22.2%","4.2%",7,0,1,"32.5%"
2561039,"CB","Carlton Davis (TB)",13,396,"66.0%",-7.42,-0.99,-2.91,-0.2,-2.53,-0.8,0,-6.34,-2.01,-1.44,0.25,-2.34,232,24,17,"70.8%",0,0,4,1,"16.7%","2.2%",9,0,5,"41.7%"
2560877,"LB","Roquan Smith (CHI)",16,567,"26.5%",-7.55,-2.67,0.2,-7.75,-1.81,5.38,-0.9,-6.82,-1.89,-0.12,-7.9,-1.39,117,21,20,"95.2%",0,1,0,0,"0.0%","0.8%",17,0,1,"58.3%"
2543464,"ILB","C.J. Mosley (BAL)",15,548,"13.5%",-7.8,-2.08,0,1.13,-6.7,-0.14,0,-7.1,-2.24,0.1,1.78,-6.6,43,12,10,"83.3%",0,0,1,0,"8.3%","2.3%",5.5,0,0,"30.0%"
2555530,"FS","Vonn Bell (NO)",16,499,"24.1%",-7.98,-4.32,2.14,-4.24,-1.23,-0.34,0,-6.57,-3.88,2.47,-4.01,-0.81,102,12,9,"75.0%",0,0,1,0,"8.3%","1.0%",6,0,0,"63.3%"
2558259,"CB","Shaquill Griffin (SEA)",15,532,"66.6%",-8.1,-2.99,-2.17,-5.53,3.69,-1.09,0,-4.88,-3.77,-0.74,-3.84,4.57,329,38,28,"73.7%",0,0,5,0,"13.2%","1.5%",18.5,0,3,"47.5%"
2560887,"CB","Chandon Sullivan (PHI)",4,47,"44.7%",-8.11,-0.37,0.35,-7.88,-0.14,-0.07,0,-7.11,-0.24,0.46,-7.08,-0.17,21,4,4,"100.0%",0,0,0,0,"0.0%","0.0%",3,0,0,"27.3%"
2505708,"FS","Mike Adams (CAR)",16,553,"15.7%",-8.16,-2.72,0,-4.46,-0.73,-0.24,0,-6.75,-2.4,0.31,-4.22,-0.2,70,13,12,"92.3%",0,0,0,0,"0.0%","0.0%",8.5,0,1,"53.7%"
2557967,"OLB","Duke Riley (ATL)",14,233,"17.4%",-8.18,-1.61,0,-1.2,-5.26,-0.12,0,-7.39,-1.64,0.17,-0.88,-4.92,35,4,3,"75.0%",0,0,1,0,"25.0%","2.9%",1,0,1,"29.4%"
2495507,"CB","Richard Sherman (SF)",13,455,"60.2%",-8.43,-4.29,-1.1,-3.38,1.18,-0.84,0,-7.43,-4.87,-0.43,-2.22,0.93,251,19,13,"68.4%",0,0,3,0,"15.8%","1.2%",7,0,2,"37.7%"
2552447,"OLB","Shaq Thompson (CAR)",14,332,"26.2%",-8.45,-3.08,0,-4.69,-0.5,-0.18,0,-6.35,-2.9,0.01,-2.75,-0.53,52,12,11,"91.7%",0,0,0,0,"0.0%","0.0%",8,0,0,"68.2%"
2541832,"SS","Jeff Heath (DAL)",16,580,"20.1%",-8.48,-5.96,-1.28,-0.01,-0.88,-0.34,0,-8.02,-4.5,-1.92,-0.59,-0.66,96,14,11,"78.6%",0,0,1,0,"7.1%","1.0%",9.5,0,1,"62.5%"
2541243,"FS","Duron Harmon (NE)",16,426,"3.0%",-8.63,-1.15,0,-4.32,-3.14,-0.03,0,-7.51,-1.11,0.17,-3.89,-2.65,9,5,5,"100.0%",0,0,0,0,"0.0%","0.0%",3,0,1,"42.9%"
2558801,"OLB","Jordan Evans (CIN)",14,246,"28.7%",-8.68,-3.76,0,-4.8,0.08,-0.2,0,-7.21,-3.19,-0.04,-3.93,0.15,57,7,7,"100.0%",0,0,0,0,"0.0%","0.0%",1,0,0,"54.0%"
2550164,"CB","T.J. Carrie (CLE)",16,562,"58.0%",-8.74,-0.05,-1.44,-5.27,-0.99,-0.98,0,-4.52,-1.31,0.38,-2.74,0.14,291,33,22,"66.7%",0,0,4,0,"12.1%","1.4%",16.5,0,7,"45.5%"
2540197,"CB","Nickell Robey-Coleman (LA)",16,378,"48.0%",-8.8,-5.87,0.58,-2.47,-0.49,-0.55,0,-7.42,-5.79,0.76,-1.61,-0.24,162,9,7,"77.8%",0,0,2,0,"22.2%","1.2%",5,0,2,"42.3%"
2532877,"CB","Trumaine Johnson (NYJ)",10,379,"56.9%",-8.89,-3.46,0.37,-7.79,0.88,-0.68,1.78,-5.45,-3.85,1.91,-6.7,2.08,203,19,16,"84.2%",2,0,0,0,"10.5%","1.0%",11,0,2,"35.0%"
2558065,"CB","Adoree' Jackson (TEN)",16,537,"54.7%",-9.03,-4.95,4.74,-8.69,-1.75,-0.89,2.52,0.22,-5.05,6.18,-2.79,0.25,273,41,30,"73.2%",2,0,4,0,"14.6%","2.2%",20,0,2,"38.2%"
2560819,"CB","Nick Nelson (OAK)",10,164,"55.5%",-9.26,-1.04,0,-5.79,-2.16,-0.27,0,-7.17,-1.18,0.24,-4.71,-1.24,80,11,8,"72.7%",0,0,1,0,"9.1%","1.2%",3,0,0,"30.2%"
2533059,"CB","Morris Claiborne (NYJ)",15,572,"67.1%",-10.01,-5.28,-3.17,1.62,-1.93,-1.2,-0.04,-5.85,-6.73,0.65,2.23,-0.76,358,38,25,"65.8%",1,0,6,0,"18.4%","2.0%",15,0,5,"30.0%"
2556445,"CB","Brian Poole (ATL)",16,531,"41.4%",-10.12,-7.27,2.37,-3.53,-1.06,-0.63,0,-9.08,-6.6,2.53,-3.23,-1.14,186,23,18,"78.3%",0,0,1,0,"4.3%","0.5%",15,0,1,"43.8%"
2539935,"OLB","Kiko Alonso (MIA)",15,525,"19.3%",-10.44,-4.36,0,-4.7,-1.55,0.17,0,-10.13,-3.94,-0.19,-4.19,-1.98,71,12,11,"91.7%",0,0,0,1,"0.0%","1.4%",3,0,0,"56.4%"
2532861,"CB","Casey Hayward (LAC)",15,560,"67.7%",-10.61,-5.48,1,-6.74,0.37,0.25,0,-9.89,-7.6,3.85,-8.13,1.75,345,31,22,"71.0%",0,0,4,2,"12.9%","1.7%",11.5,0,2,"50.5%"
2533008,"ILB","Demario Davis (NO)",16,545,"19.2%",-10.65,-4.04,0,-5.61,-1,0,0,-8.6,-3.68,-0.1,-4.9,0.07,65,9,9,"100.0%",0,0,1,1,"11.1%","3.1%",4.5,0,1,"50.0%"
79848,"SS","Malcolm Jenkins (PHI)",16,680,"27.5%",-10.69,-3.24,-0.5,-5.22,-1.26,-0.48,0,-8.87,-2.31,-1.06,-4.4,-0.62,147,11,9,"81.8%",0,0,2,0,"18.2%","1.4%",7,0,1,"51.6%"
2552315,"MLB","Jordan Hicks (PHI)",12,461,"14.2%",-11.03,-3.77,0,-2.06,-5.05,-0.16,0,-10.78,-3.54,-0.52,-1.75,-4.81,50,7,7,"100.0%",0,0,0,0,"0.0%","0.0%",4,0,1,"32.1%"
2558136,"CB","Fabian Moreau (WAS)",16,528,"52.1%",-11.07,-2.6,1.37,-6.32,-2.69,-0.83,0,-8.36,-1.35,1.46,-5.31,-2.32,246,27,21,"77.8%",0,0,2,0,"7.4%","0.8%",12,1,5,"46.1%"
2555175,"CB","James Bradberry (CAR)",16,578,"58.3%",-11.25,-6.05,0.85,-6.33,1.33,-1.04,0,-2.56,-6.65,4.41,-0.7,1.42,314,48,32,"66.7%",0,0,9,0,"18.8%","2.9%",20.5,0,1,"41.0%"
2540155,"CB","Xavier Rhodes (MIN)",13,381,"70.3%",-11.32,-1.59,-2.43,-4.53,-3.4,0.64,0,-4.38,-3.44,1.8,-1.54,-1.84,248,32,24,"75.0%",0,0,5,1,"15.6%","2.4%",15,0,6,"44.8%"
2553790,"CB","DeVante Bausby (PHI)",4,90,"61.8%",-11.34,-3.12,-0.18,-3.38,-4.48,-0.17,0,-10.47,-2.94,0.14,-3.28,-4.22,51,8,8,"100.0%",0,0,0,0,"0.0%","0.0%",4,0,1,"22.2%"
2557955,"CB","Teez Tabor (DET)",10,169,"58.5%",-11.46,2.84,0.28,-13.5,-0.77,-0.31,0,-12.51,2.17,1.09,-14.64,-0.82,88,11,11,"100.0%",0,0,0,0,"0.0%","0.0%",9,0,1,"54.6%"
2559164,"CB","Michael Davis (LAC)",13,362,"64.1%",-11.85,-5.4,1.67,-5.45,-2.07,-0.61,0,-10.56,-7.06,2.93,-3.94,-1.88,211,28,22,"78.6%",0,0,6,1,"21.4%","3.3%",16.5,0,3,"40.3%"
2561001,"CB","Grant Haley (NYG)",10,264,"56.6%",-11.9,0.55,1.63,-8.23,-5.41,-0.43,0,-10.41,1.79,1.41,-8.58,-4.6,125,16,13,"81.2%",0,0,1,0,"6.2%","0.8%",8,0,0,"45.6%"
2552448,"CB","Trae Waynes (MIN)",13,368,"63.3%",-12.22,-3.46,0.17,-8.53,0.33,-0.73,0,-10.85,-4.79,0.37,-6.67,0.97,214,24,20,"83.3%",0,0,4,0,"16.7%","1.9%",13.5,0,2,"52.1%"
2539932,"CB","Jamar Taylor (ARI/DEN)",11,161,"55.5%",-12.99,-5.44,-1.69,-5.91,0.32,-0.28,0,-8.9,-5.11,-1.57,-2.94,1,80,12,10,"83.3%",0,0,0,0,"0.0%","0.0%",5,0,3,"42.2%"
2560755,"CB","Josh Jackson (GB)",16,434,"60.3%",-13.02,-0.19,-2.11,-8.6,-1.34,-0.78,0,-10.96,-0.39,-1.22,-7.7,-0.88,235,28,19,"67.9%",0,0,7,0,"25.0%","3.0%",10,0,4,"42.8%"
2539338,"CB","B.W. Webb (NYG)",16,576,"59.8%",-13.33,0.54,-0.26,-11.27,-1.29,-1.05,0,-6.82,1.95,1.31,-8.48,-0.56,309,27,19,"70.4%",0,0,4,0,"14.8%","1.3%",11.5,0,3,"37.8%"
2543851,"CB","Phillip Gaines (BUF/CLE)",9,214,"63.9%",-13.54,-0.31,-1.52,-11.66,0.37,-0.42,0,-10.33,-0.29,-0.23,-10.25,0.86,119,16,13,"81.2%",0,0,1,0,"6.2%","0.8%",9,0,2,"46.6%"
2559053,"CB","Torry McTyer (MIA)",13,212,"53.8%",-13.6,-2.06,-0.3,-11.44,-0.51,0.71,0,-12.9,-2.37,-0.14,-11.02,-0.07,101,15,13,"86.7%",0,0,0,1,"0.0%","1.0%",7.5,0,3,"43.1%"
2507817,"SS","Rafael Bush (BUF)",14,250,"46.2%",-14.32,-5.03,-0.59,-1.9,-6.46,-0.33,0,-13.15,-4.91,-0.59,-1.58,-5.74,99,10,10,"100.0%",0,0,0,0,"0.0%","0.0%",7,0,0,"36.2%"
2556735,"CB","Ken Crawley (NO)",9,251,"59.3%",-15.01,-4.51,1.71,-13.74,2,-0.47,0,-11.25,-4.27,3.17,-12.24,2.57,137,23,18,"78.3%",0,0,4,0,"17.4%","2.9%",10,0,3,"39.3%"
2560952,"CB","Jaire Alexander (GB)",13,435,"56.9%",-15.43,0.44,-1.81,-14.44,1.11,-0.75,0,-9.2,0.6,-0.25,-10.6,1.79,223,40,26,"65.0%",0,0,5,0,"12.5%","2.2%",21.5,0,0,"50.4%"
2552484,"CB","P.J. Williams (NO)",15,483,"55.7%",-16.06,-5.72,0.7,-10.53,-1.95,1.43,0,-12.41,-4.49,0.65,-8.59,-1.41,233,21,16,"76.2%",0,0,4,1,"19.0%","2.1%",10,0,3,"55.8%"
2553536,"CB","Troy Hill (LA)",12,235,"51.5%",-16.54,-6.41,0.78,-7.82,-1.94,-0.38,-0.78,-14.96,-6.39,1.55,-7.05,-1.92,113,14,11,"78.6%",1,0,2,0,"21.4%","2.6%",1,0,1,"25.7%"
2558009,"FS","Budda Baker (ARI)",14,491,"47.0%",-16.89,-2.93,-1.81,-7.48,-4.08,-0.59,0,-13.36,-2.1,-1.95,-5.72,-3.01,173,20,17,"85.0%",0,0,1,0,"5.0%","0.6%",9,0,4,"61.9%"
2495108,"CB","Prince Amukamara (CHI)",15,585,"64.8%",-18.56,5.09,-2.79,-13.72,-5.95,-1.19,0,-12.99,3.31,0.83,-11.71,-4.22,356,48,35,"72.9%",0,0,8,0,"16.7%","2.2%",20.5,0,6,"45.3%"
2552434,"CB","Bobby McCain (MIA)",14,426,"59.2%",-18.61,-9.31,-1.3,-6.66,-1.63,0.28,0,-16.27,-8.93,-0.78,-6.11,-0.73,227,27,21,"77.8%",0,0,2,1,"7.4%","1.3%",10,0,1,"44.1%"
2506861,"CB","Brent Grimes (TB)",13,427,"58.4%",-18.97,-9.92,0.24,-10.78,2.27,-0.78,0,-17.24,-11.07,1.25,-9.73,3.08,235,30,22,"73.3%",0,0,4,0,"13.3%","1.7%",13.5,0,2,"45.7%"
2558168,"CB","Rasul Douglas (PHI)",12,362,"53.8%",-19.01,-3.09,0.3,-9.79,-5.48,-0.6,-0.35,-13.71,-2.26,1.09,-5.99,-5.61,182,25,22,"88.0%",1,0,0,0,"4.0%","0.6%",11,0,0,"31.6%"
2560728,"CB","Tre Flowers (SEA)",14,514,"59.5%",-19.42,-6.92,-1.66,-1.91,-7.99,-0.94,0,-16.65,-7.66,-0.44,-0.73,-6.87,283,25,18,"72.0%",0,0,3,0,"12.0%","1.1%",10.5,0,3,"35.9%"
2555383,"CB","Jalen Mills (PHI)",8,310,"52.9%",-19.99,-8.3,-0.58,-6.95,-3.85,-0.31,0,-14.17,-7.79,1.37,-4.78,-2.66,152,25,19,"76.0%",0,0,6,1,"24.0%","4.6%",10,0,1,"30.1%"
2539653,"CB","Robert Alford (ATL)",15,554,"69.3%",-20.63,-3.3,1.5,-12.41,-5.23,-1.2,0,-16.56,-4.81,4.9,-10.71,-4.74,352,47,37,"78.7%",0,0,8,0,"17.0%","2.3%",24.5,0,7,"43.4%"
2543505,"CB","Bradley Roby (DEN)",14,517,"64.0%",-20.71,-3.32,0.21,-12.07,-6.95,-1.04,2.47,-16.94,-4.32,2.23,-10.48,-5.79,308,45,32,"71.1%",1,0,8,0,"20.0%","2.9%",12,1,2,"38.0%"
2560753,"CB","Donte Jackson (CAR)",15,524,"55.3%",-21.57,-6.47,1.33,-13.24,-1.99,-0.89,-0.31,-19.55,-7.37,2.65,-12.38,-1.24,271,29,22,"75.9%",2,0,2,0,"13.8%","1.5%",13.5,0,2,"47.0%"
